3,Action,Offline
FARx.DE.01.234,"A user can initiate data entry of a new Rx via following:

Main Menu or Patient Profile: System shall continue processing through FARx.DE.01.01

Triage Queue (QT) / Drive Thru Queue (QD): System shall continue processing through FARx.DE.01.235 *


User selects Process Hard Copy Request of a new prescription Hard Copy Request Detail screen (Hard Copy Request was created on a prescription-fill = 00)* (Refer to DE.01.366)


User selects Process Diagnosis Code Request of a new prescription Diagnosis Code Detail screen (Diagnosis Code Request was created on a prescription-fill = 00)* (Refer to DE.01.514)


User selects to create a new prescription for TP Plan Benefit Consult Request*: System shall continue processing through DE.01 – Flow 11


User selects to Edit from an Auto Process Error Exception due to Missing Data Entry Fields: System shall continue to DE.01.1202
User selects to continue from Savings Finder – MFR Coupon Screen for an On-Hold prescription :System shall continue to DE.01.1775
User selects to Continue from Savings Finder – Fill Selected Drug Screen for an On-Hold Prescription : System shall continue to DE.01.1776
User selects to Continue from Savings Finder – Discount Card Screen for an On-Hold Prescription : System shall continue to DE.01.1177
User selects “New Rx” from the PCC detailed view -System shall continue to DE.01.2095
User selects “Vaccine Clinic Data Entry (V)” from main menu, selects a Vaccine and a Patient from Vaccine Clinic Details screen and then continues to New Rx Screen. (as a part of Vaccine Clinic Process)
System shall continue from Alternate Flow 20.

User selects to Fill an Immunization Gap from Immunization Profile.
System shall continue to Alternate Flow 24.

User navigates to Data Entry from ""New Rx - Immunization Request"" item opened from QT.
System shall continue to Alternate Flow 24.

* Note: New Rx data entry not available during offline thru Triage Queue / Drive Thru Queue or Process Hard Copy Request, Process Diagnosis Code Request, or TP Plan Benefit Consult Request",Yes*
FARx.DE.01.01,"If user selects to fill a new Rx via Main Menu or Patient Profile, the user must perform the following:

Search and select the patient in the system. If the desired patient is not found in the system, the user can add the patient in the system and proceed. Refer Functional Activity Document FARx.PA.00 Search Patient and FARx.PA.02 Patient Add.
On selecting the patient, the system shall display the Standard Patient Header (Refer to FARx.PA.01.18)
Data Entry fields as per Alternate Flow 26",Yes
FARx.DE.01.235,"If the user selects to fill a ‘New Rx’ via Triage Queue, the system shall display “New Prescription” screen for data entry with
Standard Patient Header (Refer to FARx.PA.01.18)
Data Entry fields as per Alternate Flow 4",No
FARx.DE.01.366,"If the user selects to fill a ‘New Rx’ via selecting ‘Process Hard Copy Request’, the system shall display “New Prescription” screen for data entry with
Standard Patient Header (Refer to FARx.PA.01.18)
Data Entry fields as per Alternate Flow 6",No
FARx.DE.01.514,"If the user selects to fill a ‘New Rx’ via selecting ‘Process Diagnosis Code Request’ (Refer to FARx.QR.22.05), the system shall display “New Prescription” screen for data entry with
Standard Patient Header (Refer to FARx.PA.01.18)
Data Entry fields as per Alternate Flow 6",No
FARx.DE.01.1202,"If the user selects to fill a ‘New Rx’ via Auto Process Exception due to Missing Data Entry Fields, the system shall display “New Prescription” screen for data entry with
Standard Patient Header (Refer to FARx.PA.01.18)
Data Entry fields as per DE.01.1200",No
FARx.DE.01.1228,"If the user selects to fill a ‘New Rx’ via Prescriber Request Rejection, the system shall display “New Prescription” screen for data entry with
Standard Patient Header (Refer to FARx.PA.01.18)
If the system evaluates that the prescription is a waiter, the system displays an indicator of waiter per FARx.WI.01
Data Entry fields as per DE.01.1227",No
FARx.DE.01.53,"Access to this functionality (adding a new Rx) will be based on the status of the facility (refer to FAAM.FM.01.19 – 28). 
Facilities with the following statuses shall only have access to this function: 
Verifying
Open

If the user does not have access the system shall display the following error to the user: “This function is currently not available due to the status of this facility”",No
FARx.DE.01.468,"When the user selects to create a new prescription for an enterprise patient, the system shall determine if the patient has been completely synched with enterprise services (i.e. the patient is not in a “pending enterprise” status – Refer to FARx.PA.02 Alternate Flow 7)
If the patient has been completely synched, the system shall continue from DE.01.1223
If the patient has NOT been completely synced, the system shall display the below message for 5 seconds
 “Please wait as the system attempts to synch the patient’s enterprise information”
After 5 seconds if enterprise synch is not achieved completely, system shall 
Close the above message 
Display the below message with a red border
“Enterprise patient synch was not successful.  Please note that the patient’s TP Information may not be correct.”
After 5 seconds if enterprise synch is successfully completely, system shall continue with data entry from DE.01.1223",No
FARx.DE.01.1223,"The system shall display ‘Patient Alert Message’ (Refer to FARx.PAM.01) on top of the ‘Data Entry’ screen when ALL the following conditions are true:
Patient Alert Message Workflow Display (Refer to Corp Root App Option # 1431 – FAAM.AP.01b) is set to ‘New Rx’
An ‘Active’ patient alert Message is associated with the patient whose prescription(s) is being data entered (Refer to FAAM.PAM.01)
Data Entry is not initiated as a part of filling an Immunization gap (Refer FARx.IMM.10) or ""New Rx - Immunization Request"" QT item. (Refer FARx.QT.10)",No
FARx.DE.01.2851,"When the user selects ‘Place On Hold’ on the Patient Alert Message screen during new manual Rx data entry and the following conditions are true:
If Enable Patient Level Alert 2.0 is set to ‘Yes’ (Refer to PAAM.PAM.01).
The ‘Bypass Fill’, ‘Do Not Fill’ and ‘Place On Hold’ fill options are available.
Patient Level Alert Message was identified during new Rx workflow (Refer to FARx.DE.01.1223)
User selects Place On Hold option and enters credentials from Patient Alert Message screen.
Then continue to FARx.DE.01.2852",No
FARx.DE.01.2852,"The system shall display the On Hold data entry screen:
User completes On Hold data entry (Refer to Alternate Flow 1).
If user exits out of the On Hold workflow prior completion, then the system shall return the display to the originating screen.
The system shall place Rx On Hold upon successful credentialing.
If the new Rx data entry was initiated via action queue line item, then close the line item with disposition taken.
The system shall navigate to originating screen or next item if N-Key is enabled.
When Enable Patient Level Alert 2.0 is set to ‘No’ (Refer to FAAM.PAM.01) the system shall not invoke On Hold processing from Patient Alert prompt.",No
FARx.DE.01.620,"When the user selects to fill a new Rx via Main Menu or Patient Profile AND when the store is enabled to display top customer information (Refer to FAAM.TCB.01 Manage Top Customer Settings), the system shall check if the patient is a top customer
If the patient is a top customer, the system shall display the configurable top customer message specific to data entry. (Refer to FAAM.TCB.01 Manage Top Customer Settings)
NAVIGATION OPTION: Continue (Enter): closes the message dialog and proceed with DE.01.02
If the patient is not a top customer. The system shall not display the top customer messaging and proceed with DE.01.02

This message shall prompt prior to entering any information on this screen only when Data Entry is not initiated as a part of filling an Immunization gap (Refer FARx.IMM.10) or ""New Rx - Immunization Request"" QT item. (Refer FARx.QT.10)",No
FARx.DE.01.2090,"Patient Alert Message: Not equipped to produce audible labels
The application will display a message that the store is not equipped to create audible labels when the following criteria are met:

The user has set their preference for providing an Audible Label = “YES” – Audible Label and Large Font” (Refer to FARx.PA.02.904)
The Audible Label Devices for Visually Impaired option is set as “Disabled”. (Refer to FAAM.AP.01b Reg Root option #1782)
Data Entry is not initiated as a part of filling an Immunization gap (Refer FARx.IMM.10) or ""New Rx - Immunization Request"" QT item. (Refer FARx.QT.10)

Next steps when the above criteria are met:
Message will be displayed to the user with instructions to discuss the following:
“This patient requests Audible Labels which this store is not currently equipped to supply. Ensure patient is aware that an Audible Label cannot be provided at this time.”
The user is able to perform the following actions:
Continue (C) – To return to the “New Prescription” screen.

Next steps when the above criteria are NOT met:
The system shall not display the audible label messaging and proceed with DE.01.02

This message shall prompt prior to entering any information on this screen",No
FARx.DE.01.2500,"When below conditions are true :-
Master Switch, Enable Competitor Transfer In Enhancement option is set to ‘Yes’ 
Master Switch 'Enable Competitor Transfer Enhancement 2.0' option is set to 
The Retail Pharmacy User selects the New Rx nav option from the Unmatched Fax screen (refer to FARx.QT.03).
The Retail Pharmacy User searches/selects the patient (with credentialing) as existing (refer to FARx.PA.00 Search Patient)
Pending Competitor Transfer item(s) associated to the selected patient exists in the Verification Queue (QV) or the Exception Queue (QE).  If the system does not find a pending Competitor Transfer, then the Pending Transfer Requests dialog is not displayed.
Then the system shall display the new Pending Transfer Requests dialog on top of the New Prescription Data Entry screen with the following:
Data Table displays only (3) lines of pending Competitor Transfer information:

Line No.
Drug Name (sort based on the content in ABC order)

(If it's an All Active Rx's scenario, ""All Active Rx's"" displays in the Drug Name field)

     Pharmacy Name
     Street
     Phone Number
     Note: 
Standard system pagination shall display for more than three (3) lines of data
Individual Drug Names or All Active Rx's shall display depending on what displays in QV/QE

Navigation Options:
Select Matching Request (Refer to DE.01.2501, Refer to FARx.TF.01.1846 for displaying the Transferring Pharmacy Details dialog (page #1))
 Exit to Fill New Prescription 
Closes the new Pending Transfer Requests dialog
Displays the New Prescription Data Entry screen with the focus on the Drug field (refer to FARx.DE.01).",
FARx.DE.01.2501,"System shall check if a lock is already placed on an item that a user is trying to access from QV/QE
If true, then an error message will be displayed and upon closing the lock error message, the focus shall return to the Pending Transfer Request dialog
If not true, then proceed with step #2 below

When selecting the following:

A single drug line item associated to a specific Contact Competitor Request accessed from the Pending Transfer Request dialog(Refer to FARx.TF.01)
OR, an All Active Rx line item associated to a specific Contact Competitor Request accessed from the Pending Transfer Request dialog(Refer to FARx.TF.01)

Then, the system behaves as follows:

Lock all the requests within the group in QV where the above-mentioned (#2) line items belong
Lock individual items in QE
Lock the individual line items in QV (when they are not part of the group)",
FARx.DE.01.02,"If any Pending request* (Rx Request, PA Request, Mchoice/90 Day Request, GenSub request, Hard Copy Request, Diagnosis Code Request, Specialty Rx request, Prescriber Consult Request, Phone CII Rx Request, Gap in Care Request, Gap in Care – Panel Request, Prescriber Request, TP Plan Benefit Consult Request) that exists for the selected patient AND that has NOT received a matched response (i.e. is displayed in an Action queue), the system shall display a filtered view (dialog) of all Requests for the patient of whom the user is attempting to process the new prescription except when the prescription is ‘Specialty Connect fill at retail’.
This dialog is not displayed if Data Entry is initiated as a part of filling an Immunization gap (Refer FARx.IMM.10) or ""New Rx - Immunization Request"" QT item. (Refer FARx.QT.10)

The title of the dialog shall be “Patient’s Pending Requests” dialog.

It shall list maximum three lines on each dialog page 
When there is a Phone CII Rx request the system shall 
display the request at the top of the list in the following sorted order:
Make Call – Reg Agency
When Status Detail is Make Call – Reg Agency sort by Agency Notification Due Date/Time (asc) (attribute not displayed)
Make Call – Prescriber
When Status Detail is Make Call – Prescriber sort by Prescriber Call Due Date/Time (asc) (attribute not displayed)  
Prescriber Name
When Status is Waiting for Response sort by Last Name (asc) then First Name (asc)
display the request in bold font for all attributes
For non all Phone CII Rx requests, system shall sort  items with nearest Promised Date / Time (asc)
It shall display standard pagination options when there are more than three items to be displayed on the dialog

The system shall display the following attributes;
Line No.
Drug Name (from Request)
Shall be the “Therapy Description” for a Gap in Care Request (Refer to FAAM.CEE.01 Alternate Flow 11):
  The system shall identify the ‘Therapy Description’ to populate, by matching the associated Gap in Care Request Opportunity Sub-Type to the Therapy Type in Therapy Maintenance.
Shall be the Therapy Description if a Gap in Care – Panel Request 
The system shall identify the ‘Therapy Description’ to populate, by matching the associated Gap in Care Request Opportunity Sub-Type to the configured Therapy Type provided by RxDW/PCI opportunity configurations).
The system shall apply current standard truncation rules when the “Therapy Description” exceeds the maximum characters allowed within the ‘Drug Name’ field.
Rx# (from Request)
Shall be the Blank for a Gap in Care Request or Gap in Care – Panel Request  
Promise Date/Time (from Request)
When the request is for a Phone CII Rx display blank for Promise Date/Time
Prescriber Name (Last, First) (from Request)
Request Type (“Refill Renewal”, “Prior Auth Excp”, “90 Day Request”, “Generic Sub Req”, “Phone CII Rx”, “TP Plan Benefit Consult”)
Method (eRx/Phone/Fax)
Request Status (from Request)

The system shall display the following prompts;
View Request (by selecting the appropriate line)
When a request item is selected after initiating new Rx data entry via Main Menu or Patient Profile, the system shall display the detail view of the selected request.  Refer to:
Rx Request – FARx.QR.02
Gen Sub Request – FARx.QR.04
PA Request – FARx.QR.05
Mchoice/90 Day Request – FARx.QR.09
Hard Copy Request – FARx.QR.17
Diagnosis Code Request – FARx.QR.22
Specialty Rx Request – FARx.QR.19
DUR Clarification – FARx.QR.18
SIG Clarification – FARx.QR.18
QTY/Days Supply – FARx.QR.18
Regulatory – FARx.QR.18
Prescriber Excp – FARx.QR.18
Prescriber / Reg – FARx.QR.18
Phone CII Rx – FARx.QR.26
TP Plan Benefit Consult – FARx.QR.28
Gap in Care – FARx.QR.29 
Gap in Care – Panel – FARx.QR.35
Prescriber Request – FARx.QR.30
Missing/illegible Information on Rx
Alternative Requested
Product Backordered/Unavailable
Script Clarification
Patient Requests New Rx

When a request item is selected after initiating new Rx data entry via QT/QD, the system shall display the detail view of the selected request.  Refer to:
Rx Request – FARX.QR.02 – Alt. Flow 6
Gen Sub Request – FARX.QR.04 – Alt. Flow 5
PA Request – FARX.QR.05 – Alt. Flow 6
Mchoice/90 Day Request – FARX.QR.09 – Alt. Flow 7
Hard Copy Request – FARx.QR.17 – Alt. Flow 2
Diagnosis Code Request – FARx.QR.22 – Alt. Flow 2 
Specialty Rx Request – FARx.QR.19 – Alt. Flow 5
DUR Clarification – FARx.QR.18
SIG Clarification – FARx.QR.18
QTY/Days Supply – FARx.QR.18
Regulatory – FARx.QR.18
Prescriber Excp – FARx.QR.18
Prescriber / Reg – FARx.QR.18
Phone CII Rx – FARx.QR.26
TP Plan Benefit Consult – FARx.QR.28
Gap in Care – FARx.QR.29
Gap in Care – Panel – FARx.QR.35
Prescriber Request – FARx.QR.30
Missing/illegible Information on Rx
Alternative Requested
Product Backordered/Unavailable
Script Clarification
Patient Requests New Rx

The user shall process the request as per the above indicated requirements.

Exit (X)
If the user selects to exit the request without performing an action, the system shall
Return the user back to the Data Entry Screen if the data entry was initiated via Main Menu or Patient Profile
Return the user back to the Data Entry Screen with the Request dialog still displayed if the data entry was initiated via QT / QD

Continue to fill the New Prescription (X)
When selected, the dialog shall be closed and the user shall continue processing the new prescription.

*Note: Refer to FAAM.OR.01 for Patient Pending Request viewable items configurations.",No
FARx.DE.01.82,"*OFFLINE ONLY*
Ready Fill / Script Sync Enrollment
When the user creates a new prescription in offline, the system shall
Set the Rx ReadyFill Status of the prescription to “Never Asked”.
Set the Rx Script Sync Status of the prescription to “Never Asked” 
The system shall not qualify an Rx for ReadyFill and Script Sync eligibility during prescription fulfillment in offline.",Yes
FARx.DE.01.1200,"When the New Prescription screen is displayed from an Auto Process Exception due to Missing Data Entry Fields (Refer to FARx.QE.01) the system shall:
Pre-populate all available fields
Direct the focus to the first empty field
Display the original prescription hardcopy image with zoom functions if available (Refer to FARx.ZM.01), 
Indicate when no hardcopy image is available
Continue to DE.01.04",No
FARx.DE.01.1227,"When the New Prescription screen is displayed due to a Prescriber Request Rejection (FARx.QT.17) the system shall:
Display the hardcopy image on the right side of the screen, with zoom functions if available (Refer to FARx.ZM.01) 
Indicate when no hardcopy image is available
Continue to DE.01.04",No
FARx.DE.01.1775,"When the New Prescription screen is displayed because the user continues from ‘Savings Finder – MFR Coupon’ screen (FARx.QT.24), the system shall:
Lock the prescription from being accessed.
Display standard patient header
Prepopulate all available fields as received from the interface from Rx Savings Finder. (Refer to FAIN.SPM.22)
Continue to DE.01.04",No
FARx.DE.01.1776,"When the user continues from Savings Finder – Fill Selected Drug Screen and the system determines to display New prescription screen based on the logic defined in FARx.QT.22, the system shall: 
Lock the prescription from being accessed.
Display New Prescription as per DE.01.04
Prepopulate as relevant fields as received from the interface from Rx Savings Finder. (Refer to FAIN.SPM.22)
Continue from DE.01.06 to address any relevant action taken by the user to complete the prescription fulfillment process.",No
FARx.DE.01.1777,"When the user continues from Savings Finder – Discount Card Screen and the system determines to display New prescription screen based on the logic defined in FARx.QT.23 , the system shall: 
Or 

When the user continues from Savings Finder – MFR Coupon Screen and the system determines to display New prescription screen based on the logic defined in FARx.QT.24 , the system shall: 

Lock the prescription from being accessed.
Display New Prescription screen as per DE.01.04
Prepopulate as relevant fields as received from the interface from Rx Savings Finder. (Refer to FAIN.SPM.22)
Continue from DE.01.06 to address any relevant action taken by the user to complete the prescription fulfillment process.",No
FARx.DE.01.04,"When the New Prescription screen is displayed after initiation via Main Menu, Patient profile, Immunization Profile, Auto Process Exception due to Missing Data Entry Fields or Prescriber Request Rejection, or Savings Finder – MFR Coupon Screen
OR 
When the New Prescription screen** is displayed after performing patient reselection on Edit Rx screen, 
 the user shall have the ability to enter data into the following fields:
Drug* 
DAW* (FARx.DE.01.10, FARx.DE.01.11)
Rx Origin Code* (FARx.DE.01.130)
SIG* – The SIG field’s count value info. Shall display at the right end top of the SIG text box
Prescribed Qty* 
Refill Quantity*
Refills prescribed* 
Dispensed qty* 
Days Supply* 
Prescriber* 
Third Party  (FARx.PA.05)
Rx Date Written* (FARx.DE.01.30)
Rx Expires On (FARx.DE.01.68)
Number in order
Promise Time (FARx.DE.01.36)
Promise Date (FARx.DE.01.37)
For autopopulated Promise time field when initiation via Main Menu Or Patient profile – Refer to FARx.DE.01.2003
Drug Manufacturer (optional  - FARx.DE.01.40) (will only display as needed)

Drug manufacturer field has been moved to the RX AI Screen. Please refer to FARx.DE.01.131
*Denotes fields required when entering an On-Hold prescription.  
The remainder of fields will not be required and not prompted for during initial entry of an On-Hold prescription. 

Note: Refer to Alternate Flow 4 for data entry fields on New Prescription screen when user initiates data entry of a New Rx via QT / QD. 

Refer to Alternate Flow 6 for data entry fields on New Prescription screen when user initiates data entry by selecting: 
‘Process Hard Copy Request’ via Hard Copy request detail screen.
OR
‘Process Diagnosis Code Request via Diagnosis Code Request Detail view.

Note: Refer to Alternate Flow 22 for data entry fields on New Prescription screen when user selects to create a bundling Rx.  

** Screen Header will be displayed as  ‘Edit Prescription’ – When the user has performed patient reselection activity to change original patient associated with the prescription triggering from Edit Rx Screen : Refer to FARx.ET.01 – Alt Flow 39  (Note : The underlying functionality in DE.01 shall remain unchanged, only header is changing in this scenario.)",No
FARx.DE.01.851,"Ready Fill / Script Sync Enrollment

The system shall  default Rx Ready fill enrollment and Rx Script Sync enrollment fields to Never Asked

These fields are non-editable and are not displayed on screen",No
FARx.DE.01.83,"*OFFLINE ONLY*
The user shall have the ability to enter data into the following fields:
Drug 
DAW
Rx Origin Code(FARx.DE.01.130)
SIG 
Prescribed Qty 
Refill Quantity
Refills prescribed 
Dispensed qty 
Days Supply 
Prescriber 
Third Party
Rx Date Written (FARx.DE.01.30,)
Rx Expires On  (FARx.DE.01.68)
Number in order
Promise Time
Promise Date
Drug Manufacturer (optional  - FARx.DE.01.40) (will only display as needed)

Drug manufacturer field has been moved to the Rx AI Screen and AI is not available in Offline. Please refer to FARx.DE.01.131


Original Rx No.*
Re-enter Original Rx No.*
The wait time calculator will not be available in offline mode, therefore, Promised Date and Time will be keyed in by the user. Also, Rx Date Written will be configurable.

*Only available when entering a new Rx when refill is not found",Yes
FARX.DE.01.84,"*OFFLINE ONLY*
If the user enters the New Rx activity from the prescription number not found screen, the system will automatically populate the following fields providing the user the ability to change the data once the mandatory fields have been entered
Original Rx Number – based on the Rx Number that was not found",Yes
FARx.DE.01.05,"On performing new Rx data entry initiated via Main Menu or Patient Profile, the system shall automatically populate the following fields providing the user the ability to change the data once the mandatory fields have been entered
Rx Date written (FARx.DE.01.30,)
Rx Expires On (FARx.DE.01.68)
DAW (FARx.DE.01.10, 11, 70 and 71)
Third Party


Note: Refer to Alternate Flow 4 for the data entry fields auto populated when user initiates new Rx data entry via QT / QD.

Refer to Alternate Flow 6 for the data entry fields auto populated when user initiates new Rx data entry via selecting: 
‘Process Hard Copy Request’ via Hard Copy request detail screen
OR
‘Process Diagnosis Code Request via Diagnosis Code Request Detail view.",Yes
FARx.DE.01.2095,"On performing new Rx data entry initiated from PCC outbound patient detailed view (New Rx action):
Only the following Navigation Options will be available on the RxC Data Entry screen: 
Change (#)
Add Info (A)
Patient Notes (N)
Fill Notes (FN)
Price (P)
Force Partial (O)
Rx Clarification (RX) display based AppOption as is current process
Exit (X)Continue (Enter): Upon selection, the PCC detailed view will be displayed
Auto-populated fields as per current process (FARx.DE.01.05)
Rx Date written (FARx.DE.01.30,)
Rx Expires On (FARx.DE.01.68)
DAW (FARx.DE.01.10, 11, 70 and 71)
Third Party",No
FARx.DE.01.116,"Display CEE “Action Item” indicator *
The system shall display an indicator on the data entry screen if open CEE opportunityies or a 90 Day Opportunity exist for the patient  

The system shall display the indicator if all of the following conditions are true:
At least one open CEE opportunity exists for the patient and the opportunity applies to the current store
At least one of the corresponding opportunity types for the associated open CEE opportunity/ies is Active (Refer to FAAM.CEE.01.03) AND
Is configured to “Display indication of open opportunity on Patient Profile or DE screen” (Refer Functional Activity Document FAAM.CEE.01.27 – Config 2)
If the opportunity is configured as category is “Add Therapy” and label delivery (i.e. Label Receipt and Forced Counseling is configured to 2 or 3) the following must also be true:
The Opportunity Status is ‘Printed’ and the Rx on which the opportunity is printed is Sold.
OR
If the following is true:
At least one open 90 Day opportunity exists for the patient and the opportunity applies to the current store (per FARx.CEE.03.130).

* These requirements shall not apply if the corporate root application option “Enable CEE” (Refer to FAAM.AP.01b – tab CORPORATE (Consolidated) – item # 261) is set to “Disabled” for the corresponding store
*The open action item indicator will not be displayed for the opportunities sent to Central PCC queue for processing, which includes Open CEE opportunities configured to display for the patient in the current store on the Data Entry screen and 90 Day opportunities. If the only items that are actionable for this patient are items that were sent to CPCC Queue for processing, then do not display an open action item indicator on the Data Entry screen.",No
FARx.DE.01.69,Removed with the cancellation of A21791.,No
FARx.DE.01.06,"User shall have the ability to enter a specific product (by entering NDC), search for a product or enter a compound product.
The system shall check the “Enable Inventory Management Functionality” master switch (Refer to FAAM.AP.01b Regulatory root app option #876):
if set to “No”, the system shall continue with this requirement
Regardless of if it is set to “No” or “Yes”, when “Enable (July) Immunization Workflow Enhancements” = Yes (refer to FAAM.AP.01b, corp option # 2079) AND an Immunization product is selected, this check is not run.
if set to “Yes” AND the product is NOT an Immunization, the system shall continue from FADP.SR.01.150

Refer Functional Activity Document FADP.SR.01 and FADP.PA.01 for product selection and display rules. 

User shall have the ability to initiate a compound search by entering the following search criteria in the Drug field:
/CMP : upon selection continue to DE.01.1456
  or 
Space : upon selection continue to DE.01.1.456

When selecting a product, the system shall calculate the drug’s DEA schedule. (Refer to FARx.DEA.01 Main Flow).
If calculated as a CI refer to FARx.DE.01.900. 

If the drug is not a CI, the system shall identify if product messages are configured to be displayed.  
Refer to FADP.SR.01 and FADP.PA.01 for selection and display rules

Once the product has been selected (or added) the system shall:
Set Written Product = Selected Product
Set Dispensed Product = Selected Product

The Written and dispensed product information shall be available for back end reporting (generic substitution efficiency) and reviewing as part of script history",No
FARx.DE.01.1456,"If the Allow Compounding functionality (Refer to Reg Root option#1614) option value is set to Yes, the system shall allow the user to initiate a compound search (Refer to FADP.SR.01 Store Drug Product Searches",No
FARx.DE.01.1457,"If the Allow Compounding functionality (Refer to Reg Root option#1614) option value is set to No, the system shall display an error message to the user indicating the compounding is not permitted at this location
The system shall have following option 
Exit: upon selection of this option, the system shall redirect user to previous screen 
Continue: upon selection of this option, the system shall display In-eligible Compound action note (Refer to FARx.EAN.01)
The system shall not perform further check for compound drug",No
FARx.DE.01.2401,"When:
Enable RxOptimizer is set to 'Yes' and a fill has arrived at the RxOptimizer (RxO) initialization point in prescription workflow. (Refer to FARx.RXO.01)
AND
The fill is for a compounded drug.

Then the system will not send any data to RxOptimizer for the fill. (continue to FARx.DE.01.900)

The system will send the following data reporting:
RxO Exclusion Reason - Domain Value: ""Compound""
Store Number
Rx Number
Fill Number
Prescription ID
Prescription Fill ID",No
FARx.DE.01.900,"DEA Schedule I
The system shall display the “Drug Not Fillable” popup with the following message: “This drug is classified as a DEA Schedule I in your state and cannot be dispensed. Please have the patient contact their prescriber.” It shall include the following navigation options:
Contact Patient (CP)-when selected the system shall close the Drug Not Fillable dialog and display the Patient Contact Action Note-Drug DEA Class is Schedule I (Refer to FARx.EAN.01)
Exit (X)-when selected the system shall return to where the cursor was prior to the display of the Drug Not Fillable popup 
Note>>A CI prescription cannot be created. This message will precede any other error message.
The system shall log the Auditable Events information when the user attempt to fill a new CI prescription
Refer to Event ID: (WFE-0035) in FAAU.AE.01 Auditable Events List.xls


*Refer to FARx.DE.01.901",Yes*
FARx.DE.01.708,"*OFFLINE ONLY*

When selecting a product, the system shall calculate the drug’s DEA schedule. (Refer to the Main Flow in FARx.DEA.01).
If calculated as a CI refer FARx.DE.01.901.

If the drug is not a CI, the system shall identify if product messages are configured to be displayed.  
Refer to FADP.SR.01 and FADP.PA.01 for selection and display rules",Yes
FARx.DE.01.901,"*OFFLINE ONLY*

The system shall display the “Drug Not Fillable” popup with the following message: “This drug is classified as a DEA Schedule I in your state and cannot be dispensed. Please have the patient contact their prescriber.” It shall include the following navigation options:
Contact Patient (CP)-when selected the system shall display an error message “Not available when store is offline”. Only the Enter selection will display. When the user selects Enter the system shall return to the “Drug Not Fillable” popup. 
Enter –when selected the system shall return to where the cursor was prior to the display of the Drug Not Fillable popup 
Note>>A CI prescription cannot be created. This message will precede any other error message.
Note>> the system shall log an auditable event in offline for a C1 Drug.",Yes
FARx.DE.01.165,"*OFFLINE ONLY*
System shall determine if the product has an associated adjudicated cash plan (Refer to FADP.PR.01.31 and FADP.PR.01.32 of Functional Activity Document FADP.PR.01-Drug Product Profile)
If the dispensed product has an associated adjudicated cash plan refer to Alternate Flow 3",Yes
FARx.DE.01.2321,"When a non-compound drug is selected, system shall perform following checks to determine whether device settings need to be captured:

DME Device and Supply Maintenance Master switch is set to Enabled for the store (Refer to Reg App option # 1803)
Drug NDC is on the DME Device and Supplies list (Refer to FAAM.DME.02)
Product Type against that NDC is configured as ‘Device’ on DME Device and Supplies list (Refer to FAAM.DME.02)
DME Line of Business against that NDC is configured as ""PAP Therapy"" on DME Device and Supplies list (Refer to FAAM.DME.02) 

When any of the above conditions is NOT true, continue new prescription processing thru DE.01.456
When ALL the above conditions are true, display Device Setting prompt (Refer to FARx.DS.01 Capture Device Settings)
Upon capturing device pressure settings, continue new prescription processing thru DE.01.456
If the user chooses to exit on Device Setting prompt, system shall retain/take focus on the drug field.",No
FARx.DE.01.2550,"When a non-compound drug is selected, the system shall perform the following checks to determine if a Fillability Check Failure message displays:

DME Device and Supply Maintenance Master switch is set to Enabled for the store (Refer to Reg App option # 1803)
Drug NDC is on the DME Device and Supplies list (Refer to FAAM.DME.02)
DME Call Center Integration Master Switch is set to Enabled for the store (Refer to Reg App option #1826)
Active DME Call Center Request in QR that has a ‘DME Call Center Request – In Process’ fill status
When any of the above conditions are NOT true, continue new prescription processing thru DE.01.456
When all of the above conditions are true, the system shall display a Fillability Check Failure message: ‘Selected request exists in QR – Request Queue’",
FARx.DE.01.2551,"When a non-compound drug is selected, the system shall perform the following checks to determine if a Fillability Check Failure message displays:

DME Device and Supply Maintenance Master switch is set to Enabled for the store (Refer to Reg App option # 1803)
Drug NDC is on the DME Device and Supplies list (Refer to FAAM.DME.02)
DME Call Center Integration Master Switch is set to Enabled for the store (Refer to Reg App option #1826)
Active DME Call Center Exception in QT that has a ‘DME Call Center Exception’ fill status

When any of the above conditions are NOT true, continue new prescription processing thru DE.01.456
When all of the above conditions are true, the system shall display a Fillability Check Failure message: ‘This prescription exists in the Triage queue….’",
FARx.DE.01.456,"When a non-compound drug is selected, system shall check whether that store is enabled for Specialty Connect at Retail (Refer to Corp App option # 573)
When NOT Enabled, system shall continue processing thru DE.01.504
When Enabled, system shall check the selected drug against the Specialty Connect Inclusion list (Refer to FAAM.ISP.01)
When the product is NOT on the Inclusion list, system shall continue processing from DE.01.504
When the product is on the Inclusion list, system shall determine if the prescription fill associated with this product has an Specialty Connect fill code 
If yes, system shall skip the Specialty Connect Validations for the prescription fill and continue new prescription processing thru DE.01.504
If no, system shall perform Specialty Connect Validations (Refer to FARx.ISP.01 Perform Specialty Connect Validations)
When the user chooses to ‘Intake’ the specialty prescription, system shall initiate the specialty connect intake process (Refer to FARx.DE.05 Data Entry – Specialty Intake)
When the user enters a valid code, the system shall NOT perform Generic Substitution and shall continue processing through DE.01.466  
If the user chooses to exit, system shall return the focus back to the drug field",No
FARx.DE.01.457,"*OFFLINE ONLY*

The system will display the below message when the store is enabled for Specialty at Retail (Refer to Corp App option # 573) and entered drug is on the Specialty Connect Inclusion list (Refer to FAAM.ISP.01)
TITLE: Specialty Connect Offline Message
Message: 
“This is a Specialty Connect prescription and requires special handling. Please wait for the system to come back online before entering this prescription” 
NAVIGATION OPTION: 
Continue (Enter): closes the message dialog and returns focus to the drug field",Yes
FARx.DE.01.2400,"When: 
Enable RxOptimizer is set to 'Yes' and a fill has arrived at the RxOptimizer (RxO) initialization point in prescription workflow. (Refer to FARx.RXO.01)
AND
The fill is a Specialty Connect Fill.


Then the system will not send any data to RxOptimizer for the fill. (continue to FARx.DE.01.504)

The system will send the following data reporting:
RxO Exclusion Reason - Domain Value: ""Specialty""
Store Number
Rx Number
Fill Number
Prescription ID
Prescription Fill ID",No
FARx.DE.01.504,"When a non-compound or non locally added drug is selected, system shall check the store configuration set for performing the REMS Check (Refer to Corp App option # 668)
When the store is set to ‘No’, system shall continue processing thru DE.01.07
Note – When the Corp Option #668 – “Store performs the REMS Check” is set to No, if a prescription requires iPledge processing (authorization or reversal) this will be identified during the Adjudication Process by Relay Health and all necessary authorization attributes Risk Management Authorization (RMA) and Do Not Dispense Date (DNDA) or applicable iPledge messaging will be returned within the Adjudication Response message field and retained using the existing RMA/DNDA fields
When the store is set to ‘Yes’, system shall continue processing from DE.01.505",No
FARx.DE.01.505,"System shall check the selected drug against the REMS drug list (Refer to FAAM.REMS.01)
When the product is NOT on the REMS drug list, system shall continue processing thru DE.01.07
When the product is on the REMS drug list, system shall continue processing from DE.01.506",No
FARx.DE.01.506,"System shall check ‘iPLEDGE’ configuration set corresponding to that drug on the REMS drug list (Refer to FAAM.REMS.01.07)
When disabled for iPLEDGE check, system shall continue processing thru DE.01.07
When enabled to perform iPLEDGE check, system shall system shall continue processing from DE.01.507",No
FARx.DE.01.507,"System shall check whether the store is allowed to dispense iPLEDGE medications (Refer to Corp App. Option # 669)
When ‘Allowed’ system shall continue processing from DE.01.07
When ‘Not Allowed’, system shall display the hard stop message to the store user as below:
“Your Pharmacy is not authorized to dispense iPLEDGE medication. Contact the CVS Retail Store Support Center for additional information...” 
Upon continuing from the above message, system shall close the message and take the cursor focus back to the drug field without populating the previously entered drug.",No
FARx.DE.01.513,"*OFFLINE ONLY*
The system will display the below message when the store is set to ‘Yes’ for performing REMS check (Refer to Corp App option # 668) and entered drug is on the REMS Drug List (Refer to FAAM.REMS.01)
TITLE: REMS Offline Message
Message: 
“This is a REMS prescription and requires special handling and authorization for dispensing. Please wait for the system to come back online before entering this prescription”
NAVIGATION OPTION: 
Continue (Enter): closes the message dialog and returns focus to the drug field",Yes
FARx.DE.01.563,"*OFFLINE ONLY*
The system will display the below message when following conditions are True
Store is ‘Enabled’ for Immunization (Refer to Corp App option # 738)
Entered drug’s NDC is ‘included’ on a NDC table for any Immunization Type configured in the state where store resides (FAAM.IMM.01.33)
Immunization type on which the product NDC is included is configured as ‘Active’ (Refer to FAAM.IMM.01.10)
TITLE: Immunization Offline Message
Message: 
“Vaccine information must be captured for this prescription. Please wait for RxConnect to return online before entering this prescription.”
NAVIGATION OPTION: 
Continue (Enter): closes the message dialog and returns focus to the drug field",Yes
FARx.DE.01.07,"When a Brand product is selected, the system invokes the generic substitution rules. Refer Functional Activity Document FADP.GS.05 Generic Substitution 
If auto-substitution occurred, the system shall:
Set Dispensed Product = Substituted Product
Check the Gen Sub action note configuration, if set to print for new fills set the EAN indicator to print
Display a message to the user indicating that auto-sub occurred (only if the following conditions have been met) 
Generic Auto-substitution has occurred for a product that is on the NTI product list (Refer to A.1.9)
Display Quality Alert messages if any 
Quality Alert message are displayed if configured by admin to be displayed during Drug Selection.
Refer to FARx.DE.01.690
If the product is substituted to a generic drug, the system shall identify the drug type. (Refer to FADP.SR.01.150)",No
FARx.DE.01.690,"For the Substituted Product, the system shall identify all the product messages to be displayed during Drug Selection workflow step which are defined at the NDC level and all the inherited product messages from other sources (GCNSEQNO, HICL, HICSEQNO):
If there are no product messages identified to be displayed, the system shall not display Product Messages
If at-least one product message is identified to be displayed, the system shall determine if it needs to be displayed as Hard Stop or Soft Stop
If none of the Drug Selection Hard Stop checkbox (at NDC level and all other associated levels) is set as checked, the system shall display the messages as Soft Stop.
If at-least one of the Drug Selection Hard Stop checkboxes (at NDC level and any other associated levels) is set as checked, the system shall display the messages as Hard Stop.
The Product Messages shall be displayed on a message box with title as “Quality Alert”.
The Product Message text shall be displayed in the RED.
The “Quality Alert” message box shall be outlined with RED border.
The product messages should display as per the “Priority” assigned to each message by the Administrator user. Priority “1” on the top and Priority “4” at the bottom.

If to be displayed as Soft Stop
The system shall provide following navigation options on the “Quality Alert” dialog:
Continue I – Selecting this option the system shall close the “Quality Alert” message box and shall continue processing and the focus shall be on the next field.
Reselect (R) – Selecting this option the system shall close the “Quality Alert” message box and shall set the focus on the Drug field.

If to be displayed as Hard Stop
The system shall provide following navigation options on the “Quality Alert” dialog:
Enter / Scan Credentials – The pharmacy staff members shall be able to scan the credentials or enter credentials to continue. 
Once credentials are validated, the system shall 
Close the “Quality Alert” message box and shall continue processing.
The system shall capture and retain credentials for this action. The system shall maintain the workflow step at which the credentials were captured.
If invalid credentials are entered:
The product message shall disappear and an error message shall display indicating that incorrect credentials were entered.
The pharmacy staff members shall acknowledge the error message (presses Enter)
The error message shall disappear and the product message shall re-display requesting credentials to be entered.
Reselect (R) – Selecting this option will close the “Quality Alert” message box and shall set the focus on the Drug field.",No
FARx.DE.01.86,"*OFFLINE ONLY*
From the “Drug” field the user can initiate a product search by entering the search criteria. (Refer to FADP.SR.01-Store Drug Product Searches)
A user will be able to add a new product during offline mode if a product cannot be retrieved from local store data base (Refer to FADP.PA.01-Drug Add).",Yes
FARx.DE.01.466,"For prescriptions flagged as Specialty Connect, the system shall calculate the Promised Date and Time based upon the following rules:
If the Needs by date > Current date, the promised date and time will be set as follows:
Promised Date = Needs by Date
Promised Time = 10:00 a.m.
If the Needs by date <= Current date, the promised date and time will be set as follows:
Promised Date = System Date
Promised Time = System Time + ‘Acute Drug’ default* 
(* For Acute Drug Default value - Refer to Corp App option # 405)

If “Enable Scheduled MealBreak Time” (Refer to FAAM.AP.01b, Regulatory Root #1822) master switch is set to Yes, when all existing calculations have been executed, the final promised date and time will be set as per FARx.TT.02 Alternate Flow 2 (if applicable)",No
FARx.DE.01.87,"Once the selection is made, the Drug name, strength and form shall be displayed in the Drug field with the following details displayed next to the Drug field:
NDC (formatted 5-4-2)
Package Size
Distributor
Product Orange Book Code (OBC)
Purple Book Code**

Note: The NDC and Package Size would be displayed next to the Drug field. Distributor would be displayed below the NDC and Package Size.
Orange Book Code (OBC) value would be displayed to the left of the Distributor value (below the NDC and Package Size).

**When the conditions mentioned below are met:
“Biologic Master Batch Configuration” is set to ‘Enable’ (Refer to FAIN.DL.01).
Biologic product has been entered and selected in the Drug field on New Prescription data entry screen.
THEN,
The system shall display New Prescription data entry screen product information as mentioned above but with below additional biologic product details and verbiage:
System shall display Purple Book Code attribute in read only text to right of Drug field.
Value for field shall be the Purple Book Code abbreviation (Refer to FAAM.BP.01).
Note: System shall display this in place of Orange Book Code used for non-biologic product.",Yes
FARx.DE.01.3195,"Reference Biologic Product: 
When Drug is selected and Drug field populated with a Reference Biologic Product (Purple Book code = Reference Biologic Product) during a manual new Rx data entry process, then the system shall check if the “Specialty Connect at Retail configuration for the store” is Enabled (Refer to FAAM.AP.01b,Corp Root option #573) AND the selected Drug is Specialty Connect (as per logic):
If true – Then Continue Data Entry processing as per FARx.DE.01.10.
If NOT true – Then perform interchange processing as mentioned below:

The system shall trigger new Biologic Product Interchange process(Refer to FADP.GS.05):
If the system was able to find a unique eligible interchange product and substituted it for the entered Reference product, then Refer to FARx.DE.01.07, ""Print Action Note for Generically Substituted Product"".
If an automatic Interchange has occurred for a product i.e., on the NTI product list (Refer to FADP.GS.06).
System shall display a message to the user indicating that automatic Interchange occurred.
When selected drug is an Interchangeable Biologic product due to auto substitution system shall NOT check the Gen Sub action note configuration for setting the EAN indicator to print (Refer to FARx.DE.01.07).
The system shall display auto interchanged product as selected in the Drug field.
System shall continue data entry processing (Refer to FARx.DE.01.10).
If system was not able to find a unique eligible interchange product or instead found more than one eligible interchange product then, at the same point the system shall display a generic substitution list for a non-Biologic product, user shall be prompted to select an interchangeable biologic product from a list of eligible Interchangeable biologic products (Refer to FADP.GS.05).
When the user selects an interchange product from the list, then:
The system shall display selected interchangeable product as selected in the Drug field.
System shall capture data point indicating that Manual interchange was done for the prescription fill.
System shall continue processing as per FARx.DE.01.10. 
When the user did not select an interchangeable product from the list and chose to continue to dispense the Reference product, then:
The originally entered Reference Product shall remain displayed as selected in the Drug field.
System shall continue as per FARx.DE.01.10. 
If the system was not able to find any eligible interchange product or was ineligible for interchange, then:
The originally entered Reference Product shall remain displayed as selected in the Drug field.
System shall continue as per FARx.DE.01.10.",No
FARx.DE.01.08,"When a Generic product is selected,
System shall determine if a brand is available
If a Brand is not available, the system shall move the focus to the DAW field
If a Brand is available, the system shall prompt –he user - “Is this a substitution?”
If the user indicates no substitution, then the system shall move the focus to the DAW field for entry
If the user indicates a substitution, then the system shall check for the corresponding Brand(s) in the same GCN_Seq no.
If a single Brand product is returned and has the same pkg. size, then the system shall set that Brand as the “Written Product” and then shall move the focus to the DAW field
If more than one Brand product is returned, then the system shall display the list of all the Brands and then shall prompt the user to select a Brand
On selection of a Brand by the user, 
The system shall determine if there are product messages (Quality Alert) to be displayed. Refer to Alternate Flow 9
the system shall set the Written Product as this Brand and shall move the focus to the DAW field
The system shall move the focus to the DAW field for entry even if the user doesn’t select a Brand from the displayed list 
When determining whether a brand drug is available and when displaying a list of brand products for the selected generic product, the system shall include the brand products (corresponding to the selected generic) with “Display in store” flag set to true, in addition to all the other brand products that are normally included.",No
FARx.DE.01.09,"An administrative user can add a new product (dependent on role/right – e.g. a system administrator will have the ability to enter a new product and the user at store level cannot, additionally a user will be able to add a new product in downtime).",No
FARx.DE.01.152,"While transferring a prescription from competitor, if user selects a Controlled Substances product of schedule 3 or 4 (determined based on product schedule for state) and “Controlled Substances” attribute was set as ‘N’ on transfer screen, the system shall display following error message and shall not allow user to continue.

“Transfer information for the Controlled Substance is incomplete.
1. Continue to gather required Transfer-In information
2. Return to data entry to select another drug“

The error message shall be displayed after the user completes the selection of the drug and before focus moves to next attribute
The system shall ensure to perform all the existing checks/validations on selected product prior to displaying the error message. 
e.g. Display “Is this a Generic Substitution”  message or perform Generic Substitution when applicable.

Note: For compounds message shall be displayed after user completes the ingredient selection and before focus goes to next attribute.

When user chooses option 1, the system shall navigate the user back to the transfer process (refer to FARx.TF.01.95) to allow the user to capture all the required information.
The system shall retain all the data which was entered on data entry screen before navigating away to transfer process and shall pre-populate data when user comes back to data entry screen after entering required transfer in information. 
When user comes back from transfer process the system shall set the focus on the data entry screen on next applicable attribute. e.g. DAW or Nav bar unless there is an exception with any previous attribute.
When the user chooses option 2, the focus shall go to Drug field on the data entry screen with the drug field populated as it was entered and the system shall follow the process as described in FARx.DE.01.06.",No
FARx.DE.01.1120,"The help text for the Drug field shall display as the following:

“Enter one or a combination of the following drug search criteria:
-Drug Name, Strength (e.g.,HYD,25)
-9 or 11 digit NDC
OR
To search for a Compound enter:
-/CMP
To search for UPC:
-U + 12 digits or U = 10 digits (positions 2-11)”

If the “Initiate Prescriber Request” option is set to “Enable” for the store (Refer to FAAM.AP.01b Corporate root app option #1294) the system shall include the following*: 
“To initiate a prescriber request enter: 
-  /PR”
When entered here the system shall skip any field validations and proceed to the prescription request. (Refer to FARx.IPR.01)
If the “Initiate Prescriber Request” option is set to “Enable” for the store (Refer to FAAM.AP.01b Corporate root app option #1294) the system shall include the following*: 
“To initiate a prescriber request enter: 
-  /PR”
When entered here the system shall skip any field validations and proceed to the prescription request. (Refer to FARx.IPR.01)
If the Enable R61 IMZ Enhancements is set to ‘YES’ (Refer to FAAM.AP.01b Corporate root app option #2244) and ""Enable Preferred Product Prioritization Code"" is enabled (Refer to FAAM.IMM.01.418) for a non-Immunization clinic the system shall include the following:
       “To Enter an Immunization:”
Under the instructional line, the Preferred Product Prioritization Code(s) and the associated Immunization Type(s) are displayed dynamically based on the value(s) associated to ""Enable Preferred Product Prioritization Code"" For Ex:-  /FLU
System displays up to 5 Preferred Product Prioritization Code(s) along with the associated Immunization Type(s) 
If there are more than 5, the system prioritizes by alphanumeric of the Prioritization code
“/” shall be added before every code field in the yellow help text
Upon entering a valid Preferred Product Prioritization Code in the 'Drug' field of 'Data Entry New Rx' screen the system shall trigger the Preferred Product Prioritization logic (Refer to FAAM.IMM.32.05)
If an invalid Preferred Product Prioritization Code is selected in the 'Drug' field or any of the below is true:
Enable R61 IMZ Enhancements is set to ‘YES’ (Refer to FAAM.AP.01b Corporate root app option #2244) 
""Enable Preferred Product Prioritization Code"" is enabled (Refer to FAAM.IMM.01.418)
Enable Product Rank is enable (Refer to FAAM.IMM.01.418)
 the system shall follow existing drug search functionality based on the user entry (Refer to FARx.DE.01.2120)
Note: System shall not display the Immunization Preferred Product Code help text when ""Enable Preferred Product Prioritization Code"" is disabled (Refer to FAAM.IMM.01.418)

*Not available in offline",Yes*
FARx.DE.01.2225,"When the below are true for an Immunization Rx where the store is an Immunization clinic:
Enable R61 IMZ Enhancements is set to ‘YES’ (Refer to FAAM.AP.01b Corporate root app option #2244) 
""Enable Preferred Product Prioritization Code"" is enabled (Refer to FAAM.IMM.01.418)
Enable Product Rank is enabled (Refer to FAAM.IMM.01.418)
User entered a Prioritization Code at drug select for Data Entry New Rx in an Immunization Clinic
System shall display an error message that the selected Preferred Product Code cannot be used and an option for the User to Continue. When User selects Continue, the current selection will be cleared for re-entry.

Note: Preferred Product Prioritization logic shall be applied based on the Drug selection/entry for an Immunization Rx as defined in FARx.IMM.32",Yes
,,
FARx.DE.01.2226,"When the below are true for an Immunization Rx instore-workflow:
Enable R61 IMZ Enhancements is set to ‘YES’ or ‘NO’ (Refer to FAAM.AP.01b Corporate root app option #2244) 
Enable Product Rank is enabled (Refer to FAAM.IMM.01.418)
NDC Maintenance screen has a Preferred Product Code identified
System shall process per existing functionality enabled (Refer to FAAM.IMM.13.03) upon entering a search criterion in the drug field.",
FARx.DE.01.3632,"When drug field is being entered for an Immunization prescription wherein NDC (prior to edit) has Product assignment question / answer associated with it (Refer to FARx.IMM.13), upon manual drug/NDC being entered, the system shall identify all the NDCs from [Immunization Maintenance -> NDC maintenance tab) (Refer to FAAM.IMM.01) with Assign answers that match with the assign answer associated with the request received from source
Compare manually entered drug/NDC with above identified NDCs
If matching NDC found, the system shall proceed with manually entered NDC
If NDC does not match, the system shall display following dialog box 
Title: Product Confirmation 
Informative message indicating selected NDC does not match with product chosen by patient 
Navigation option: 
Scan/Enter Credentials to Continue: Upon selection prompts for credentials (Auto credentialing shall not be applicable) 
Once valid credential is captured, continue with new NDC selected  
Change to Preferred: Upon selection, close the dialog box 
Return focus to drug field and display previously pre-populated NDC / product name",No
FARx.DE.01.3633,"If Preferred Product Code has been entered in Above req ET.01.3450 instead of manual drug/NDC, the system shall:
In the process of determining the NDC, the system shall identify all the NDCs from [Immunization Maintenance -> NDC maintenance tab) (Refer FAAM.IMM.01) with Assign answers that match with the assign answer associated with the request received from source
proceed with NDC selection process with above identified NDCs based on existing functionality on the NDCs identified (refer to FARx.IMM.32) 
If no NDC is found, the system shall display a hard stop message 
Upon continue from the message, the system shall:
close the pop up
return focus to drug field and clear previously pre-populated NDC / product name",No
FARx.DE.01.3250,"Drug Preferred Product and Age
When the following is true:
Enable R61 IMZ Enhancements is set to ‘YES’ or ‘NO’ (Refer to FAAM.AP.01b Corporate root app option #2244) 
Enable Product Rank is 'enabled'
The system shall proceed based on the following criteria:
Display the “Non Preferred Confirmation” dialogue window, per FARx.DE.01.3251, when:
At least one Identified ACTIVE NDCs having sufficient QAD with Rank value higher than user selected NDC where the patient's age falls within the preferred Min and Max age range 
The entered NDC and the recommended NDC should either both not be flagged as senior dose or both should be flagged as senior dose
Display the “Senior Dose Confirmation” dialogue, per FARx.DE.01.3252, when:
The patient is 65+, the user entered a NDC not flagged as a senior dose and there are no senior doses in stock
There is an active NDC flagged as a senior dose with a higher rank product where the patient meets the min and max age
Display the “Non Preferred Confirmation” dialogue, per FARx.DE.01.3253, when:
There are no products in stock for the Immunization Type
Identified at least one ACTIVE NDC with a Rank value higher than user selected NDC where the patient's age falls within the preferred Min and Max age range configuration
The entered NDC and the recommended NDC should either both not be flagged as senior dose or both should be flagged as senior dose
Display the “Senior Dose Confirmation” dialogue, per FARx.DE.01.3254, when:
The patient is 65 or older and the NDC entered by the user is not flagged as a senior dose
Identified at least one ACTIVE NDC with a Rank value higher than user selected NDC that is flagged as a senior dose where the patient's age falls within the preferred Min and Max preferred age range configuration",No
FARx.DE.01.3251,"“Non Preferred Confirmation” dialogue window will display with the following information:
Display preferred drug name identified by the system 
Display the following options to the user:
Option to continue with user selected product
The system prompts for credentials
Once valid credentials are captured, continue with data entry
Auto Credentialing is not applicable in the above step
Option to continue with system identified preferred product
The Drug Field on data entry is populated with the system identified preferred product and the user continues with data entry after selecting 'Enter'",No
FARx.DE.01.3350,"When the user has selected non-preferred NDC, and 'Non Preferred Confirmation' dialogue displays during the data entry (Refer to FARx.DE.01.3251), AND once valid credentials are captured, AND the three conditions given below are true:

'Enable Enhanced IMZ Scheduling Functionality (Phase 1)' switch is set to 'Yes' (refer to FAAM.AP.01b #2293).
Applies to In-Store workflow (i.e. Non Clinic workflow).
This enhancement applies to all IMZ types.

Then the system shall:
Save the Non-Preferred Workflow Indicator value to the Immunization record in the backend.
The indicator will be carried forward throughout the life cycle of the prescription (including edit or any other action taken on the prescription).

Note:
From the edit screen:
When user continues from the Non Preferred dialog, the user credentials and the system will save the indicator. Then, on day of appointment, the system will check that indicator and will not override the NDC selection.
When product ranking is disabled, this scenario is not valid.",No
FARx.DE.01.3351,"When scheduled  prescription is inducted systematically into the workflow on the day of the appointment (Refer to FARx.IMM.32.01) and below three conditions are true: 
Enable Enhanced IMZ Scheduling Functionality (Phase 1)' switch is set to 'Yes' (refer to Corp. Admin US504735).
Applies to In-Store workflow (i.e. Non Clinic workflow).
This enhancement applies to all IMZ types.
System shall check if prioritization rank is available on IMZ Maintenance tab.
If yes, System shall check if the 'Non-Preferred Workflow Indicator' is available (Refer to FARx.DE.01.3350) 
If yes, System shall not apply re-assignment of NDC. 
If no, System shall reselect NDC based on product rank and age configurations for all IMZ types (refer to FARx.IMM.32). 
Note: When product ranking is disabled, this scenario shall not be valid.",No
FARx.DE.01.3252,"“Senior Dose Confirmation” dialogue will display with the following information:
Display preferred drug name identified by the system 
Display the following options to the user:
Option to continue with user selected product
The system prompts for credentials
Continue with existing process 
Option to continue with system identified preferred product
Upon selecting Enter, display the QAD message
The Drug Field on data entry is populated with the system identified preferred product",No
FARx.DE.01.3253,"“Non Preferred Confirmation” dialogue window will display with the following information:
Display preferred drug name identified by the system
Display the following options to the user:
Option to continue with user selected product
The system prompts for credentials
Once valid credentials are captured, upon continuing display the QAD message before data entry
Option to continue with system identified preferred product
Upon selecting Enter, display the QAD message
The Drug Field on data entry is populated with the system identified preferred product",No
FARx.DE.01.3254,"“Senior Dose Confirmation” dialogue will display with the following information:
Display preferred drug name identified by the system
Display the following options to the user:
Option to continue with user selected product
The system prompts for credentials
Once valid credentials are captured, continue with data entry based on existing logic
Option to continue with system identified preferred product
The Drug Field on data entry is populated with the system identified preferred product and the user continues with data entry",No
FARx.DE.01.2228,"When a User selected an Immunization drug and need to answer additional questions per the eligibility configured (Refer to FAAM.IMM.01.263), a prompt will be displayed to the user that includes below:
Header : ""Eligibility Screening""
User Instruction: ""Instructions: Ask the patient the following question(s) as part of eligibility process""
Eligibility Questions:
All the question from Immunization Maintenance - Questions screen matching eligibility will be displayed to user (Refer to FAAM.IMM.01.263),
The pharmacy user shall be provided with option to answer each displayed question individually with either Yes or No
The answer to all the question(s) is mandatory. 
Navigation Options:
Change Line (#) - Upon selection, focus will be moved to the line number entered. 
Exit (X) - Upon selection, the pop-up message will be closed and user will be navigated back to the drug field.
Continue (Enter) – Refer to FARx.DE.01.2229",Yes
FARx.DE.01.2229,"Continue option shall be displayed only when answers to all the Eligibility questions for an Immunization Rx are answered888 (Refer to FARx.DE.01.2228) ,. 
When User selects continue, the provided answers shall be validated with the answers configured in Corp Admin (Refer to FAAM.IMM.01.263) to the corresponding question
When there is a one to one match, the user shall be able to proceed with data entry
When any of the answer(s) do not match, the user shall NOT BE able to proceed with data entry
A hard stop message is displayed indicating that the patient does not meet the eligibility requirements for the selected drug.
upon continuing from the message, the system shall:
Close the message
Clear the Drug field on the data entry screen for user to reselect",Yes
FARx.DE.01.10,"Once the product has been selected the system shall move focus to the DAW field
The system shall default the Rx DAW value = “0” (zero)
The system shall display the following field help for Rx DAW during data entry.
0 = No Product Selection Indicated 
1 = Sub Not Allowed – By Prescriber 

The user shall have the ability to select the default value (by entering) or to change the value.
Notes:
The system shall allow the Rx DAW to be changed or edited during the data entry process, on an original fill only. Rx DAW cannot be changed on a refill
Other DAW values (from 2 to 9) shall not be allowed from the data entry screen. Override / TP specific values can be entered via the TP Additional Information screen(s) ( in the case of processing through TP plans) or Rx Additional Information screen ( in case of processing through cash) 
For patient preference states, If the Patient prefers Brand in place of a generic or wants a generic in place of a Brand (regardless of TP), the user needs to go the relevant AI Screen and enter the appropriate AI DAW override (2) 
If the drug is changed to a generic the system shall follow the process as described in FARx.DE.01.06",Yes
FARx.DE.01.11,"System shall validate the DAW value to be within domain (0 or 1)
System shall re-prompt for DAW if not correct
Once a valid DAW (0 or 1) has been entered, the value controls the subsequent behavior within Data Entry (with regards to GSR)
The value entered / generated during data entry shall be retained for the life of the prescription",Yes
FARx.DE.01.70,"When the DAW = 1
The system shall display the Challenge message to confirm the prescriber wrote Dispense as Written (Refer to Alternate Flow 2)
If the user decides to dispense a generic, the system shall set the DAW = 0 and continue thru FARx.DE.01.71
When the user changes DAW field value to 1 (1 means Sub Not Allowed – By Prescriber) on the New Rx Data Entry screen*, the system shall check if the script is flagged as DAW = 1 NOT eligible. (Refer to FARx.eRx.04)
If the script is flagged as DAW = 1 NOT eligible, the system shall check if the Product NDC selected on the script is on the DAW1 Brand Favorable Drug List. (Refer to FAD ABC for DAW1 Brand Favorable Drug List configuration requirements)
If the Product NDC selected on the script is on the DAW1 Brand Favorable Drug List, the system shall display the DAW Invalid prompt (Refer to DE.01.2450)
If the Product NDC selected on the script is NOT on the DAW1 Brand Favorable Drug List, the system shall display the DAW Invalid prompt (Refer to DE.01.2451)
If the script is NOT flagged as DAW = 1 NOT eligible (this covers both the DAW = 1 eligible flag as well as when the flag is Null scenarios), the system shall display the existing DAW challenge message (Refer to DE.01.72 in Alt. Flow 2).
When conditions mentioned below are met, then the system shall display DAW Confirmation Dialog (Refer to FARx.DE.01.3201):
If the Interchange configuration value is not set to 'No Interchange' (Refer to FAAM.BP.01).
A Reference or Interchangeable Biologic product has been data entered and selected in the Drug field on a manual data entry screen and DAW value = 1 (Refer to FARx.DE.01.3196).
*New Rx Data Entry screen can be opened for all of the following electronic transactions type-sub types when Automated eRx is On and the user is on the New Rx data Entry screen changing the DAW field value. (e.g. after opening the Bypass Error New Rx item from QT)
New eRx prescription transaction
Rx Renewal Response - Replace transaction
Rx Change Response - Approved & Approved with changes",No
FARx.DE.01.691,"For the NDC populated in the Drug field, the system shall identify all the product messages to be displayed during Drug Selection workflow step which are defined at the NDC level and all the inherited product messages from other sources (GCNSEQNO, HICL, HICSEQNO):
If there are no product messages identified to be displayed, the system shall not display Product Messages
If at-least one product message is identified to be displayed, the system shall determine if it needs to be displayed as Hard Stop or Soft Stop
If none of the Drug Selection Hard Stop checkbox (at NDC level and all other associated levels) is set as checked, the system shall display the messages as Soft Stop.
If at-least one of the Drug Selection Hard Stop checkbox (at NDC level and any other associated levels) is set as checked, the system shall display the messages as Hard Stop.
The system shall display “Quality Alert” message box on the Data Entry screen after providing valid credentials (validations as per FAAM.RD.02) on the “DAW Confirmation” screen.
The Product Message text shall be displayed in the RED.
The “Quality Alert” message box shall be outlined with RED border.
The product messages should display as per the “Priority” assigned to each message by the Administrator user. Priority “1” on the top and Priority “4” at the bottom.

If to be displayed as Soft Stop
The system shall provide following navigation options on the “Quality Alert” dialog:
Continue (C) – Selecting this option the system shall close the “Quality Alert” message box and shall continue processing
Reselect (R) – Selecting this option the system shall close the “Quality Alert” message box and the pharmacy staff members shall navigate back to the “Data Entry” screen with focus on the Drug field.

If to be displayed as Hard Stop
The system shall provide following navigation options on the “Quality Alert” dialog:
Enter / Scan Credentials – The pharmacy staff members shall be able to scan the credentials or enter credentials to continue. 
Once credentials are validated, the system shall 
Close the “Quality Alert” message box and shall continue processing.
The system shall capture and retain credentials for this action. The system shall maintain the workflow step at which the credentials were captured.
If invalid credentials are entered:
The product message shall disappear and an error message shall display indicating that incorrect credentials were entered.
The pharmacy staff members shall acknowledge the error message (presses Enter)
The error message shall disappear and the product message shall re-display requesting credentials to be entered.
Reselect (R) – Selecting this option will close the “Quality Alert” message box and shall set the focus on the Drug field.",No
FARx.DE.01.71,"When the DAW = 0 AND the prescription is not flagged as ‘Specialty Connect’ the system shall behave as follows:
When the Written Product is Generic, the system shall move focus to the Rx Origin Code field 
When the Written Product is Brand
If auto substitution was performed, the system shall move focus to the Rx Origin Code field
If auto substitution was NOT performed, the system shall check for substitution eligibility
If product is not eligible for substitution (case when brand is single source or the product is on an exclusion list), the system shall move focus to the Rx Origin Code field
If eligible for substitution, the system shall display the Generic Product Listing
(Refer to FADP.GS.05 – Alt Flow 1)
The system shall also display the message:
“A cost saving Generic exists – Please select from the list below”
If the user selects a Generic from the displayed list, then the system shall:
1) set the Dispensed Product = the selected product
2) display product messages if any. Refer to Alternate Flow 9 
3) move the focus to the Rx Origin Code field
If the user doesn’t select a Generic, the system shall display the “DAW – Product Mismatch” error dialog and shall prompt the user to select a generic or re-enter DAW
When the user chooses to re-enter DAW value, the system shall:
Move focus To the DAW field. and continue thru FARx.DE.01.10
When the user chooses to select a generic the system shall display the Filtered Generic Product Listing (Refer to the second last main Bullet point)

When the conditions mentioned below are met, then the system shall display a DAW Product Mismatch dialog with the following additional/changed Biologic product details and verbiage (Refer to FARx.DE.01.3202):
If the Interchange configuration value is NOT set to 'Manual' or 'No Interchange' (Refer to FAAM.BP.01). 
A Reference Biologic Product has been data entered and selected in the Drug field on a manual data entry screen and DAW value = 0 (Refer to FARx.DE.01.3196).",No
FARx.DE.01.3202,"DAW Product Mismatch dialog:
System shall display a DAW Product Mismatch dialog with the following additional/changed Biologic product details and verbiage:
Title: DAW - Product Mismatch
Text: Selected Reference Biologic Product Does Not Match DAW Code Value
Nav Options:
Change DAW (Space)
Select Interchangeable Biologic Product (Enter)",No
FARx.DE.01.3196,"When the selected Drug is a Reference Biologic Product (Purple Book code = Reference Biologic Product):
If the user selects DAW value = 0
If the Interchange configuration value is set to ‘Manual’ or ‘No Interchange’ (Refer to FAAM.BP.01) or no eligible interchangeable biologic products are available, then system shall continue with data entry and shall NOT display a DAW-Product Mismatch prompt.
If the Interchange configuration value is set to ‘Automatic’ (Refer to FAAM.BP.01), then:
The system shall display a DAW - Product Mismatch prompt (Refer to FARx.DE.01.3202).
 If user selects to change DAW, then system shall set DAW to 1, perform credentials and continue with data entry.
 If user selects to perform Interchange, continue as per FARx.DE.01.3195.
If the user selects DAW value = 1
If Script is flagged as DAW = 1 Not eligible (Refer to FARx.DE.01.70).
System shall display the DAW Invalid Message (Refer to FARx.DE.01.2450-2451).
Else, the system shall display a DAW - Confirmation prompt (Refer to FARx.DE.01.3201).
If user selects to accept the non-0 DAW, then system shall continue to dispense Reference Biologic and continue with data entry.
If user selects to dispense an Interchange, then system shall set DAW=0 and continue as per FARx.DE.01.3195.
When the selected Drug is an Interchangeable Biologic Product (Purple Book code = Interchangeable Biologic Product):
If the user selected DAW value = 0, then system shall continue as per data entry.
If the user selected DAW value = 1, then continue as per #2a and #2b above:
If user selects to accept the non-0 DAW, then system shall  continue to dispense Interchange Biologic and continue with data entry.
If user selects to dispense an Interchange, then system shall set DAW=0 and continue with data entry.
If the user returns to change either Drug or DAW field, then the system shall re-perform the DAW validation.

If Written and Dispensed product are the same, then system shall capture data point indicating that no interchange was done for the prescription fill.",No
FARx.DE.01.3197,"Interchangeable Biologic Product:
When Drug Field is populated with an Interchangeable Biologic Product (Purple Book Code = Interchangeable Biologic Product) during a data entry process, then the system shall check if the “Specialty Connect at Retail configuration for the store” is ‘Enabled’ (Refer to FAAM.AP.01b, Corp Root Option #573) AND the selected Drug is Specialty Connect:
If true – Then Continue as per data entry.
If NOT true – Then perform interchange processing as mentioned below:
The system shall check the “Biologic Product Interchange Type” configuration to determine the eligible Biologic Interchange Type (Refer to FAAM.BP.01).
If configuration is set as No Interchange, then continue with data entry.
Else, perform interchange processing as mentioned below:
The System shall display a new prompt for user to confirm if drug entered is an Interchange for a Reference Biologic Product (Refer to FARx.DE.01.3194).
If the user selects 'No':
System shall set the written product as the originally entered Interchangeable Product.
System shall set the Dispensed product as the originally entered Interchange Product.
System shall return to data entry process.
If the user selects ‘Yes’:
The system shall check for all eligible Reference Biologics for the entered Interchangeable Product by checking for all products which have:
Purple Book Code = Reference Biologic Product.
The same Biologic Family Name as the entered Interchangeable Biologic.
The same package size as the entered Interchangeable Biologic.
Products set as 'Display in Store' are included as eligible.
If there is only one unique Biologic Reference Product found then the system shall:
The system shall display any Quality Alert messages.
System shall set the Written product as the selected Reference Product.
System shall set the Dispensed product as the original entered Interchange Product.
System shall capture data point indicating that a manual Interchange was done for the prescription fill (Refer to FARx.DE.01.08).
System shall return to data entry process.
If there is more than one Biologic Reference Product for the selected Interchangeable Product:
System shall display the Reference Biologic Product List of all associated Reference Biologic Products for user to select from (Refer to FARx.DE.01.3199).
If User selects a Reference Biologic Product from the List then the system shall perform as mentioned in point #ii -1 to 5 above.
If user exits the List without selecting a Reference Biologic Product then the system shall:
Set the Written product as the originally entered Interchangeable Product.
Set the Dispensed product as the originally entered Interchangeable Product.
System shall return to data entry process.
​​​​​​​If no Reference Biologic products are found, the system shall continue data entry processing.",No
FARx.DE.01.3194,"The system shall display a new prompt asking the user to indicate if the selected drug is an Interchange for a Reference Biologic product (Refer to FARx.DE.01.3197) with the following details:
Title:  Select an Option
Text: ""Is this an Interchange (substitution) for a Reference Biologic Product?"" 
NAV Options:
Yes (Y)  - This option Indicates that system shall allow user to select a Reference Biologic to be set as Written product and keep the dispensed Rx as entered Interchange Biologic.
No (N) - This option Indicates that system shall allow the user to keep both written and dispensed Rx as selected Interchange Biologic.",No
FARx.DE.01.3198,"The system shall check if entered Interchangeable Biologic Product is an Interchange for an existing Reference Biologic Product (Refer to FARx.DE.01.3197):
The system shall continue data entry upon completing Interchange check as mentioned FARx.DE.01.3197.
System shall return the display to new Rx data entry screen with focus on next field (DAW).
System shall display any associated Drug Product messages (Quality Alerts) for the selected Interchangeable Biologic product (Refer to Alt Flow 9).
System shall perform DAW field validation.
When the selected (Dispensed) Drug is an Interchangeable Biologic Product (Purple Book code = Interchangeable Biologic Product):
If the user selects DAW value = 0,then system shall continue with data entry process.
If the user selects DAW value = 1
If Script is flagged as DAW = 1 Not eligible (Refer to FARx.DE.01.70), then system shall display the DAW Invalid Message (Refer to FARx.DE.01.2450-2451).
Else, system shall display a DAW - Confirmation message (Refer to FARx.DE.01.3201).
If user enters credentials and selects to accept the non-0 DAW (Refer to FARx.DE.01.73).
NOTE: User can accept non 0 DAW even if a Reference is not selected from Reference list.
System shall set the dispensed product = Written Product.
Increment the credential counter of the prescription.
System shall continue with next step of data entry.
If user selects to dispense Interchange, then system shall set DAW = 0 and continue data entry.
If user returns to change either Drug or DAW field, then DAW validation shall be repeated as per point #1.c
​​​​​​​If Written and Dispensed product are the same, then system shall capture data point indicating that No interchange was done for the prescription fill.",No
FARx.DE.01.3199,"When the user has selected ‘Yes’ to the 'is this an interchange' prompt (Refer to FARx.DE.01.3194) and there are more than one eligible Reference products associated to the entered Interchange Biologic product by checking:
Purple Book Code = Reference Biologic Product 
The same Biologic Family Name as the entered Interchangeable Biologic 
'Display in Store' products are eligible to include in this list.

Then, the system shall display Biologic Reference Product list screen similar to the Brand List as mentioned in FARx.DE.01.08 or FADP.GS.05 - alternate flow 1 with the below changes:
System shall not display Orange Book Rating (OBC3) field.
System shall display Purple Book Code in place of Orange Book Code.
Value for field shall be the Purple Book Code abbreviation (Refer to FAAM.BP.01).
NAV Options:
Select Reference (#)
Exit (X)",No
FARx.DE.01.81,"*OFFLINE ONLY*
Regardless of the DAW value, the system shall set the Dispensed Product = Written Product",Yes
FARx.DE.01.63,"When an OTC product with multiple UPC codes is selected, the system shall display a dialog with the message 
“The current UPC is required for Medicaid billings
Based on the OTC product being used please select the corresponding UPC value”

Dialog Box shall display a list of all of the UPC associated with the NDC to the store user.  
- Line #
- UPC value

If more than 10 values are to be displayed the system shall provide the user the ability to scroll.

These options shall be available on the dialog box
Select # --- User shall be allowed to select the UPC corresponding to the NDC using this option
Exit --- User shall be allowed to exit from the dialog box using this option
After selecting the UPC value, cursor shall focus on line 3 (Rx Origin Code).",No
FARx.DE.01.564,"After the non-compound or non-locally added ‘Drug’ selection is completed, system shall perform following Immunization checks:
Store is ‘Enabled’ for Immunization (Refer to Corp App option # 738)
Entered drug’s NDC is ‘included’ on a NDC table for any Immunization Type configured in the state where store resides (FAAM.IMM.01.33)
Immunization type on which the product NDC is included is configured as ‘Active’ (Refer to FAAM.IMM.01.10)
Based upon the above checks, the system shall behave as follows:
When any of the above conditions is NOT true, the system shall continue processing thru DE.01.244
When ALL the above conditions are ‘True’, the system shall continue to DE.01.1352",No
FARx.DE.01.1346,Removed Requirement,
FARx.DE.01.1352,"The system shall display the following Protocol Immunization prompt if Data Entry is not initiated as a part of the following:
Filling an Immunization gap (Refer FARx.IMM.10) 
""New Rx - Immunization Request"" QT item. (Refer FARx.QT.10) 
Vaccine Clinic Process (Refer FARx.VCP.01)
The prompt shall have a message indicating to the user if the prescription is a written immunization prescription i.e., written by a prescriber. 
The prompt shall have the following user options:
Yes (Refer to DE.01.1353)
No  (Refer to DE.01.1354)",No
FARx.DE.01.1353,"Upon the user selecting Yes on the Protocol Immunization prompt, the system shall behave as follows:
The system shall not auto-populate the Data Entry Screen and continue to DE.01.2168.",No
FARx.DE.01.2168,"If the App option “Enable Enhanced Immunization/Device Workflow” (Refer to FAAM.AP.01b, Corporate Root # 1869) is set to Yes, system behaves as below. If set to No, continue to next applicable field on the Data Entry screen.

The system shall display a prompt to confirm if admiration type is Dispense only when the Immunization is a written Rx.

“Did the Prescriber Indicate on the prescription to Dispense only?” 

System shall display below options on the prompt.
Yes: 
On selecting Yes, system shall set the Administration type for the Immunization as “Dispense Only”.

No: On selecting No, system shall set the Administration type for the Immunization as “Walk In” and perform DE.01.2502.

System shall not auto-populate the Data Entry Screen for a written Immunization Rx and continue to the next applicable field on the Data Entry Screen once the prompt is dispositioned.",No
FARx.DE.01.1354,"Upon the user selecting No on the Protocol Immunization prompt, the system shall perform as follows:

When the prescription is for a COVID Immunization Type drug, the system shall check the NDC Usage Indicator (FAAM.IMM.01) and behave as follows:
If Drug NDC entered is configured as Single, the system shall auto populate the Data Entry Screen per DE.01.1347
If Drug NDC entered is configured as Multi-dose
Display a prompt to capture COVID Dose Number information – Refer to DE.01.2406
If Drug NDC entered is configured as Booster
DO NOT display the prompt to capture the COVID Dose Number information 
Systematically capture Dose Number for the current Rx as 3
Display of a prompt to capture COVID Last Dose Information - Refer to FARx.LDA.01
If Drug NDC entered is configured as Single & Booster
Display Dose Type information prompt - refer to DE.01.2504
If Drug NDC entered is configured as Multi-dose & Booster
Display Dose Type information prompt - refer to DE.01.2504

When the prescription is NOT for a COVID Immunization Type drug, the system shall auto populate the Data Entry Screen per DE.01.1347, modified by DE.01.2502",No
FARx.DE.01.3021,"When system auto-populates the prescription attributes on the Data Entry screen and a prescriber record is found corresponding to the identified pharmacist (Refer to FARx.IMM.20) and the conditions mentioned below are true: 
“Enable R54 Clinic Workflow IMZ Enhancements” option is set to ‘Yes’ (Refer to FAAM.AP.01b Corp Root Option #2160).
The immunization request is initiated as a Walk-In.
The immunization request is either of the following:
COVID
Non COVID
The source of the registration is In-Store
The ‘Drug’ selection is complete and the following Immunization conditions are true:
“Enable Immunization” is set to ‘Yes’ for the store  (Refer to FAAM.AP.01b Corp Root option #738).
Entered drug’s NDC is ‘included’ on a NDC table for any Immunization Type configured in the state where store resides (Refer to FAAM.IMM.01.33).
Immunization type on which the product NDC is included is configured as ‘Active’ (Refer to FAAM.IMM.01.10).
All of Immunization Validations are passed (refer to FARx.IMM.01).
The Rx Origin Code is: 5 Transfer/Pharmacy Dispensing.
The ""Export Protocol Physicians by State"" is set as Non-Protocol (Refer to FAAM.IMM.01).
The store of the immunization prescription is filled as a non-protocol state.
THEN,
The system shall auto-populate the prescriber record with pharmacist on duty prescriber record.",No
FARx.DE.01.2504,"The system shall display a prompt to capture the COVIS Dose Type as follows:
Text indicating user to select from the following options, when available:
Series 
Booster Dose 
User actions:
Select dose number - Upon selecting a valid dose type value, the system shall perform as follows:
When Series is selected, check if the drug NDC is multi or single dose and behave as follows:
If Drug NDC entered is configured as multi dose, display a prompt to capture COVID Dose Number information – refer to DE.01.2406
When Drug NDC entered is NOT configured as multi dose, continue with the data entry – continue to DE.01.1347 
note: the look back check in DE.01.2405 is NOT performed
When Booster Dose is selected, behave as follows:
Systematically associate the dose number as 3 for the current Rx
Close the dose number prompt
Display a prompt to capture COVID Last Dose Administration Information - Refer to FARx.LDA.01
note: the look back check in DE.01.2405 is NOT performed

Exit: Upon selection, behave as follows:
Close the Dose Number prompt
Place the cursor focus back on the Drug field
Clear the Drug field",No
FARx.DE.01.2502,"The system shall evaluate if all the following are true:
“Enable Store Walk-In Workflow for COVID Immunizations” is enabled (refer to corp option # 2052, FAAM.AP.01b)
“Enable COVAX Booster and Coadministration  Enhancements” (refer to corp option # 2121, FAAM.AP.01b) = Yes
Manual data entry was initiated for a script received from Digital
User selects a drug whose NDC is for an immunization type = COVID
When All these conditions are met, the system shall check if the selected NDC matches to a configured NDC for the immunization type (refer to FAAM.IMM.01):
If matching NDC is found, the system shall continue to DE.01.2405
If matching NDC is NOT found, the system shall display an error message informing the user of the same
Continuing from the message closes the message and places focus back on the Drug field.",No
FARx.DE.01.2405,"The system shall evaluate if all the following are true:
“Enable Store Walk-In Workflow for COVID Immunizations” is enabled (refer to corp option # 2052, FAAM.AP.01b)
“Enable (Jul) Immunization Workflow Enhancements” (refer to corp option # 2079, FAAM.AP.01b) = Yes
Manual data entry was initiated from either Patient Profile or IMZ Profile
The selected drug NDC is for an immunization type = COVID
The selected drug NDC is configured as a multi dose (refer to FAAM.IMM.01)
The prescription was NOT initiated from Digital
When All these conditions are met, the system shall check (Drug field level validation) the patient’s profile to find the most recent prescription for which the following are true:
Rx whose NDC (match on first 9 digits) is the same as that of current Rx being data entered was filled within “# Days to look back for COVID Rx in profile to set Dose Number for Rx being manually data entered” (Refer to FAAM.AP.01b, corp option # 2110) from current date.
Rx has a SOLD status (Note: IMZ Rx does not have refills)
Rx is a Dose 1 i.e. Dose Number was = 1
When the above conditions are met, the system shall systematically associate the dose number as 2 for the current Rx and continue data entry.
When the above conditions are NOT met, the system shall display a prompt to capture the dose number – continue to DE.01.2406
When any of these conditions are NOT met, the system shall continue to DE.01.1347",No
FARx.DE.01.2406,"The system shall display a Question prompt to capture COVID dose number as follows:
Text asking what does the patient need with the following options listed:
Start Vaccination (Dose 1)
Only Dose 2
Only Dose 3
Note, more dose options may be dynamically presented based on the configurable value of Max Dose – refer to FAAM.IMM.01 (example if Max dose = 4, then a 4th dose option would display)
Navigation options:
Select – refer to DE.01.2407
Exit – refer to DE.01.2410",No
FARx.DE.01.2407,"When Select is chosen, the system shall perform based on the option number entered:
When 1 is selected, the system shall behave as follows:
Capture Dose number for the current Rx as 1. 
Close the dose number prompt
Send a request to digital to get all available dates and corresponding time slots for scheduling 2nd/3rd dose (Refer to FAIN.RTL.114)
NOTE: The response from digital (i.e. response received with appointment details or no appointment details received due to unavailability of time slots or an exception/time out) shall display after completing Immunization Information screen data entry (refer to DE.01.565)
Continue to perform QAD checks FARx.IMM.29
When any option>1 is selected, the system shall behave as follows:
Capture Dose number for the current Rx as the value of the dose number. 
Example 1: If Only 2nd Dose is selected, capture Dose Number as 2
Example 2: If Only 3rd Dose is selected, capture Dose Number as 3
Close the dose number prompt
Display a prompt to capture last dose information from the patient (Refer to FARx.LDA.01)",No
FARx.DE.01.1347,"When all of the Immunization validations are passed, the system shall auto-populate the following fields on the Data Entry screen:

DAW: 0 - No Product Selection Indicated
Origin Code: 5 - TRANSFER/PHARMACY DISPENSING
SIG: PHARMACY ADMINISTERED
Prescribed Quantity: 
When Rx is for a COVID original dose - Package size of the drug (Refer FAAM.IMM.01) 
When Rx is for a COVID Booster - Refer to FARx.ET.01.2629
Refill Quantity: 0
Refills Prescribed: 0
Dispensed Quantity: Follow rules for Prescribed Quantity
Days Supply: 1
Prescriber: 
When the new Rx is created manually from patient profile, the System shall auto-populate the prescriber field with the Protocol Physician name configured in Corp Admin by State/ Store (Ref FAAM.IMM.01).
This field will be non editable if it is auto populated.
When the prescriber option a state is age dependent, refer to FARx.DE.01.2227
Third Party: No change 
Rx Date Written: Current date 
Rx Expires On: No change
Number in Order: 1
Promised Time:  
When a new Rx is created manually, the system shall populate Promised Time field as waiting in store + 15 mins (W+15). 
When Rx is created from NEW Rx Immunization Request – No change. Refer to FARx.GEN.01.629 # 2, K  
If “Enable Scheduled MealBreak Time” (Refer to FAAM.AP.01b, Regulatory Root #1822) master switch is set to Yes, when all existing calculations have been executed, the final promised date and time will be set as per FARx.TT.02 Alternate Flow 2 (if applicable)

Promised Date: The system shall auto-populate this field as.
 When a new Rx is created manually, the system shall populate Promised Date field as corresponding date after 15 mins 
When Rx is created from NEW Rx Immunization Request, No change. Refer to FARx.GEN.01.629 # 2, K 

Note: The system shall perform all of the field validations as needed (Refer to applicable field requirements mentioned in this FAD).",No
FARx.DE.01.2227,"Prescriber

When ""Enable R61 IMZ Enhancements"" switch is set to “Yes” (refer to Corporate Root #2244 FAAM.AP.01b), the prescriber option is age dependent and the patient’s age falls within min/max age range
When the Prescriber Option is set as 'Protocol Physician' populate with Protocol Physician 
When the Prescriber Option is set as 'RPh Prescriptive Authority' populate with 'pharmacist on duty' as per existing functionality
When the Prescriber Option is set as 'No Auto Population' leave the prescriber field as blank",
FARx.DE.01.1348,"Once the Data Entry fields are auto-populated as mentioned in DE.01.1347, the system shall 
Set the cursor focus on Prescriber field only if Prescriber is not auto populated. Else system sets focus is on the navigation options.
Set Administration Type for the Immunization Rx as “Walk In”.",No
FARx.DE.01.1349,"The system shall re-check the immunization conditions as mentioned in refer to DE.01.564 when the user edits the drug field anytime during Data Entry after successfully auto populating the fields as mentioned in DE.01.1347 
When any of the conditions mentioned in DE.01.564  is NOT true, system shall continue from DE.01.1351
When ALL the conditions mentioned in DE.01.564 are ‘True’, the system shall continue to DE.01.1346 and auto-populate the fields again.",No
FARx.DE.01.1351,"When any of the conditions mentioned in DE.01.564  is NOT true, system shall 
Remove the auto-populated information from the fields mentioned in DE.01.1347 except below.
Rx Date Written Field: No change
Third Party Field: No change 
Set the DAW field: 0
Rx Expiration: No change
Promised Time:
When Rx is created from Generate Rx  – No change.
Promised Date
When Rx is created from Generate Rx  – No change.
Continue processing thru DE.01.2065",No
FARx.DE.01.2065,"The system shall run Preorder Rx Fill Level Indicator check and perform following;
Set applicable Preorder Rx Fill Level Indicator as;
New to Preorder Rx program
Continuation fill to Preorder Rx program
Not applicable for Preorder Rx program
Excluded from Preorder Rx program 
Refer to FARx.PRx.01 for detailed logic on setting Preorder Rx Fill Level Indicator
Continue processing thru DE.01.244",No
FARx.DE.01.244,"After the ‘Drug’ selection is completed during data entry for a non-Specialty Connect prescription initiated from the Triage queue (e.g. pre-entered Rx, Unmatched Fax) where the system has not yet calculated a promise date and time value, the system shall calculate the Promise Date and Time as per the following rules: 


For Non-compounded products:
System shall determine if the GCN_SEQNO or HIC3 for the selected product is on the “Workflow Acute” Inclusion List (Refer to FAAM.DP.01)
Set the Promised Date and Time as follows:
When the product is included (i.e. on the list and not excluded):
Set Promised Date and Time = Induction Time + Acute Drug Default*
If “Enable Scheduled MealBreak Time” (Refer to FAAM.AP.01b, Regulatory Root #1822) master switch is set to Yes, when all existing calculations have been executed, the final promised date and time will be set as per FARx.TT.02 Alternate Flow 2 (if applicable)
(* For Acute D–ug Default value - Refer to Corp App option # 405)
In the above case, the system shall classify the Rx fill as “Acute” (Refer to FARx.QU.01, FARx.ET.01.338)

When the product is NOT on the inclusion list (i.e. excluded):
Set Promised Date and Time = Induction Time + Maintenance Drug Default 
(** For Maintenance D–ug Default value -Refer to Corp App option # 406)

For Compounded products:
Set Promised Date and Time = Induction Time + Maintenance Drug Default 
If “Enable Scheduled MealBreak Time” (Refer to FAAM.AP.01b, Regulatory Root #1822) master switch is set to Yes, when all existing calculations have been executed, the final promised date and time will be set as per FARx.TT.02 Alternate Flow 2 (if applicable)
(** For Maintenance D–ug Default value - Refer to Corp App option # 406)

For ALL products:
When Promised Date and Time (determined above) is less than 15 minutes from the current system time, the system shall:
Set Promised Date and Time = current system time + 15 min

When the Patient Delivery Option is set to ‘Yes’, system shall flag the prescription fill as ‘Delivery’ if Corp Root Option #1203 is set to Enable and Corp Root Option #1204 is set to Enable – Existing or Corp Root Option #1203 is set to Disable
If “Enable Scheduled MealBreak Time” (Refer to FAAM.AP.01b, Regulatory Root #1822) master switch is set to Yes, when all existing calculations have been executed, the final promised date and time will be set as per FARx.TT.02 Alternate Flow 2 (if applicable)",No
FARx.DE.01.245,"For new prescriptions where the system has calculated the promise date and time value (DE.01.244), the system will “look forward” in the workflow action queues (i.e. QP, QV) to determine if the same patient (match on system ID) has any other prescription-fills in workflow with a Promised Date and Time less than the calculated value
If one or more matches are found, the system shall set the Promised Date and Time of the current prescription-fill to the same time as the matched prescription-fill with the earliest Promised date / time
If the determined Promised Date and Time (as per the rules above) is less than 15 minutes from the current system time, the system shall set Promised Date and Time = current system time + 15 min 
If “Enable Scheduled MealBreak Time” (Refer to FAAM.AP.01b, Regulatory Root #1822) master switch is set to Yes, when all existing calculations have been executed, the final promised date and time will be set as per FARx.TT.02 Alternate Flow 2 (if applicable)
System shall retain the Delivery flag of the current prescription fill when the above rules are applied",No
FARx.DE.01.130,"Rx Origin Code
The system shall display the Rx Origin Code field as:
blank when entered from the main menu or patient profile
Populated as indicated by DE.01.239 when selected from the Triage queue
 Populated as indicated by DE.01.1060 when selected for TP Plan Benefit Consult Request
When the cursor focus is on the Rx Origin Code field then the system shall display the NCPDP values in the field level help of Rx Origin Code in the order mentioned below:
     Enter the Rx Origin Code as follows:
1 – Written
2 – Telephone
3 – Electronic ( eRx)
4 – Fax
5 – Transfer/Pharmacy Dispensing
0 – Not Known
Entry of Rx Origin Code should be mandatory
If/when a value is entered, system shall validate vs. the same NCPDP values
System shall display the error message if the user has entered the incorrect value in the Rx Origin Code field or the Rx Origin Code field has been left blank.
“Invalid entry, Please enter the correct Rx Origin Code”

If the prescription source is not received electronically via PPI or CVS to CVS Transfer (Electronic transfer), and the user entered a ‘3’ or ‘5’ in the Rx Origin Code field, the system shall display an error message “Rx Origin of 3 and 5 are allowed only on electronic prescriptions”  
If the user chooses the Change Line Option and attempts to Change an Rx Origin Code value that has been populated,  a warning shall be displayed to the user indicating that the value has been populated based on the Origin of the prescription
The warning message should have the following verbiage: 
“Value is based upon the origin of the prescription. It should be changed for rectifying an incorrect value.”
The value entered / generated during data entry shall be retained for the life of the prescription
After entering the Rx Origin Code, cursor shall focus on line 4 (SIG).",Yes
FARx.DE.01.131,"Once the dispensed drug has been determined the system shall populate the “Drug Manufacturer” field as follows:
If the name of the distributor associated to the dispensed drug is available, populate with the distributor name
If there is no distributor associated to the dispensed drug populate with the manufacturer of the selected drug",Yes
FARx.DE.01.12,"SIG Field
Moved these requirements to Alternate Flow 15 along with other updates related to Retail Workload Sharing project.",
FARx.DE.01.13,Moved these requirements to Alternate Flow 15 along with other updates related to Retail Workload Sharing project.,
FARx.DE.01.14,Moved these requirements to Alternate Flow 15 along with other updates related to Retail Workload Sharing project.,
FARx.DE.01.150,Moved these requirements to Alternate Flow 15 along with other updates related to Retail Workload Sharing project.,
FARx.DE.01.15,Moved these requirements to Alternate Flow 15 along with other updates related to Retail Workload Sharing project.,
FARx.DE.01.727,"As focus is moved to the Prescribed Quantity field, the system shall evaluate the following conditions:
The ‘Display Quantity Messages Option’ is ‘ON’ (refer to FAAM.AP.01b Corp Option # 864)
The ‘Prescribed Qty Display’ Checkbox is checked for the NDC of the dispensed drug (refer to FADP.PM.01.111)

When ALL of conditions are NOT true, the focus will remain in the Prescribed Quantity field allowing the user to enter a value. Once the value is entered, the system shall continue to FARx.DE.01.16

When ALL the above conditions are true, the system shall display the Prescribed Quantity message (dialog) below to capture the Prescribed Quantity value:
Title: Prescribed Quantity Message
Message: configured text (refer to FADP.PM.01.109)
Navigation Options:
Enter Prescribed Quantity (XXXXXXX.XXX)

The system shall set the focus to the dialog’s Navigation bar 
If the Prescribed Quantity field has a previously entered value, the system shall display the previously entered value in the dialog’s Navigation bar (highlighted and editable)
The system shall NOT allow the user to continue from the dialog box without entering a valid numeric value for the Prescribed Quantity field in the navigation bar per existing validation checks (refer to FARx.DE.01.16)
Once the value is entered, the system shall close the dialog box and continue to FARx.DE.01.17",No
FARx.DE.01.1121,"The help text for the Prescribed Quantity field shall display as the following:

“Enter Prescribed Quantity”

If the “Initiate Prescriber Request” option is set to “Enable” (Refer to FAAM.AP.01b Corp Root #1294) the system shall include the following*: 
“To initiate a prescriber request enter: 
 -  /PR”
When entered here the system shall skip any field validations and proceed to the prescription request. (Refer to FARx.IPR.01)
*Not available in offline",Yes*
FARx.DE.01.16,"The system shall validate the Prescribed Quantity:
The system shall allow values up to 10 digits in length (not including decimal point).
The system shall support entry of metric decimal quantities (i.e. not whole numbers).
The system shall support the following quantity field sizes:
Prescribed Qty:  Seven (7) digits to the left and three (3) digits to the right of the decimal point ( e.g. 1234567.123).
Dispensed Qty: Seven (7) digits to the left and three (3) digits to the right of the decimal point ( e.g. 1234567.123).
Refill Qty: Seven (7) digits to the left and three (3) digits to the right of the decimal point ( e.g. 1234567.123).
Qty Owed (Qty Remaining): Ten (10) digits to the left and three (3) digits to the right of the decimal point.
The system shall suggest a quantity based on the MDQ rules (FADP.PR.01)",Yes
FARx.DE.01.17,"The system shall allow the user to input a Quantity Multiplier, followed by a flag (flag is the letter P) to signify entry of a Quantity Multiplier.
Thus, the Prescribed Quantity ( (Quantity Multiplier) * (Suggested Quantity)
Where suggested quantity is equal to the suggested quantity based on the MDQ (FADP.PR.01.14). If no suggest quantity exists the system shall use Pack Size instead of Suggested Quantity
The Prescribed Quantity must be greater than zero.",Yes
FARx.DE.01.18,"Refill Quantity shall be defaulted to the Prescribed Quantity. If the user chooses to modify the Refill Quantity the system shall follow the same rules for entering a Prescribed Quantity with the exception of  FARxDe.01.727 (Refer to FARx.DE.01.16, FARxDe.01.17)",Yes
FARx.DE.01.19,"The user enters the number of refills prescribed.
Entry of the literal value “PRN” in the Refills Prescribed field shall allow the Rx to be filled based on the Maximum Number of Days from Date Written (based on Product schedule) and Maximum Number of Refills Prescribed (Based on Product Schedule) Application Options.

Entry of PRN in the Refills Prescribed field:

 1.) The system shall set the Expiration Date based on the “Number of Days from Date Written to Set Rx Expiration Date” application option based on the dispensed product schedule.

 2.) The system shall display the Refills Prescribed as “PRN.”

 3.) Set the Quantity Remaining = Written Quantity + (Refill Quantity * “Maximum Number of Fills Allowed” application option based on the dispensed product schedule.) – Dispensed Quantity
The system shall NOT allow entry of PRN value in the Refills Prescribed field when the Dispensed Product is a controlled substance.
An Application option will be provided to Enable/Disable entry of “PRN” in the Refills Prescribed field for non-scheduled dispensed products
The system performs the following checks: 
Validates that the value entered does not exceed the maximum number of fills for the selected product schedule. This will be a configurable option
PRN fills not allowed when the dispensed product is a controlled substance. 
The system shall enforce maximum Refills Allowed based on schedule of Dispensed Product, this will be configurable option (Refer FAAM.AP.01)

The system shall validate that the refill value entered in the Refills Prescribed field does not exceed the calculated Remaining Refills minus one (refer to FARx.GEN.01.218 – Generate Rx) when the following conditions are true:
Generation for a refill authorization
Class 3, 4, or  5 drug at the state or federal level (Refer to FARx.DEA.01)and the application option “Request New Rx when Expired or Maximum Fills for <drug class> have been reached” for the drug class is set to Yes , Refer to FAAM.AP.01b – Application Regulatory Options #343, #344, #345

 (Refer to FARx.GEN.01.211 – Generate Rx)",Yes
FARx.DE.01.20,"If the user does not enter a value for Refill Prescribed, the system defaults it to zero.
If the user enters a value the system shall validate that the value is an integer between 0 and 99.",Yes
FARx.DE.01.54,"When the entered or defaulted Refills Prescribed value = 0, the system shall set the Refill Quantity = 0.

Note: Original Fill quantity and Dispense quantity values will remain unchanged.",Yes
FARx.DE.01.56,"The system shall automatically populate the Refill Quantity and Refills Prescribed field to “0” (zero) in one of the following events: 

The user is dispensing a prescription for:
A schedule II product
Application Options setting for refills allowed for a CII product is equal to zero  

The user is dispensing a prescription for:
Product that is included on the REMS Drug list and configured for iPLEDGE (Refer to FAAM.REMS.01)
Application Option is set to ‘Yes’ for the store to perform REMS check  (Refer to Corp App option # 668)
 Application Option is set to ‘Allowed’ for the store to dispense iPLEDGE medication (Refer to Corp App option # 669)

The cursor focus shall be placed on the Dispensed Qty field bypassing the Refill Quantity and Refills Prescribed fields after the user has completed entry (selecting Enter) of the Prescribed Qty field.",Yes
FARx.DE.01.21,"Dispensed Quantity will be defaulted to the Prescribed Quantity. If the user chooses to modify the Dispensed Quantity the system shall follow the same rules for entering a Prescribed Quantity with the exception of FARx.DE.01.727 (Refer to FARx.DE.01.16, FARxDe.01.17)",Yes
FARx.DE.01.22,"The system performs the following checks:
The dispensed quantity is greater than zero
The dispensed quantity is a multiple of the package size (or minimum dispense quantity) 
The dispensed quantity must be less than or equal to Rx quantity remaining
When the dispensed quantity is greater than Rx quantity remaining, system shall display the following error message:

Title:  Dispensed Quantity Error
Message:  “Dispensed Quantity <Dispensed Quantity value> cannot be greater than the Quantity Remaining <Rx Quantity Remaining value>.  Please re-enter.”

When the dispensed quantity is less than the than Rx quantity, the Non-CVS Sourced OTC configuration is set to “Enabled” (Refer to FAAM.AP.01b Corp Option # 1093) for the store, the Store in Store Type equals “Target” (Refer to FAAM.FM.01), and the drug is in the SIS OTC Inclusion List (Refer to FAAM.SIS.01), the system shall display the following error message

Title:  Dispensed Quantity Error
Message:  “Dispensed Quantity must match Rx Quantity for this drug. Please re-enter.”",Yes
FARx.DE.01.246,"When the new Rx data entry is initiated via Main Menu or Patient Profile, for a non-Specialty Connect prescription, the system shall check the status of the “Enable Inventory Management Functionality” (FAAM.AP.01b, option 876) regulatory root application option.
If the option is set to “No” the system shall validate that there is sufficient inventory to fill the prescription.
If the system identifies that there is insufficient inventory, and the Rx is not eligible for CRP workflow (Refer FARx.CRP.01) or if the Rx Fill (00) has been processed through CRP Workflow already, then the system shall display the partial fill dialogs  (Refer to FARx.PF.01 Partial Fill)
Continue from FARx.DE.01.23 
If the “Enable Inventory Management Functionality” app option is set to “Yes”, the system shall behave in the following manner:
The system shall not perform the inventory check when the prescription needs to be inducted in QV for NP Review (Refer to FARx.QA.13) and shall continue from FARx.DE.01.61.
When the prescription does not need to go to QV for NP Review, the system shall run the inventory check and continue from FARx.DE.01.2320.

Note: If the Rx is eligible for CRP workflow, (Refer FARx.CRP.01), then the partial fill dialogs are suppressed during Data Entry.

When a new Rx is being data entered via Rx bundling workflow (Refer to Alt. flow 22), the system shall not perform inventory checks.

If the Non-CVS Sourced OTC configuration is set to “Enabled” (Refer to FAAM.AP.01b Corp Option # 1093) for the store, the Store in Store Type equals “Target” (Refer to FAAM.FM.01), and the drug is in the SIS OTC Inclusion List (Refer to FAAM.SIS.01), the system shall not perform the inventory check, and shall continue to FARx.DE.01.23",No
FARx.DE.01.2320,"When the inventory check fails and the following conditions are true:
Enable Resequence Out of Stock is set to 'Yes' [Refer to FAAM.AP.01b #2021] OR Enable RxOptimizer is set to 'Yes' [Refer to FAAM.AP.01b #2020]
The Rx is NOT Specialty Connect.
The fill is NOT for a compounded drug.
Then the system shall suppress Insufficient quantity/OOS dialog (Refer to FARx.EAN.01.2509)

When the inventory check passes, then the system shall continue to FARx.DE.01.23.",No
FARx.DE.01.2402,"When both the Enable Resequencing Out of Stock switch (FAAM.AP.01b, Corp Root # 2021) and RxOptimizer Program switch (Refer to FAAM.AP.01b – Corp Root 2020) are set to No, before displaying the Insufficient Qty dialog/message, the system shall run the Central Fill (CF) eligibility checks on the script-fill and mark the script-fill as eligible for CF, when it meets all of the below criteria.
The script-fill was not pulled back (retrieved) earlier on the  Home Store.
The pharmacy (Home Store) at where the script-fill is being created is enabled for Central Fill Functionality (Refer to FAAM.CF.01 for configuration details)
Dispensed NDC of the script-fill is enabled as Central Fill Eligible (Inventory Management Inclusion List) (Refer to FAAM.CF.01 for configuration details)
The Third Party Plan associated to the prescription-fill is NOT present in the Central Fill Configurations – Third Party Plan Exclusion List (Refer to FAAM.CF.01 for configuration details)
The Central Fill facility assigned to the Home Store is Not Offline*
Dispensed NDC QAD < Dispensed Qty. required to fill this script-fill (when inventory checks are run)
The script fill should not be associated with a cancel request.
Patient has Opted In for Patient's Central Fill preference (Refer to FARx.CF.01).

These checks can be run when QAD checks are performed / Third Party was changed - the Third party(ies) is used from the data populated in the third party field on the data entry screen), before displaying the Insufficient quantity/OOS dialog when applicable

Note: In case one of the switch - Enable Resequencing Out of Stock switch (Refer to FAAM.AP.01b, Corp Root # 2021) or RxOptimizer Program switch (Refer to FAAM.AP.01b – Corp Root 2020) is set to Yes, these checks would run post adjudication (Refer to FARx.TP.04.151)
EXAMPLE 1:
1. Rx 123 Fill 00 is created in Home Store 00273
2. Rx 123 Fill 00 is identified as CF eligible 
3. After Data Entry Review, Rx 123 Fill 00 is moved to Central Fill Store 06665 as Print Ready
4. From Home Store 00273, Rx 123 Fill 00 is pulled back (via Retrieve Rx navigation option)
5. Rx 123 Fill 00 is in QI as Pending Inventory (based on the decision taken by the Colleague) in Home Store
6. After Inventory is received, Rx 123 Fill 00 is processed to Scan Ready
7. Edit the Rx and change the Quantity and credential
8. Ideally CF eligibility check should be triggered BUT will not be as script fill was Pulled back (via Retrieve Rx navigation option)
9. Complete filing the Rx 123 Fill 00 in Home Store (Data Entry Review -> Print Ready -> Scan Ready -> Production Review -> Waiting Bin -> Sold)
10. Refill Rx 123 Fill 01
11. Rx 123 Fill 01 is identified as CF eligible


EXAMPLE 2:
1. Rx 1234 Fill 00 is created in Home Store 00273
2. Rx 1234 Fill 00 is identified as CF eligible
3. After Data Entry Review, Rx 1234 Fill 00 is moved to Central Fill Store 06665 as Print Ready
4. From Home Store 00273, Rx 1234 Fill 00 is pulled back (via Retrieve Rx navigation option)
5. Rx 1234 Fill 00 is in QP as Print Ready (based on the decision taken by the Colleague) in Home Store
6. Rx 1234 Fill 00 is processed to Scan Ready in Home Store
7. Choose Out of Stock and credential
8. Ideally CF eligibility check should be triggered BUT will not be as script fill was Pulled back (via Retrieve Rx navigation option)
9. When inventory is received, complete filing the Rx 1234 Fill 00 in Home Store (QI -> Print Ready -> Scan Ready -> Production Review -> Waiting Bin -> Sold) per current functionality 
10. Refill Rx 1234 Fill 01
11. Rx 123 Fill 01 is identified as CF eligible.


EXAMPLE 3:
1. Rx 123 Fill 00 is created in Home Store 00273
2. Rx 123 Fill 00 is identified as CF eligible.
3. After Data Entry Review, Rx 123 Fill 00 is moved to Central Fill Store 06665 as Print Ready
4. From Home Store 00273, Rx 123 Fill 00 is pulled back (via Retrieve Rx navigation option)
5. Rx 123 Fill 00 is in QI as Pending Inventory (based on the decision taken by the Colleague) in Home Store
6. After Inventory is received, Rx 123 Fill 00 is processed to Scan Ready
7. Delete the Rx and place it On Hold
8. Now process the On Hold Rx 
9. At the end of On Hold Rx processing, ideally CF eligibility check should be triggered BUT will not be as script fill was Pulled back (via Retrieve Rx navigation option)
9. Complete On Hold processing of the Rx 123 Fill 00 in Home Store (Data Entry Review -> Print Ready -> Scan Ready -> Production Review -> Waiting Bin -> Sold)
10. Refill Rx 123 Fill 01
11. Rx 123 Fill 01 is identified as CF eligible.


EXAMPLE 4:
1. Rx 123 Fill 00 is SOLD and Rx 123 Fill 01 is created in Home Store 00273
2. Rx 123 Fill 01 is identified as CF eligible.
3. After Data Entry Review, Rx 123 Fill 01 is moved to Central Fill Store 06665 as Print Ready
4. From Home Store 00273, Rx 123 Fill 01 is pulled back (via Retrieve Rx navigation option)
5. Rx 123 Fill 01 is in QI as Pending Inventory (based on the decision taken by the Colleague) in Home Store
6. After Inventory is received, Rx 123 Fill 01 is processed to Scan Ready
7. Delete the Rx Fill 
8. Now re-process the Rx 123 and so Fill 01 will be processed into the application 
9. At the end of Fill01 Refill processing, ideally CF eligibility check should be triggered BUT will not be as script fill was Pulled back (via Retrieve Rx navigation option)
9. Complete refill processing of the Rx 123 Fill 00 in Home Store (Data Entry Review -> Print Ready -> Scan Ready -> Production Review -> Waiting Bin -> Sold)
10. Refill Rx 123 Fill 01
11. Rx 123 Fill 01 is identified as CF eligible.
EXAMPLE 5:
Locked Rx(Examples below)
Data Entry Review
Edit Rx
Create QT line item – Cancel Rx
Assume user Process the locked Rx. After credentials, when the CF eligibility check  are triggered and  if Rx will be ineligible to be assigned to CF store as there is a cancel Rx QT line item . 
No changes will be saved now and  similar message as CF store message will be displayed to alert user that it will not be processed.
Remove the Rx from  Home Queue visibility 
The Rx will be marked deleted when user processed the QT line item , until then the",Yes*
FARx.DE.01.23,"The system shall perform the following checks:
The Dispense Quantity will not be greater than prescribed quantity if product is define– as a schedule 2 - 5 by state specific regulations.
Partial fills cannot be created for compounds.
The Dispense Quantity may be greater than Prescribed Quantity for Legend Rx and OTC dispensed products only.
Once all the checks have been validated, the partial quantity value entered shall be displayed in the Dispensed Quantity field with the following details displayed next to the Dispensed Quantity field:
-Partial X of Y
Where: 
“X” is the partial quantity 
“Y” is the prescribed quantity",No
FARx.DE.01.61,"For the standard SIG Code (e.g. 2PQ46, T1TSQ34, 2TQOD etc.) available in database, the system shall calculate and populate the days supply (Refer to FARx.DE.01.24) 

For the nonstandard SIG (e.g. entered as free text), the system shall prompt the user to enter the days supply. (Refer to FARx.DE.01.729)",No
FARx.DE.01.24,"The application shall systematically derive the Days supply when the user enters the directions for use by entering a SIG Code. 
The Days Supply is calculated by using the following values associated to the entered SIG code in English (The application should not be looking at the values associated in languages other than English to calculate the days supply):
Latin Frequency Code
Latin Frequency Qty
Qty Per Dose
Conversion Factor (Multiplier)
Note: The system shall have the ability to identify the associated Latin Frequency Code, Latin Frequency Qty, Qty Per Dose (max unit per dose) and Dispensable Units when a SIG Code is used. (Refer to FAAM.SI.01_SIG Administration)
Refer to Appendix 3 for Days Supply formula details and Appendix 4 for examples
Latin Frequency Code, Latin Frequency Qty and Qty Per Dose are mandatory to calculate the Days Supply. 
If Conversion Factor (Multiplier) is not available, system shall use a default value of “1”.
Total Daily Dose is also associated to a standard SIG Code. (Refer to FAAM.SI.01_SIG Administration). Total Daily Dose, if available, shall be used for DUR dosing only. 
If Total Daily Dose is not available, system shall calculate and store the Total Daily Dose to be used for DUR dosing. (Refer to FARx.DE.01.25 for the formula details for calculating the Total Daily Dose)
The user will not have the ability to edit the Days Supply value if the system performed the calculation and populated the Days Supply field. 
The system shall not calculate the Days Supply and shall prompt the users to enter the Days Supply if 
For standard SIG Code the above values (Latin Frequency Code, Latin Frequency Qty and Qty Per Dose) are not available
Entered SIG Codes is a nonstandard SIG Code
(Refer to FARx.DE.01.729)",Yes
FARx.DE.01.729,"When the user manually enters a Days Supply value (i.e. the system did not calculate), the system shall evaluate the following conditions:
The field has no existing value
The ‘Display Dispensed Quantity/Days Supply Ratio Messaging’ Option is ‘ON’ (refer to FAAM.AP.01b Corp Option # 865)
NDC for the dispensed drug is included in the Dispensed Quantity/Days Supply Ratio Inclusion List (refer to FAAM.QDS.01)
Numeric value derived from dividing Dispensed Quantity by Days Supply is greater than the Max Expected Ratio value specified for the dispensed drug in the Dispensed Quantity/Days Supply Ratio Inclusion List (refer to FAAM.QDS.01)

When any condition above is NOT true, system shall continue to FARx.DE.01.25

When ALL the above conditions are true, the system shall display the Dispensed Quantity/Days Supply Message as follows:

Title: Dispensed Quantity/Days Supply Message
Message: configured text (refer to FAAM.AP.01b Corp Option # 867)
Navigation Options:
Continue (C)
Select C to continue to FARx.DE.01.25",No
FARx.DE.01.25,"Once the user has entered the Dispensed Quantity and Days Supply on the fill, the system shall calculate the Total Daily Dose for the prescription as per mentioned in FADU.DO.01


**FOR OFFLINE ONLY**
Once the user has entered the Dispensed Quantity and Days Supply on the fill, the system shall calculate the Total Daily Dose for the prescription as mentioned below:
Fills where no dispensable units are present: (e.g. tabs & caps)
Total Daily Dose =  
Dispensed Quantity/Days Supply

Fills where dispensable units is not null: (e.g. Inhalers)
Total Daily Dose= 
[(Dispensable Unit)*(Dispense Qty / Pack Size)] / Days Supply

Total Daily Dose shall be used for DUR dosing only.
The system shall automatically calculate the day’s supply on refills when the Dispense Quantity is updated or the dispensable units is present on a drug (e.g. inhalers). The system shall use the following calculation when determining the refill days supply:
Refills where no dispensable units are present:
Day’s Supply = 
Day’s Supply of Current Fill=Dispensed Quantity of Current Fill / Total Daily Dose from Previous Fill.

Refills where dispensable units is present:
Day’s Supply = 
[(Dispensable Units)*(Dispensed Qty of current fill/Pkg Size)]/ Total Daily Dose from Previous Fill.

If the user edits the Days Supply, the system shall re-calculate and store the Total Daily Dose as per the new Days Supply and Dispensed Quantity values entered by the user",
FARx.DE.01.62,"If the user changes the Days Supply without changing the Dispensed Quantity or if the system changes the Days Supply for a Script Sync enrolled Rx without changing the Dispensed Quantity  then the system shall display the following message (dialog) to capture the Dispensed Quantity value:

Title: Dispensed Quantity
Message: “Enter the Dispensed Quantity based on Days Supply of <X>” 
Where <X> is the Days Supply value that was entered by the user
Navigation Options:
Enter Dispensed Quantity (XXXXXXX.XXX)

System shall set the focus to the dialog’s Navigation bar 
The system shall NOT allow the user to continue from the dialog box without entering a valid numeric value for the Dispensed Quantity field in the navigation bar per existing validation checks (refer to FARx.DE.01.16)
Once the value is entered, the system shall:
Close the dialog box
Follow rules applied when Dispensed Quantity is modified (refer to FARx.DE.01.21)
The Days Supply field shall remain as entered above once the Dispensed Quantity field is populated",Yes
FARx.DE.01.26,"The Days Supply is always rounded down to the next whole number.  Except, when the nearest whole number is zero, round to 1. 
The system shall re-calculate the Days Supply if the Dispense Quantity is modified after the Days Supply is initially calculated.
When the user enters or the system calculates a days supply value, the following checks will apply:
A Value greater than ZERO is entered.
The value entered is < 999, per NCPDP guidelines. If the system calculates a Days Supply greater than or equal to 999, the system shall enter 999 in the Days Supply field
The value is a whole number.",Yes
FARx.DE.01.27,"The system shall NOT perform a days supply calculation when the following conditions have been met:
Eliminate Days supply Application Option is enabled 
AND
When the product selected matches one of the below defined route of administration or combined route of administration with POEM Dosage Form:
Route of Administration:
Ophthalmic
Topical
Subcutaneous              
Otic                           
Dental                          
Injection                       
Translingual      
Intramuscular                
Intracavernosal              
Miscellaneous. (med supply.; non-drug) 
Perfusion                      
Intra-articular
Route of Administration and POEM Dosage Form:
Transdermal                              Inch
Mucous Membrane                   Milliliter
Rectal                                       Milliliter
Subcutaneous                          Milliliter
Route of Administration and Dosage Form not supported by POEM:
Intravenous                        
Transdermal                       
Urethral                             
Vaginal                              
Transdermal                       
Mucous Membrane             
Rectal                                
Subcutaneous",Yes
FARx.DE.01.3582,"Perform updated QAD search logic during drug selection process while entering data for an Immunization prescription:

When the following conditions are true:
Applies to all IMZ Types.
Applies to all sources (In-Store, Digital, PCC, POS, Ironman, IVR).
Applies to both clinic, non-clinic flow.
System performs drug selection during data entry of Immunization prescription.

Then:
The system shall perform Quantity available to dispense (QAD) search based on the updated logic (refer to FARx.IMM.28 Alt Flow 1).",No
FARx.DE.01.983,"Prescriber Field:
When the user places the cursor focus on the prescriber field, the system shall determine if the drug has been entered:
If drug is not entered, the system shall continue from DE.01.782
If the drug is entered, the system shall check the ‘Enable store to have Prescriber Enhancement Functionality ‘(Refer to Corp Ro–t App Option # 1198 - FAAM.AP.01b) option configuration and behave as follows
If set to ‘Yes’, the system shall continue from DE.01.984
If set to ‘No’, the system shall continue from DE.01.779.",No
FARx.DE.01.984,"The system shall check the corresponding drug class’s configuration (eg CII, CII-N, etc.) in Corp Admin for ‘Recent Prescriber Details’ configuration (Refer to FAAM.PRS.01 Alt. Flow 1), based upon drug class of the dispensing drug,
If set to ‘Yes’ (checked for the corresponding class of drug), system shall continue from DE.01.985 for the display of prescriber search box
If ‘No’ (un-checked for the corresponding class of drug), system shall continue from DE.01.987 for the display of prescriber search box",N–
FARx.DE.01.985,"PE - Prescriber Help Box- with prescriber details: The system shall display prescriber search help box as mentioned below

Please Select: The system shall display prescriber details as per functionality mentioned in DE.01.986
Prescriber Name: Last Name, First Name  
Address or Phone No.: System shall display one of these two fields Address or Phone No based upon corresponding drug class (controlled vs. non controlled) and the respective configuration in Prescriber Details Configuration in Corp Admin (Refer to FAAM.PRS.01 Alt. Flow 1)
The system shall display values of the corresponding fields as it was used previously for the Prescription-fill.
NPI or DEA or SL# or CSR#: System shall display one of these four field, based upon corresponding drug class (controlled vs. non controlled) and the respective configuration in Prescriber Details Configuration in Corp Admin (Refer to FAAM.PRS.01 Alt. Flow 1),  
The system shall display values of the corresponding  fields as associated with the Prescriber (NPI/DEA #)/ Previous Rx Record (SL/CSR # - from the latest fill of the corresponding Rx*- DE.01.986)
*If the GCN of the current dispensing Rx is the same as one of the previous Rx for the same patient and the system has pulled that prescriber and address based on that Rx and GCN information (DE.01.986), the system shall be pulling the CSR/SL data from that Rx only regardless of the last Rx activity (e.g. if there are other Rxs present for the same patient under the same prescriber and address but with the different GCN) of the corresponding prescriber under that patient. If there are multiple Rx with the same GCN, the SL/CSR information from the latest Rx (Latest Rx Fill) will be picked up.

The system shall display NPI# / DEA # / CSR# / SL# fields and their respective values irrespective of their current status.
If values of the corresponding field are unavailable, the value of field shall be blank.   
OR Search By:
System shall display attributes for ‘Or Search By’ in help box based upon ‘Prescriber Search Criteria’ configuration setting in Corp Admin (Refer to FAAM.PRS.01 Alt. Flow 2 for the corresponding drug class-Controlled Vs non Controlled)
Refer to DE.01.988 for prescriber search logic

Note: When the user selects the prescriber from the prescriber field, the system shall continue from DE.01.783 to perform the Prescriber Field level checks",No
FARx.DE.01.986,"Recent Prescriber logic: 
The system shall display up to two prescribers information based on the previous drug (e.g. same GCN Seq No.) filled for the corresponding patient and based on the prescribers in the prescriber exclusion list..
The system shall check the patient’s profile*(see the NOTE below) to see whether the same drug (same GCN Seq No.) have been filled for the patient 
I– yes (the same drug - GCN Seq No. was filled), the system shall
Display the corresponding prescriber if not present in the prescriber exclusion list with the same address details selected on previous script on first line
Display the most frequently used prescriber if not present in the prescriber exclusion list for the corresponding patient on the second line
If there is no other prescriber found from the patient profile history based on the Rx Fulfillment activity, then the system shall display only one prescriber mentioned above
In case, more than 1 prescribers found based on the patient history, the system shall give the priority to the most recently used prescriber for that patient–. 
If No (same drug - GCN Seq No. was not filled OR filling for locally/corp admin added / compound drugs), the system shall 
Display the two most frequently used prescribers if not present in the prescriber exclusion list for the same patient
In case, more than 2 prescribers found based on the patient history, the system shall give the priority to the most recently used prescriber for that patient. 
If there is only one prescriber found from the patient profile history based on the Rx Fulfillment activity, the system shall display only one prescriber
If there is no prescriber found from the patient profile history based on the Rx Fulfillment activity, the system shall not display any prescribers in the list
*NOTE: 
(1) The system shall look back 1 year in the patient profile for getting Recent Prescriber Details.
(2) System shall have a list of the protocol doctors in the prescriber exclusion list",No
FARx.DE.01.987,"PE Prescriber Help Box- without prescriber details: The system shall display prescriber search help box as mentioned below.
Search By:
System shall display attributes for ‘Or Search By’ in help box below search by, based upon Prescriber Search Criteria Configuration setting in Corp Admin (Refer to FAAM.PRS.01 Alt. Flow 2 for the corresponding drug class -Controlled Vs non Controlled)
Refer to DE.01.988 for prescriber search logic

Note: When the user selects the prescriber from the prescriber field, the system shall continue from DE.01.783 to perform the Prescriber Field level checks",No
FARx.DE.01.988,"Prescriber Search logic:
When user is searching by any of prescriber search criteria, system shall compare the search criteria entered with search criteria available in help box (depending on Corp Admin setting - Refer to FAAM.PRS.01 Alt. Flow 2 for controlled vs Non controlled drug) and check if both criteria are same. 
If yes (entered search criteria matches the yellow help box search criteria), system shall allow prescriber search to be performed as per functionality mentioned in DE.01.29
If no (entered search criteria does not match the yellow help box search criteria), system shall display following error message 
Message Text 
“Invalid search criteria entered. Search using one of the indicated criteria in the Prescriber dialog box”
Upon continuing from error message, system shall Navigation option take user back user to prescriber field (Refer to DE.01.983)",No
FARx.DE.01.1038,"The system shall check if enhanced SP validations are marked during validation of manual data entry of new Rx,
If system has marked for enhanced SP validations then refer to FARx.DE.01.1039.
Else  (system has not marked) then refer to FARx.DE.01.1040",No
FARx.DE.01.1039,"The system shall check if supervising prescriber is needed and performs as follows:
If the system determines that Supervising Physician is needed, it displays the new Supervising Prescriber message (refer to alternate flow 26).
When the system determines No Supervising Physician needs to be associated to the prescription, the system continues to perform next data entry field validations without associating the Supervising Physician. (refer to FARx.DE.01)",No
FARx.DE.01.1040,"When the system has NOT marked the enhanced SP validations to be performed on the prescription, (i.e. in case ""enable Supervising Physician Functionality (version3)"" is set to no), the system continues to perform the SP association/validations checks per the existing functionality & follows existing behavior for data entry processing (refer to FARx.DE.01, FARx.PAE.01, FARx.PAE.02).
Note: The system performs the SP association/validations checks using below configuration
   - 'Enable store to perform prescriptive authority validations’ (refer to Reg Root App Option # 919 - FAAM.AP.01b
   - ‘Require the Supervising Prescriber to be associated to prescription’ (refer to Reg Root App Option # 112 - FAAM.AP.01b)
   - Practitioner Type(s) - Required Supervising Prescriber (refer to Reg Root App Option # 873 - FAAM.AP.01b)
   - Practitioner Type(s) – Used as Supervising Prescriber (refer to Reg Root App Option # 874 - FAAM.AP.01b)",No
FARx.DE.01.779,"The system shall determine the ‘Enable store to perform prescriptive authority validations’ (Refer to Corp Root App Option # 919 - FAAM.AP.01b) option configuration and behave as follows
If it set to ‘Yes’, the system shall continue from DE.01.780 to provide Prescriber Search Help Box functionality as per PAE
If it set to ‘No’, the system shall continue from DE.01.28 to display Pre-PAE Prescriber Search Help Box
Note: The above mentioned check is applicable only when the user has selected the prescriber
When the user selects the prescriber from the prescriber field, the system shall continue from DE.01.783 to perform the Prescriber Field level checks",No
FARx.DE.01.781,"PAE -Prescriber Help Box - The system shall display list of the recent prescribers from the Patient Profile as per the functionality mentioned in DE.01.28 and 29 followed by below search criteria
DEA#
DEA#, DEA Suffix(Prefix S before DEA Suffix #)
Last Name, DEA #
Last Name, First Name, DEA #”",No
FARx.DE.01.782,"PAE -–Prescriber Help box - The system shall display the list of recent prescribers from the Patient Profile as per the functionality mentioned in DE.01.28 and 29 followed by below search criteria
NPI# (Prefix N before NPI#)
Last Name, NPI# (Prefix N before NPI#)
Last Name, First Name, NPI# (Prefix N before NPI #)
DEA #
DEA#, DEA Suffix (Prefix S before DEA Suffix #)
Last Name, DEA #
Last Name, First Name, DEA #
Last Name, Phone #
Last Name, First Name, Phone #”",No
FARx.DE.01.28,"Pre-PAE Prescriber Search Help Box - The system shall display up to four prescribers from which the user can select. 
If the user elects to choose a Prescriber from the list, the user will have the ability to enter the numeric number associated to the Prescriber from the list.
Rule- set to determine the display of the Prescriber:

The system shall interrogate the Patient’s prescription history to determine what Prescriber to use as part of the list displayed from Data Entry.

The system shall display the two most currently used Prescribers as part of the list.
The system shall display the two Prescriber’s that have the most activity (most frequently used) from the Patient’s Profile. 
  

In the event a Prescriber is both the most currently used and has the most activity in the Patient’s Profile the system shall:
Only display the Prescriber once as part of the list.
The system shall identify the next Prescriber included in the Patient’s Profile by progression of the most current Prescriber and most activity rule set to display as part of the prescriber list.  

The system shall not display the prescriber records mentioned in FARx.DE.01.28.7 in the Most Frequently/Most Recently Used prescriber list.



*Prescriber addresses flagged as DEA_MATCH = ‘N’ shall not be displayed for selection.",No
FARx.DE.01.28.7,"The system shall not allow new fills using any of the following prescriber records:
Prescribers identified by Prescriber Data Vendor as deceased**
Vendor Prescribers (and their associated addresses) identified by Prescriber Data Vendor as being ‘Inactive’
Vendor Prescriber Addresses identified by Prescriber Data Vendor as being ‘Inactive’ (where prescriber is still active)
Vendor Prescriber (and their associated Addresses) that have been ‘Migrated’
Prescriber Addresses flagged as DEA_Match = ‘N’
Unmatched Prescriber records
Matched Prescriber records*
Prescriber Organizations

* Does not apply to Offline. 
Note that in Offline, all the records might not match uptime, as Offline synch might not have occurred.

** not applicable if the following conditions are true or for Gap in Care Request or Gap in Care – Panel Request.
‘Enable store to perform prescriptive authority validations’ app option – Corp root # 919 is set to ‘Yes’ (refer to FARx.PM.01.91 for the detailed Deceased Prescriber Search Results requirements)
“Allow Deceased Prescriber Search” (Refer to corp root app option 952, FAAM.AP.01b). App Option is set to “Yes’
Prescriber is deceased within Last 365 days
Note: Grace period rules for deceased prescriber are defined in FARx.PAE.02 Functional Activity Document",Yes*
FARx.DE.01.783,"Once the Prescriber is selected from the Prescriber field, the system shall determine the  ‘Enable store to perform prescriptive authority validations’ (Refer to Corp Root App Option # 919 - FAAM.AP.01b) option configuration and behave as follows in Uptime mode
If it set to ‘Yes’, the system shall continue FARx.PAE.01 - Main Flo– to perform the PAE - Prescriber field level checks
Refer to DE.01.801 for supervising prescriber checks while editing Rx / filling On hold Rx
If it set to ‘No’ or in Offline mode A, the system shall continue from FARx.PAE.01 - Alternate Flow 1 to perform Pre-PAE Prescriber field level and CSR checks 
If the prescription fails the any of the Prescriber checks, the system shall display corresponding Prescriber Exception message/dialog as mentioned below
For PAE – Refer to FARx.PAE.01 – Main Flow
Pre-PAE and CSR – Refer to FARx.PAE.01 – Alternate Flow 1
If the prescription passes all of the Prescriber (including CSR) checks, the system shall continue from DE.01.28.10 (to send NADEAN information)

A System shall additionally perform the ‘Forced Prescriber Notes’ check in Offline mode if the ‘Enable store to perform prescriptive authority validations’ (Refer to Corp Root App Option # 919 - FAAM.AP.01b) is set to ‘Yes’ (conditional – Only when not performed on the Prescriber field)",Yes
FARx.DE.01.801,"Supervising prescriber checks (for Editing / filling On Hold Rx)
When editing Rx / filling an On Hold Rx if the prescriber is not changed, the system shall not perform any Supervising Prescriber Association checks and do not prompt again for associating the supervising prescriber (refer to FARx.PAE.01.09, 10, 11 – correct SP association).
If the supervising prescriber is already associated while filling an On Hold Rx, system shall perform the other Prescriber checks on the currently associated supervising prescriber –e.g. FARx.PAE.01.11 - DEA Null etc.)
Note: If the prescriber is changed while editing Rx / filling On Hold Rx, the system shall keep performing the supervising prescriber association checks on the prescription.",No
FARx.DE.01.28.11,Moved to FARx.PAE.01.14 (refer to FARx.PAE.0– – Alternate Flow 1 - Perform Pre-PAE Prescriber Field Checks – New Rx),
FARx.DE.01.28.1,Moved to FARx.PAE.01.15 (refer to FARx.PAE.0– – Alternate Flow 1 - Perform Pre-PAE Prescriber Field Checks – New Rx),
FARx.DE.01.28.2,Moved to FARx.PAE.01.16 (refer to FARx.PAE.01 – Alternate Flow 1 – Perform Pre-PAE Prescriber Field Checks – New Rx),
FARx.DE.01.28.3,Moved to FARx.PAE.01.17 (refer to FARx.PAE.0– – Alternate Flow 1 - Perform Pre-PAE Prescriber Field Checks – New Rx),
FARx.DE.01.28.5,Moved to FARx.PAE.01.18 (refer to FARx.PAE.0– – Alternate Flow 1 - Perform  Pre-PAE Prescriber Field checks – New Rx),
FARx.DE.01.28.10,"The system shall check the App Option “Send Addiction Treatment Drug DEA on claims/CSR” (Refer to FAAM.AP.01b) to verify whether the NADEAN should be sent on the claim/TLOG or whether the regular DEA should be sent. 
If the app option is set to ‘Yes’, then the NADEAN shall be passed on the claim (Refer FARx.TP.02.72.1), T-Log and subsequent CSR. 
If the app option is set to ‘No’, then the system shall send the regular DEA. 

* In Offline, only Vendor prescribers with Prescriber Data Vendor-provided DEAs shall be checked, and credentials shall not be available for reporting.",Yes
FARx.DE.01.28.6,Moved to FARx.PAE.01.19 (refer to FARx.PAE.0– – Alternate Flow 1 - Perform Pre-PAE Prescriber Field checks – New Rx),
FARx.DE.01.28.8,Moved to FARx.PAE.01.20 (refer to FARx.PAE.0– – Alternate Flow 1 - Perform Pre-PAE Prescriber Field checks – New Rx),
FARx.DE.01.28.9,Moved to FARx.PAE.01.21 (refer to FARx.PAE.0– – Alternate Flow 1 - Perform Pre-PAE Prescriber checks – New Rx),
FARx.DE.01.28.12,Moved to FARx.PAE.01.22 (refer to FARx.PAE.0– – Alternate Flow 1 - Perform Pre-PAE Prescriber checks – New Rx),
FARx.DE.01.28.13,Moved to FARx.PAE.01.23 refer to FARx.PAE.0– – Alternate Flow 1 - Perform Pre-PAE Prescriber Validation – New Rx),
FARx.DE.01.28.14,Moved to FARx.PAE.01.24 (refer to FARx.PAE.01 – Alternate Flow 1 – Perform Pre-PAE Prescriber Validation – New Rx),
FARx.DE.01.172,All the prescriber and DEA validations mentioned in DE.01.783 and DE.01.784 shall be applicable to Mail Order Bridge Supply prescriptions. (Upon selection of the prescriber or continuing from the data entry field),No
FARx.DE.01.91,"*OFFLINE ONLY*
Once the user moves to enter the Prescriber, the system shall display up to two prescribers (Most Currently Used) that are available in the information stored for offline mode.
 
If the user elects to choose a Prescriber for the list, the user shall have the ability to enter the numeric number associated to the Prescriber from the list. 

The system shall display the two most currently used Prescribers as part of the list.
The system will not display the two Prescriber’s that have the most activity (most frequently used) from the Patient’s Profile because of the fact that we have 180 days of data only on the local database. 

*Prescriber addresses flagged as DEA_MATCH = ‘N’ shall not be displayed for selection.",Yes
FARx.DE.01.29,"The system shall display the Prescribers as part of the list by the following:
Last Name, First Name, Phone Number, DEA number 
If the desired prescriber does not exist in the list, the user can perform a prescriber search and then select from the search 
(Refer Functional Activity Document FARx.PM.01 Prescriber Search- with additional functionality mentioned in DE.01.989)
If necessary, the user can add a prescriber (Refer Functional Activity Document FARx.PM.02 Prescriber Add)
When selecting a prescriber, either from the list or from the search results, the system shall associate the prescriber and the prescriber’s specific address to the prescription.
When selecting a prescriber from the list that requires a supervising physician, the user shall be prompted to select the supervising prescriber (Refer to FARx.PM.01.18 & FARx.PM.01 Alt. Flow 4)
Once the Prescriber is selected, the Prescriber Name would be displayed in the Prescriber field with the following details next to the Prescriber field:
Prescriber ID (Refer to FARx.DE.01.29.1)
Address: System shall display address in two lines
Street
City, State, Zip
Phone",Yes
FARx.DE.01.29.1,"The system shall display the Prescriber ID to assist the stores in ensuring that the correct prescriber record has been associated to the prescription based on the following rules:
If the drug selected is a controlled substance, the system shall display the following:
DEA (DEA:), and NPI (if available) (NPI:)
If the drug selected is not a controlled substance, the system shall display one of the below Prescriber Ids (or two in the case of NPI and DEA), with priority as defined below:
DEA (DEA:) and NPI (NPI:)
NPI (NPI:)
DEA (DEA
State License (LIC:)
State Medicaid ID (MED:)
Plan Specific ID (OTHER:)
Alternate License (OTHER:)

The system shall display the Prescriber ID (s) with the abbreviated identifiers mentioned above, e.g. DEA: <DEA>

If there are two IDs to be displayed (in the case of DEA and NPI only), the system shall display them in two lines and shall display DEA first.",Yes
FARx.DE.01.989,"Search including a ‘Phone Number’ as one of the search criteria
The system shall perform validation on phone number as mentioned in PM.01.211),  
If phone number validation passes, the system shall allow  search to be performed as mentioned in DE.01.29
If any validation fails, the system shall display following error message 
‘Enter a valid phone number’
Upon continuation from an error message the system shall take focus back to prescriber field (Refer to DE.01.983)

Search including a ‘State Code’ as one of the search criteria
The system shall allow search to be performed based on prescriber address’ state code (along with the Last Name and First Name) and the system shall accept only valid state codes. 
The system shall check the state entered is not a valid two letter state abbreviation 
If yes (state entered is valid), system shall allow the search to be performed as mentioned in DE.01.29
If no (state entered is not valid), the system shall display following error message 
‘Enter a valid state code‘
Upon continuation from an error message the system shall take focus back to prescriber field (Refer to DE.01.983)
NOTE: The system shall not allow a search using only State Code or Last Name, State Code or First Name, State Code.",No
FARx.DE.01.30,"Based upon an application option (Refer to Corp. App Option #23), the system shall either:
Default the Rx Date written value to the current date and force the focus to stop on Rx Date Written when transitioning from the previous non-auto skipped field
or

Default the Rx Date Written value to the current date and skip Rx Date Written when transitioning from the previous non-auto skipped field 
or

 Always force the focus to stop on Rx Date Written and prompt the user to enter a value

The system shall display the following help text when the focus in on Rx Date Written: 
“Enter Rx Date Written in MM/DD/YY format
Ensure the Rx Date Written is clearly marked on the prescription order as indicated by the prescriber”

When manually entering, the user shall have the ability to set / change the value to a past date (MM/DD/YYYY)
The system shall validate any value entered as follows:
The date written cannot be a future date.
The system does not allow entry of a date written that is greater than 3 years prior to the current date
The system shall not allow the Rx Date Written to be changed on the Data Entry (Generate) screen when the following conditions occur:
Generation for a refill authorization
Class 3, 4, or 5 drug at the state or federal level (Refer to FARx.DEA.01)and the application option “Request New Rx when Expired or Maximum Fills for <drug class> have been reached” for the drug class is set to Yes , Refer to FAAM.AP.01b – Application Regulatory Options #343, #344, #345
(Refer to FARx.GEN.01.211 – Generate Rx)",Yes
FARx.DE.01.160,"Do Not Fill Before Date (MM/DD/YYYY)
For a prescription for C2 drug, once the Rx Date Written value being entered or auto-populated, the system shall display a dialog for the Do Not Fill Before Date. The dialog will consist of the following:
Do Not Fill Before Date
Help Text: “Please review the prescription to determine if a “Do Not Fill   Before Date” has been specified by the prescriber”
Command line with the following options:
Change Date (#)
Continue (Enter)
The system shall initially place the focus on the command line

This value is optional. If a value is entered, the system shall make the following validations:
The date cannot be before the Rx Date Written (FARx.DE.01.30).
The date cannot be after (Rx Date Written + (3 x the number of days till expiration* )).

* number of days till expiration is derived from Regulatory Root Options -> Data Entry Pre-Edit Options  “Number of Days from Date Specified to Set Rx Expiration Date”",Yes
FARx.DE.01.169,"*OFFLINE ONLY* - Do Not Fill Before Date
When the system is offline and the Do Not Fill Before Date value is greater than the system date, the system shall display the following exception message.
Error Message: 
“A future ‘Do Not Fill Date’ has been entered for this Schedule II prescription but cannot be placed On-Hold in offline.  
This prescription must be processed in Uptime.”


When the exception message is cleared, the system shall re-display the Do Not Fill Before Date dialog (DE.01.160) with the following options:
Change Date (#)
Return to Patient Profile (P)
Continue (Enter)

The system shall place the focus on the command line.
When the Return to Patient Profile option is selected, the prescription and all data entered information will be discarded and the patient’s profile will be displayed.
When the Continue option is selected, the system shall validate the Do Not Fill Before Date value (as per DE.01.160 and as indicated above) and behave as previously indicated",Yes
FARx.DE.01.68,"The system shall set the Rx Expires On Date based on the class of the drug (C2, C3, et. al.) and the defined Regulatory Root Options (#68 – 72, 294)  
Set Rx Expiration Date = <base date> + number of days till expiration 
<base date> will either be Date Written or Do Not Fill Before Date as determined by the Regulatory option #294.
When Do Not Fill Before Date is not populated the default would be Date Written.

If the user requires he can go back to Rx Expires On field from Navigation Bar and change the value

Refer FAAM.AP.01

When manually entering, the user shall have the ability to set / change the value to less than default date (MM/DD/YYYY)
The system shall validate any value entered as follows:
Rx Expires On date cannot be a greater than default value.
Example, if a class 6 prescription is good for 1 year, you cannot change it to be good for more than 1 year, you can only decrease it, example make it good for 9 months.",Yes
FARx.DE.01.55,"The system shall calculate the product expiration date based on the following criteria:
Regulatory Setting
Product Setting

The system shall always use the more restrictive value to determine the product expiration date.

Refer to regulatory administrative options for current default settings (i.e. CII=180 days, CIII-V and legend/otc=365 days).",Yes
FARx.DE.01.31,"The system shall determine the COB billing sequence for the Third Party Plans associated to the patient just after user selects / enters the Drug (Refer to Functional Activity Document FATP.CS.01 COB Sequencing). 

The system shall not perform this step when the following conditions are met: 
the billing sequence was overridden by the user
AND
product substitution is performed again due to the billing sequence override

The system shall also run rules to determine if Medical Billing plan can be sequenced as part of COB sequencing (Refer to FATP.CS.01)

The system shall perform third party plan inactivation rules as a part of the COB sequencing (as mentioned in FATP.CS.01)  whenever the COB sequencing is triggered during the script fulfillment process– refer to DE.01.1171 requirements for additional requirements for populating third party plan field. 

The system shall additionally perform Patient’s Primary Third party sequencing rules as part of COB billing sequencing  to determine primary TP sequencing prompt is required or not (Refer to FATP.CS.01 Alternate Flow 2 and 9)

When sequencing is performed and in case there is a tie between two plans; the system shall prompt the user to break the tie. The standard third party Add, edit dialogue will be offered when user transfers the control to Third Party Field.",No
FARx.DE.01.140,"The system shall validate the claim billing format version (v5.1 / vD.0) and the claim billing rule version (v5.1 / vD.0).
If the claim billing format version and the claim billing rule version are equal, the system shall continue processing (DE.01.52)

If the claim billing format version and the claim billing rule version are not equal, the system shall display the following HARD STOP pre-edit message to the user:
“<TP Plan #> <TP Plan Name>
Claim format and billing rule version are out of sync. Please contact the CVS Help Desk.”
The user cannot proceed with data entry.",No
FARx.DE.01.52,"If COB sequencing (or user override) indicates that a Worker’s Compensation T/P plan (FATP.PA.02) is to be billed then the system shall prompt the user to select a Worker’s Compensation claim to associate to the script.  
The system shall display the Patient’s Worker’s Compensation claims, sorted by Date of Injury and Injury Description.
The user may choose to:
1) Select an existing claim
2) Add a new claim  (FATP.WC.01) 
3)  Non-Worker Compensation Script(NW)
When option 1 is selected, the user is displayed the listed of the patient’s worker’s comp claims and is prompted to select the appropriate claim.
When option 2 is selected, the worker’s comp claim Add screen is displayed, refer to FATP.WC.01.
When option 3 is selected, the script is considered as Non-Worker Compensation script. All worker compensation plans get removed from auto sequence plan list.

Once a Worker’s Compensation claim has been associated to a prescription (i.e. option 1 or 2 was selected), it remains associated to that prescription for the life of the prescription.
Note:
For online claim billing, the associated Worker’s Compensation claim data will be automatically sent on any claim request transactions, as defined by the T/P Plan’s claim format.  This applies to the original fill as well as any subsequent refills.  
The user will have the ability to change the prescription’s associated Worker’s Compensation claim via the Additional Information (FATP.AI.01)",No
FARx.DE.01.57,"If any of the plans selected in the billing sequence for the script-fill are defined to display Plan Notes during Data Entry the Third Party Plan Note is displayed to the user.
The Note shall be displayed after the COB sequencing and tie breaker has been completed and before the navigation moves to the Number In Order field.
The Note shall display with the Third Party Name, Third Party Code and Priority.
If there are multiple plans selected for billing and more than one plan has a note to be displayed then the notes shall be displayed in the same order as the billing sequence.  
The user needs to press enter for each note displayed.  
After the notes have been displayed the cursor navigation shall move to the Number in Order field.",No
FARx.DE.01.2322,"When Third Party field is set as ‘Blank’ as part of COB sequencing step (Refer to DE.01.31) and the user either selects ‘C’ or 'F4' to continue from the Third Party field, the system shall display ‘DME Medical Billing Payer Association’ prompt over the data entry screen when the following conditions are true:

Drug associated to the prescription is on DME Device and Supplies list (Refer to FAAM.DME.02)
No DME Medical Billing plan active in the patient’s Third Party Profile

The DME Medical Billing Payer Association prompt shall be displayed with following information:

Text: This product may be covered by medical benefit. Does the patient have medical insurance information to enter into the system?

User actions:
         a. Yes: Upon selection, the system shall:
               i. Close the prompt
              ii.  Display Patient Third Party Information dialog

        b. No: Upon selection, the system shall:
              i. Close the prompt
ii. Set ‘Third Party’ field to ‘Cash’             
ii. Continue with next step in prescription processing",No
FARx.DE.01.1171,"When the Third Party Inactivation checks are run as a part of the existing COB sequencing process, the system shall nullify the ‘Third Party’ field (line #11) on the New Rx data entry screen if all of the following conditions are met
When the plans in the patient’s profile that are not eligible for inactivation are ONLY Cash plans or Cash Discount - Agency Type 70 plans– (Refer to FATP.CS.01 - Alternate Flow 6)
‘Enable displaying of  Rx Activity Third Party Inactivation prompt’ app option (refer to Corp Root App Option # 1367) is set to ‘Enable’",No
FARx.DE.01.1172,"The system shall display a ‘Patient Third Party Profile Message– (Refer to FATP.CS.01 - Alternate Flow 7) when the condition mentioned in DE.01.1171 are met
User or system focuses the cursor on the Third party field (line # 11 - e.g. after continuing from the Prescriber Field)
OR
User or system continues from the data entry screen (e.g. without selecting third party field)",No
FARx.DE.01.32,"Third Party Plan Field
All the third party plans on the patient profile will be displayed. In case there is no third party plan associated to the patient the field would default to cash. 
Third party plan names will be displayed instead of the third party plan number.
Refer to additional requirements mentioned in DE.01.1171, 1172",No
FARx.DE.01.92,"*OFFLINE ONLY*
Third Party
Unlike in uptime mode, the user shall have the following options when entering the Third Party:
Process to Third party (will use default COB sequence when reconciling)
Process to Cash

If the previous fill was processed to a single/multiple Third Party(s) this field will default to “Process to Third Party”. 
For a New or Existing patient - If TP information is present in the 180 days of local data or if it is New TP Plan then user will enter the Third Party to his profile.  

This information will get validated during reconciliation only. 
Price of the drug will first be calculated from the previous history (present in 180 days data) based on the criteria in DE.01.1700-1704 when processing to a third party. The system will display the Patient Pay amount on the Patient Pay History screen (refer to FAOL.DE.03).
If the system is unable to determine the patient pay amount based on DE.01.1700-1704, the system shall use the below logic to display the patient pay amount in Patient Pay History screen (refer to FAOL.DE.03). 
Use the price from the most recent fill(same quantity) for same 9-digit NDC
Calculate the price from the most recent fill(different quantity) for same 9-digit NDC by multiplying its unit price by new dispense quantity and round up to .x9
If there are no prior fills that meet the above criteria, then provide a patient pay amount from the pricing chart available in the store.

If the previous fill for this patient was processed to Cash, this field will default to “Process to Cash”. The system shall allow the user to enter a patient pay amount.

If the system is unable to determine a patient pay amount based on the above logic, the system shall display the amount as ‘Not Available’ in the Recommended Patient Pay Amount field/box. (applicable for New or edit of new rx)",Yes
FARx.DE.01.630,"System shall enroll the 00 fill prescription in the DeliveRx program when ALL of the following conditions have been met:
Patient is actively enrolled in the DeliveRx program
Prescription is not a DUR prescription
Prescription is not being placed on-hold
Prescription was not transferred in
Manually
Electronically
Prescription is not Auto Process Link On-Hold
Prescription was not generated from another Rx or from a Rx Refill Renewal Auth request
Drug class for the prescription is allowed for the DeliveRx service (refer to FAAM.AP.01 Reg options #707 to #714)
When a prescription is a compound, store added or corp added drug, the system shall check the app options for all ingredient drug classes as well as compound, store added and corp added and apply the most restrictive rule.   
There are no Third Party exclusions for the DeliveRx service (refer to FATP.GS.01 Manage Global TP Settings)
When the prescription is an automated eRx, the system will not perform this validation. 
The dispensed drug is not on the Specialty inclusion list (refer to FAAM.ISP.01 Manage Specialty Connect Inclusion Drug List)
Prescription-fill is NOT a complete out of stock (COOS)",No
FARx.DE.01.631,"When the prescription cannot be enrolled as a DeliveRx prescription (FARx.DE.01.630) due to a restricted drug or Third Party, the system shall display a dialog as indicated below:
Screen Title:  DeliveRx Prescription Enrollment 
Message Text:  Display the configured text (refer FAAM.AP.01b Reg Option #715)
Display Reject Reason:  The system shall display one of the following three system reject reasons:
Ineligible due to drug exclusion
Ineligible due to third party exclusion
Ineligible due to drug and third party exclusion
Navigation Options:
Continue (Enter):  When selected, the system shall:
Return user to Data Entry screen 
Allow the user to continue with the prescription fill without indicating the prescription as DeliveRx
Exit (X):  When selected, the system shall close the message and exit out from the data entry screen and return user to location from where the data entry was initiated",No
FARx.DE.01.93,"*OFFLINE ONLY*
Original Rx Number / Original Rx Number (re-entry):
In the event a patient wants to refill a prescription that is not available in the information stored for offline mode, the user may enter the refill as a new Rx and enter the original Rx number to allow for reconciliation during uptime.

When the user enters a number into this field the system will validate the value enter is a valid Rx Number format (Note: the system will not be able to validate the Rx Number exists)

After the user enters the Original Rx Number the system will require the user to re-enter the value in the Original Rx Number (re-entry) field. If the values in the two fields do not match the system will display an error to the user and require the user to re-enter both fields.",Yes
FARx.DE.01.34,"Number in order: 
User can enter any value from 0 -99. The system checks for a whole number and the value entered is printed on the label
When the new Rx data entry is initiated via Triage Queue for “Pre-Data Entered” item, the ‘Number in Order’ shall be pre-populated based on the information captured during Pre Data Entry scan process for that order (Refer to FARx.DE.04.03 Data Enter Pre-entered Rx)
The Number in Order field shall be Non editable for the above case

For all other items initiated thru QT or data entry initiated thru Main Menu or Patient Profile, the ‘Number in Order’ field shall be entered by the user as part of data entry.

When the ‘Number in Order’ is entered for a prescription that satisfies the conditions for enrollment in DeliveRx service (Refer to DE.01.630, the system shall proceed to DE.01.632

When the ‘Number in order’ is entered for a prescriptions that cannot be enrolled in DeliveRx service, the system shall display the dialog described in DE.01.631",Yes
FARx.DE.01.632,"The system shall apply the following rules upon entering in the ‘Number in Order’ for a DeliveRx prescription: 

Suppress the Patient Delivery Preference Message (Refer to FARx.DE.01.338)
Determine if the DeliveRx prescription satisfies the following Medicare B conditions:
Medicare B is in prescription’s COB
Drug is indicated on the Medicare B inclusion list (Refer to FATP.GS.01 Manage Global TP Setting)
DeliveRx Service Option is set to Hospital Delivery 
Continue to DE.01.633 to update Promise Time for Medicare B and non-Medicare B prescriptions",No
FARx.DE.01.991,"The system shall enroll the fill in the Home Delivery program when ALL of the following conditions have been met upon entering in the ‘Number in Order’ for a Home Delivery prescription:
Fill is not enrolled in DeliveRx
Store is set to Enabled for Corp Root Option #1203
Store is set to Enabled – New for Corp Root Option #1204
Patient is actively enrolled in the Home Delivery program
Prescription is not a DUR prescription
Prescription is not being placed on-hold
Drug for the prescription is not on the Home Delivery Restriction List (Refer to FAAM.HD.01)
Includes compound drugs (no ingredient should be on Home Delivery Restriction List)

If the fill is successfully enrolled, continue with DE.01.992
If the fill is not successfully enrolled, continue with DE.01.993",Yes
FARx.DE.01.992,"If the fill is successfully enrolled in the Home Delivery program the system shall:
Insert a D in the Promised Time field 
Insert a non-editable field next to Promised Time that displays as “Home Delivery”",Yes
FARx.DE.01.993,"If the fill is not successfully enrolled in the Home Delivery program due to the drug for the prescription being on the Home Delivery Restriction List (Refer to FAAM.HD.01), the system shall display the following pop-up message:
Title: Restricted
Message: This prescription is unable to be delivered due to restrictions. Please communicate to the patient.
Navigation Options: Continue (Enter): System shall close pop-up message",Yes
FARx.DE.01.35,System determines the expected wait time based upon the number in order (Refer to Functional Activity Document FARx.WC.01 Wait Time Calculator) and this is displayed to the user. The calculated Wait Time will not be auto-populated into the Promise Time field.,No
FARx.DE.01.2002,"When the new prescription fulfillment is initiated via Main Menu or Patient Profile and the prescription being fulfilled is NOT flagged for ‘Home Delivery’ Or ‘Delivery’, the system shall behave as following : 
Check if  the master switch ‘Promise Time – Auto Populate Waiters’ - Refer to App Option Corp Root #1766 – FAAM.AP.01b 
If the option is set to “Disable” the system shall continue as per FARx.DE.01.36.
If the option is set to “Enable”, the system shall: 
Autopopulated Promise time field with value determined from FARx.DE.01.35.
Autopopulate Promise date field based on promise time identified. 
Continue from FARx.DE.01.2003.",No
FARx.DE.01.2003,"When the prescription being fulfilled is triggered via Main Menu/Patient Profile and the Promise time and Promise date  is autopopulated on the screen as per FARx.DE.01.2002, the system shall behave as follows:
The system shall skip to the next eligible field. 
The promise time field will be editable when the user opts to move back to the field. 
The user has ability to edit to input the desired promise time and continue to fulfill the prescription.
The user will have ability to input value and continue with subsequent steps as per  FARx.DE.01.36 # ii for prescription fulfillment.",No
FARx.DE.01.36,"Promise time*:

The Promised time will be suggested, the user would have the ability to select the offered wait time or enter wait time overriding the one suggested by wait time.
The user can enter / override the data in the following format:
W# = Waiting In Store, # = Current Time + # minutes
(Refer use case FARx.WC.01 Wait Time Calculator)
H = Prescription on Hold (Refer to DE.01.257)
S + Std Time + a or p, S = Special
D + Std Time + a or p, D = Delivery (Shall not be available when Corp Root Option #1203 is set to Enable and Corp Root Option #1204 is set to Disable)

If promised time is already populated, and the user selects the promise time field:
If the fill is flagged for Home Delivery, the system shall highlight the time portion of the field. 
If the user selects the back space, the system shall remove the highlighted time and shall display the ""D"" in the promise time field. If the user selects the backspace again, the system shall remove the “D”, and shall display the home delivery un-enrollment message (Refer to FARx.DE.01.994)
If the user directly enters a new time without entering a “D” and without selecting the back space, and the patient is enrolled in Home Delivery, then the system shall remove the highlighted time and shall display the home delivery un-enrollment message (Refer to FARx.DE.01.994). If the patient is not enrolled in Home Delivery, no message will be displayed.
When Immunization Rx has been scheduled and date / time has been confirmed from scheduling dialog box and user returns to Data entry screen (Refer to FARx.DE.01.2870)
Promise Time shall pre-populate the time selected during scheduling process 


* Promise Time field shall NOT be displayed when the new Rx data entry is initiated via Triage Queue, selecting ‘Process Hard Copy Request’ option from Hard Copy Request detail screen, selecting ‘Process Diagnosis Code Request’ from Diagnosis Code Request Detail Screen or selecting Edit from an Auto Process Error Exception due to Missing Data Entry",Yes
FARx.DE.01.994,"The system shall display the following pop-up message when Corp Root Option #1203 is set to Enable, Corp Root Option #1204 is set to Enable – New and the user attempts to remove the D in Promised Time that was previously inserted in DE.01.992:
Title: Un-Enrollment
Message: This patient/fill is enrolled in Home Delivery. Are you sure this fill should not be delivered?
Navigation Options: 
Yes (Y): System shall prompt for credentials. Once valid tech/pharmacist credentials are entered the system shall:
Close the pop-up message
Remove the D in Promised Time
Un-enroll the fill in Home Delivery
Remove “Home Delivery” field next to Promised Time
No (N): System shall:
Close the pop-up message
Keep the D in Promised Time",Yes
FARx.DE.01.995,"When Corp Root Option #1203 is set to Enable, Corp Root Option #1204 is set to Enable – New the system shall:
Allow a user to enter a D in Promised Time if patient is not enrolled in Home Delivery and shall perform all of the validations in DE.01.991 except for the check that the patient is actively enrolled in the Home Delivery program
Not Allow a user to enter a D in Promised Time if all of the validations in DE.01.991 do not pass (except for the check that the patient is actively enrolled in the Home Delivery program)
Wipe out the Promised Time, if the user leaves data entry temporarily and enrolls/un-enrolls the patient in Home Delivery and re-enters only when patient is not enrolled in DeliveRx
Flag the fill for Home Delivery in the background if the Promised Time is grayed out and the validations in DE.01.991 pass
Wipe out the Promise Date, Promise Time and non-Editable text ‘Home Delivery’ if the drug is changes during data entry at any time if the patient is enrolled in Home Delivery (Refer to FARx.PA.03)

When Corp Root Option #1203 is set to Disable, the system shall allow user to enter D into Promise Time as per existing functionality.",Yes
FARx.DE.01.338,"The system shall display the following message if Corp Root Option #1203 is set to Enable and Corp Root Option #1204 is set to Enable – Existing or Corp Root Option #1203 is set to Disable when the promised time is manually entered (e.g. Data entry new via Main Menu/Patient Profile) the Patient Delivery Option is set to ‘Yes’ and a promised time was entered that does NOT contain a ‘D’ prior to the time:
Title: Message
Message: 
Patient Delivery Preference is set to Yes. 
If this prescription is going to be Mailed or Delivered, place a “D” + Time + A or P (e.g. 10A, D1125P) in the Promised Time field
Navigation Option: Enter (Refer to FARx.DE.01.339)",No
FARx.DE.01.339,"The system shall behave as follows when <Enter> is selected from the Promised Time Message described in FARx.DE.01.338:
The focus shall return to the Promised Time field with the previously entered Promised Time still displayed and highlighted and editable.
If the user selects Enter from the Promised Time field without editing the Promised Time value, the system shall maintain the previously entered Promised Time and proceed with the prescription fulfillment process as per existing functionality.
If the user edits the Promised Time again without entering a “D” prior to the promised time value, the system shall again display the Promised Time message described in FARx.DE.01.338
If the user edits the Promised Time to any value adding a “D” prior to the promised time, the system calculates the Promised Time and proceed with the prescription fulfillment process as per FARx.DE.01.04.",No
FARx.DE.01.257,"During data entry if “H” was selected as Promised Time, the system shall put the particular Rx on hold (Refer to Alternate Flow 1)",Yes
FARx.DE.01.633,"DeliveRx Promised Time*
The system shall calculate the Promised Time for a prescription enrolled in DeliveRx as follows:

Medicare B Prescriptions:
Promised Time = Current System Time + B + DeliveRx Promised Time Setting application option (Refer to FAAM.AP.01b Reg Option # 705)
B= Bedside Delivery
B shall not be displayed in the Promised Time field in RxC

Non Medicare B Prescriptions:
Promised Time = Current System Time + DeliveRx Promised Time Setting application option (Refer to FAAM.AP.01b Reg Option #705)
If “Enable Scheduled MealBreak Time” (Refer to FAAM.AP.01b, Regulatory Root #1822) master switch is set to Yes, when all existing calculations have been executed, the final promised date and time will be set as per FARx.TT.02 Alternate Flow 2 (if applicable)


For both conditions, the system shall:
Gray out the Promised Time Field
Not allow the field to be edited by a user
Display the following text to the right of the Promised Time field:
Text:  DeliveRx Patient
The system shall display a black rectangular border around the text
Refer to FARx.TT.02.09 when calculating Promised Time for a prescription that is received by a store during non-business hours.

* Promise Time field shall NOT be displayed when the new Rx data entry is initiated via Prescriber Contact and QV",No
FARx.DE.01.37,"Promised Date* (MM/DD/YYYY)
The Promise Date defaults to the current date, if promise time entered is not already past the current time. In this case the promise date will default to tomorrows date

The user will have the ability to include a D and a numeric character in the Promise Date MM (month) field and the system shall calculate the true Promise Date. The range of the numeric character is 0-9. 

D0= Today’s Date (12-1-2006)
D1= Tomorrow’s Date (12-2-2006)
D2= 12-03-2006
D3= 12-04-2006
D4= 12-05-2006
Etc.


The system shall populate the date field (mm/dd/ccyy) once the user has successfully tabbed off the Promise Date field.

If “H” was entered in the ‘Promised Time’ field, system shall have this field grayed out *
When Immunization Rx has been scheduled and date / time has been confirmed from scheduling dialog box and user returns to Data entry screen
Promise Date shall pre-populate the time selected during scheduling process

If this is a DeliveRx prescription fill, the system shall have this field grayed out. * Promise Date field shall NOT be displayed when the new Rx data entry is initiated via Triage Queue, via selecting ‘Process Hard Copy Request’, via ‘Process Diagnosis Code Request’ or selecting Edit from an Auto Process Error Exception due to Missing Data Entry",Yes
FARx.DE.01.38,The system verifies that the promise date and time do not precede the current date and time.,Yes
FARx.DE.01.39,Deleted,
FARx.DE.01.40,"Drug Manufacturer field is moved to–FARx.DE.03 Data Entry - Additional Information Functional Activity Document as per the CR C05263
This requirement has been moved to–FARx.DE.03 Data Entry - Additional Information.
Please refer to FARx.DE.01.131",No
FARx.DE.01.41,"When the on hold Rx is initially filled, the username/date/time/location stamp captured when the Rx was On Hold will be recorded as the Data Entry user for the initial fill.
For instance, the Data Entry date/time stamp may be days, weeks or months before Dispensing, Verification, etc.

The username/date/time/location of the User that performed Data Entry and selected the ON HOLD function is available for reporting via Audit Trail.",No
FARx.DE.01.42,"Once the third party is selected / sequenced, the system prices the prescription and every time the selection is changed the RX is re priced.",No
FARx.DE.01.43,"The system shall provide the following options to the user if the user selects “Home” Key prior to entering all the mandatory fields:
Edit a line number. The user enters the line number to edit and may then update based upon the defined rules for that field
Enter Patient Notes (Ref Functional Activity Document FARx.PA.03- Alternate Flow 16)
Enter Fill Notes (refer to Alternate Flow 14)
View Hard Copy Image (VH) (Refer to FARx.DE.02 – Alternate Flow 6)
This option shall be available only when Data Entry (Generate) screen is opened for an item selected from the “Patient’s Pending Requests” dialog on the triage item (“Unmatched Fax”, “Response Rx” Fax item or “Pre-data entered Rx item” with hardcopy image) data entry screen
Exit

At the end of Data entry after the user has entered all the mandatory fields for Rx which is not a written Immunization Rx, the user shall have the ability to: 
Change Line/Chg Line: Edit a line number. The user enters the line number to edit and may then update based upon the defined rules for that field.
Shall display as “Chg Line” if selecting to create a New Rx from Pre-Data Entry, Unmatched Fax, or Hard Copy Request
Enter Additional Information (refer Functional Activity Document–FARx.DE.03 Data Entry - Additional Information)
Patient Notes/PT Notes: Enter Patient Notes (Ref Functional Activity Document FARx.PA.03-Alternate Flow 16)
Shall display as “PT Notes” if selecting to create a New Rx from Pre-Data Entry, Unmatched Fax, or Hard Copy Request
Review / Override Price values (ref Functional Activity Document FARx.PR.01)
Place the prescription into an On Hold state (Refer Alternate Flow 1)
Note: The user can use this option to save all the entered prescription data and put the Rx on hold
If the Rx is placed on hold, then it is not eligible for CRP workflow (Refer FARx.CRP.01),  
This option shall NOT be displayed when ‘Reselect Patient’ navigation option is displayed on ‘New Rx’ screen

Enter Fill notes (refer to Alternate Flow 14)

Transfer In/Trans In:  Perform transfer In (FARx.TF.01). In case the user chooses to enter the transfer on information before other field in data entry, that option would be available.
This option shall NOT be displayed during data entry of an Specialty Connect Rx
Shall display as “Trans In” if selecting to create a New Rx from Pre-Data Entry, Unmatched Fax, or Hard Copy Request
This option shall NOT be displayed when ‘Reselect Patient’ navigation option is displayed on ‘New Rx’ screen
Force Partial (Refer FARx.PF.01)
This option shall NOT be displayed during data entry of an Specialty Connect Rx or if the Non-CVS Sourced OTC configuration is set to “Enabled” (Refer to FAAM.AP.01b Corp Option # 1093) for the store, the Store in Store Type equals “Target” (Refer to FAAM.FM.01), and the drug is in the SIS OTC Inclusion List (Refer to FAAM.SIS.01)
This option shall NOT be displayed when ‘Reselect Patient’ navigation option is displayed on ‘New Rx’ screen
Force COOS (FC) (Refer to Alternate Flow 8)
This option shall ONLY be displayed during data entry of a Specialty Fill at Retail Rx.
This option shall NOT be displayed when ‘Reselect Patient’ navigation option is displayed on ‘New Rx’ screen.
If the Rx is eligible for CRP Workflow (Refer FARx.CRP.01), then a dialog is displayed on select of this nav option as per DE.01 2100. 
Prescriber Request (PR) (Refer to FARx.IPR.01)
Displays only if the “Initiate Prescriber Request” option is set to “Enable” for the store (Refer to FAAM.AP.01b Corp Root #1294)
This option shall display after Fill Notes (FN) when creating a New Rx from Pre-Data Entry
For all other new prescriptions this option shall display after Force Partial (O)
When selecting this option, the system shall save all the data entry information after successful field level validations and proceed to the prescriber request.
This option shall NOT be displayed when ‘Reselect Patient’ navigation option is displayed on ‘New Rx’ screen
Decline 90 Day Supply (Refer to Alternate Flow 17 FARx.DE.01.2005)
Rx Clarification (RC): 
‘Rx Clarification' option will only be displayed if the 'Rx Clarification' master switch is 'Yes'. 
This option will be available on the Data Entry screen if the user is directed to the Data Entry – New Rx screen via Unmatched Fax, Manual, New eRx, Completion of Pre Data Entry for Prescriber Call/Prescriber Voicemail/Drive Thru. 
Upon selecting the nav option – open the new window as per FARx.DA.01 Rx Clarification.
User is able to view the Rx clarification dialog even if the corresponding prescription does not have any Rx clarification associated with it. 
When a Central Pharmacy user adds the Rx Clarification, system shall save the Rx Clarification with an indicator that it was added at Central Pharmacy.
Upon viewing Rx Clarification added at Central Pharmacy, system shall display the credentials of the Central Pharmacy user.
Note: When the Shared New Rx - Prescriber eRx item is selected N Key logic at the processing pharmacy (RxC Workstation) and that pharmacy is different than the Source Pharmacy, then the system shall associate the Rx Clarification data to Processing Pharmacy instead of Central Pharmacy.
When the system is offline, user can still view the option. 
Skip Item (SI): -Refer FARx.QT.01.400
This option will be available on the Data Entry screen if the user is directed to the Data Entry – New Rx screen via PR Reject Exception item (Refer FARx.QT.17.02)

Exit- 
When this option is selected, the system shall prompt to confirm the user action. If confirmed, the system shall
Close the data entry screen
Do not save any data entered on the data entry screen
Take the user back to the screen from where data entry was initiated
When New Rx screen has been displayed because user selected ‘continue’ from Savings Finder – MFR Coupon screen (FARx.QT.24) AND user opts to Exit, the system shall prompt to confirm the user action, If confirmed, the system shall:
Close the New Prescription screen
Do not save data entered on the screen
Unlock the Rx
Redirect the user back to the Triage Queue. (Refer to FARx.QT.01)
When the New Prescription screen is displayed as per DE.01.1776 upon continuing from Savings Finder- Fill Selected Drug screen (Refer to FARx.QT.22) OR per DE.01.1777 upon continuing from Savings Finder – Discount Card screen (Refer to FARx.QT.23) and user opts to Exit, the system shall prompt to confirm the user action. If confirmed, the system shall 
Close the New prescription screen.
Do not save any data entered on the screen
Unlock the Rx.
Redirect the user back to Triage Queue. (Refer to FARx.QT.01) 
When the New Prescription screen** is displayed after performing patient reselection on Edit Rx screen and user opts to Exit, The system shall mimic Exit functionality on Edit Rx Screen from where patient reselection was originated. (Refer FARx.ET.01.1702)
** Screen Header will be displayed as ‘Edit Prescription’.

View Hard Copy Image (VH) (Refer to FARx.DE.02 – Alternate Flow 6)
This option shall be available only when Data Entry (Generate) screen is opened for an item selected from the “Patient’s Pending Requests” dialog on the triage item (“Unmatched Fax”, “Response Rx” Fax item or “Pre-data entered Rx item” with hardcopy image) data entry screen
Order Summary/Order Sum (Refer to Alternate Flow 5)
This option shall only be displayed to the user when the New Rx Data Entry is initiated via Triage Queue, via selecting ‘Process Hard Copy Request’ option from the Hard Copy request detail screen or via selecting Edit from Auto Process Error Exception due to Missing Data Entry Fields
Shall display as “Order Sum” if selecting to create a New Rx from Pre-Data Entry, Unmatched Fax, or Hard Copy Request
This option shall not display if Enhanced Promise Time is enabled (Refer to UCAM.AP.01b Corp Root #1276) for the following items:
Prescriber Call
Prescriber VM
Prescriber VM/Call
Unmatched Fax
This option shall NOT be displayed when ‘Reselect Patient’ navigation option is displayed on ‘New Rx’ screen


View Prescriber/View MD Notes (PN) – This option shall be available only when following conditions are me– (Refer to FARx.PM.02 - Alternate Flow 23)
The prescriber is selected on the Data Entry screen
‘Enable store to perform prescriptive authority validations’ (Refer to Corp–Root App Option # 919 - FAAM.AP.01b) option configuration is set to ‘Yes’
‘Allow Prescriber Notes’ option configuration in Corp Admin (refer to Corp–Root App Option # 929 - FAAM.AP.01b) option configuration is set to ‘On’
Shall display as “View MD” if selecting to create a New Rx from Pre-Data Entry, Unmatched Fax, or Hard Copy Request

Reselect Patient (R) to reselect a patient
This option shall only be displayed when the user has imitated patient reselection on Edit Rx screen (Refer FARx.ET.01.2200) and returned from Patient reselection search screen with a reselected patient (Refer to FARx.ET.01 Alternate flow 39) 
When the New Prescription screen** is displayed after performing patient reselection on Edit Rx screen and user opts to reselect patient, System shall mimic the reselect functionality from Edit Rx Screen (Refer FARx.ET.01.2200, 2201,2202)
** Screen Header will be displayed as ‘Edit Prescription’.

Continue (Enter) to complete data entry.

System shall determine if prescription is an Transfer In from a Non-CVS store via Specialty Connect Transfer
If no, system shall continue to DE.01.472

If yes (i.e. prescription is an Transfer In from a Non-CVS store via Specialty Connect Transfer), system shall
continue to DE.01.469",No
FARx.DE.01.2165,"If Rx is not a written Immunization Rx, then the below navigation options are available at the end of Data entry after the user has entered all the mandatory fields.

Change Line/Chg Line: Edit a line number. The user enters the line number to edit and may then update based upon the defined rules for that field.
Enter Additional Information (refer Functional Activity Document–FARx.DE.03 Data Entry - Additional Information)
Patient Notes: Enter Patient Notes (Ref Functional Activity Document FARx.PA.03-Alternate Flow 16)
Enter Fill notes (refer to Alternate Flow 14)
Schedule Immunization (s) – Refer to FARx.DE.01.3018
Exit: When Exit is selected, system will display a message to confirm if the user wants to exit with options Yes and No. 
On selecting Yes, system closes the message as well as the New Rx screen and displays the screen of origin. Any information added on the screen will not be saved.
On selecting No, the message is closed and New Rx screen is displayed.
Continue (to complete Data Entry): System shall continue to DE.01.2319.",No
FARx.DE.01.2903,"When the immunization is from a written prescription, the prescription is dispense only and below is true:
“Enable Enhancement IMZ Scheduling Functionality (Phase 1)” option is set to ‘Yes’ (Refer to FAAM.AP.01b Corp Root Option #2293). 

THEN,

The system will induct the prescription into the normal prescription workflow (non-immunization)
User is able to select “S” Schedule navigation option on the data entry screen for a written Rx as dispense only",
FARx.DE.01.3018,"When user selects an immunization drug on New Prescription Data Entry screen and the drug is not a written prescription (Rx Origin Code = 5) and the conditions mentioned below are true:
“Enable R54 Clinic Workflow IMZ Enhancements” option is set to ‘Yes’ (Refer to FAAM.AP.01b Corp Root Option #2160). 
New Rx is being Manually Data Entered for an In-Store, Walk-in (Rx Origin Code = 5) Immunization Rx.
Rx is for a COVID or a Non-COVID Immunization Rx.

THEN,

The system shall display New Prescription Data Entry screen as per (Refer to FARx.DE.01) with the following addition:
System shall display a new NAV option to allow the user to choose to schedule an appointment for the immunization Rx to be administered.
Upon selecting, the NAV option shall begin the process of selecting appointment date and time to schedule the immunization based on data entry scenario:
Covid - Single Dose or Booster (Refer to FARx.DE.01.3024).
Covid - Series 1st & 2nd Dose (Refer to FARx.DE.01.3019).
Non-Covid - Single Dose (Refer to FARx.DE.01.3020).",No
FARx.DE.01.3024,"When the user selects new NAV option to schedule the immunization dose from the New Rx Data Entry screen (Refer to FARx.DE.01.3018) and the conditions mentioned below are true:
Rx is for a COVID Immunization prescription.
User selected either 'Series (Dose 1 / Dose 2 / Dose 3)  OR Booster (Already received series doses) on the Dose Information Prompt during the Data Entry (Refer to FARx.DE.01.2504).
Either system has identified Dose number from Match NDC check (Refer to FARx.DE.01.2405) OR User has selected the dose number on the Dose Number Prompt during Data Entry (Refer to FARx.DE.01.2406).
Then, the system shall:
Schedule Covid Single Dose 
System shall send a request to digital to get several dates with available time slots for appointments (Refer to FAIN.RTL.114).
When the following switches are enabled then display a Calendar Weeks dialog (refer to FARx.DE.01.2900 before requesting available dates).
Corp Root # 2293 ""Enable Enhanced IMZ Scheduling Functionality (Phase 1)"" is ""Yes""
Corp Root # 2294 'Enable Weekly Immunization Scheduling' is ""Yes
Dose – Covid single dose/booster: the expected range of appointment dates returned from digital should be based on (‘Days to Begin Scheduling initial vaccination dose’ configuration start and end dates based on IMZ Type).
The system shall the request sent to digital for the configuration (Days to begin scheduling Max value +7) to allow for more scheduling options (Digital to provide solution to determine Max +7).
System shall display prompt of Available Dates for user to complete selection of appointment dates and time.
System shall display prompt title and Instruction text but shall include new generic verbiage to schedule Vaccine and not specific dose.
Prompt shall allow user to select a date within the available (Max +7) days to see available times.
If Appointment dates extend to more than one page, then navigation options of 'N' Next and 'P' previous shall be displayed.
Display the Store Number and Store Address from which the available date details were requested when the Master switch “Enable R61 IMZ Enhancements” is set to enabled – (Refer to FAAM.AP.01b Corporate Root #2244).
If no dates with available time slots are returned from Digital the system shall display an error message indicating user will need to schedule using Digital platform (Refer to FARx.DE.01.2414).
Message shall contain new generic verbiage indicating patient should retry scheduling vaccine using Digital.
Message shall be display over Data Entry screen and before Schedule Dose Prompt is shown.
If user exits out of scheduling prompts before completing selections, then continue with point #c) below and system shall return the display will to New Rx Data Entry and focus will be on NAV bar to complete data entry.
Note: Upon selection of Exit option from the Schedule Immunization Dialog, User will be navigated back to the initiation screen.
Upon completing the Appointment Date and Time selections and selecting Continue on the Schedule Dose prompt the system shall continue with point# 2) below and return focus to NAV bar on Data entry Screen to complete New Rx data entry.
Complete New Rx Data Entry with following updates:
Upon completing Data Entry then for each completed scheduled immunization the system shall:
Capture credentials when the Master switch “Enable R61 IMZ Enhancements” is set to enabled (Refer to FAAM.AP.01b Corporate Root #2244) and Create Rx with the selected appointment date and time 
Capture Store Number scheduling the Rx when the Master switch “Enable R61 IMZ Enhancements” is set to enabled (Refer to FAAM.AP.01b Corporate Root #2244).
Based on the scheduled date, Place the Rx into suspended status in the selected store if the schedule date is in future when the Master switch “Enable R61 IMZ Enhancements” is set to enabled (Refer to FAAM.AP.01b Corporate Root #2244).
Send notification of scheduled IMZ appointment to Digital (Refer to FARx.IMM.18 & FARx.IMM.20).
The system updates Patient profile with the Manual Entered Phone Number (refer to FARx.DE.01.2877) when the Master switch “Enable R61 IMZ Enhancements” is set to enabled (Refer to FAAM.AP.01b Corporate Root #2244)
If a prescription exists for the same IMZ Type at the current store, systematically delete the prescription and send notification to Digital when the Master switch “Enable R61 IMZ Enhancements” is set to enabled (Refer to FAAM.AP.01b Corporate Root #2244).
During Data Entry of any accepted GAPS, processed by manual data entry (Refer to FARx.DE.01.3016) or systematic (Refer to FARx.IMM.13 & FARx.IMM.18), the system shall use the same scheduled Appointment Date and Time from the first scheduled IMZ Rx appointment on each GAP.",No
FARx.DE.01.3019,"When the user selects new NAV option to schedule the immunization dose from the New Rx Data Entry screen (Refer to FARx.DE.01.3018) and the conditions mentioned below are true:
User selects the option of 'Series (Dose 1 / Dose 2 / Dose 3) on the Dose Information Prompt during the Data Entry  (Refer to FARx.DE.01.2504).
User has selected the option of  'Start Vaccination (Dose 1)' on the Dose Number Prompt during Data Entry (Refer to FARx.DE.01.2406).

Then, the system shall:
Schedule Dose 1:
System shall send a request to Digital to get list of dates with available time slots for appointments (Refer to FAIN.RTL.114).
Dose 1 - Covid:  the expected range of appointment dates returned from Digital should based on ('Days to Begin Scheduling initial vaccination dose' configuration start and end dates based on IMZ Type).
The system shall send the request to digital for the configuration (Days to begin scheduling Max value +7) to allow for more scheduling options.
System shall display prompt of Available Dates for user to select a schedule date.
When the following switches are enabled then display a Calendar Weeks dialog (refer to FARx.DE.01.2900 before requesting available dates).
Corp Root # 2293 ""Enable Enhanced IMZ Scheduling Functionality (Phase 1)"" is ""Yes""
Corp Root # 2294 'Enable Weekly Immunization Scheduling' is ""Yes
System shall display Prompt title and Instruction text but shall include new generic verbiage to schedule Vaccine and not specific dose.
Prompt shall allow the user to select a date within the Max +7 days to view available times.
If Appointment dates extend to more than one page then navigation options of 'N' Next and 'P' previous shall be displayed.
If no dates with available time slots are returned from Digital the system shall display an error message indicating user will need to schedule using Digital platform as per, (Refer to FARx.DE.01.2414).
Message shall contain new generic verbiage indicating patient should retry scheduling vaccine using Digital.
If user exits out of scheduling prompts before completing selections, then continue with point #3) below and system shall return the display to New Rx Data Entry and focus shall be on NAV bar to complete data entry.
Once user selects an appointment date continue with point #c) below.
System shall display prompt to select an Appointment Time.
Once user selects a valid appointment time, system shall close the Appointment Time prompt and return to Schedule Dose prompt.
If user exits out of scheduling prompts before completing selections, then continue with point #3) below and system shall return the display to New Rx Data Entry and focus shall be on NAV bar to complete data entry.
Upon selecting Continue on the Schedule Dose prompt the system shall continue to point #2) below to schedule Dose 2.
Schedule Dose 2:
System shall send a request to Digital to get several dates with available time slots for appointments (Refer to FAIN.RTL.114).
Dose 2 - Covid: the expected range of appointment dates returned from Digital should begin with [Dose 1 schedule date + Min Days between doses range configuration through Max days].
For example: if Covid-Moderna dose 1 is scheduled today (4/6) for one week from today (4/13) then return appointment dates for minimum days between doses 28 to 30 dose 2 starting with (5/11 to 5/13 or 4/13 + 28-30 days).
System shall display Schedule Dose 2 prompt and complete selection of appointment dates and time.
If no dates with available time slots are returned from Digital the system shall display an error message indicating user will need to schedule using Digital platform as per (Refer to FARx.DE.01.2414).
Message shall contain new generic verbiage indicating patient should retry scheduling vaccine using Digital.
If user exits out of scheduling prompts before completing selections, then continue with point #3) below and system shall return the display to New Rx Data Entry and focus shall be on NAV bar to complete data entry.
Upon completing the Appointment Date and Time selections and selecting continue on the Schedule Dose 2 prompt the system shall continue with point #3) below and shall return the focus to NAV bar on Data entry Screen to complete New Rx data entry.
Complete New Rx Data Entry with following updates:
Upon completing Data Entry then for each completed scheduled immunization (Dose 1 and Dose 2) the system shall:
Create Rx with the selected appointment date and time.
Place the Rx into suspended status.
Send notification of scheduled IMZ appointment to Digital (Refer to FAIN.RTL.116).
During Data Entry of any accepted GAPS, processed by manual data entry (Refer to FARx.DE.01.3016) or systematic (Refer to FARx.IMM.13 & FARx.IMM.18), the system shall use the same scheduled Appointment Date and Time from the first scheduled IMZ Rx appointment on each GAP.",No
FARx.DE.01.3020,"When the user selects new NAV option to schedule the immunization dose from the New Rx Data Entry screen (Refer to FARx.DE.01.3018) and the condition mentioned below are true:
The Rx is for a non-COVID Immunization (Any Dose number).

Then, the system shall:
Send a request to Digital to get list of dates with available time slots for appointments (Refer to FAIN.RTL.114).
Non Covid (Any Dose) - The expected range of appointment dates returned from Digital should be based on ('Days to Begin Scheduling initial vaccination dose' configuration start and end dates).
The system shall send the request to digital for the configuration (Days to begin scheduling Max value +7) to allow for more scheduling options.
System shall display prompt of Available Dates for user to select a schedule date.
When the following switches are enabled then display a Calendar Weeks dialog (refer to FARx.DE.01.2900 before requesting available dates).
Corp Root # 2293 ""Enable Enhanced IMZ Scheduling Functionality (Phase 1)"" is ""Yes""
Corp Root # 2294 'Enable Weekly Immunization Scheduling' is ""Yes
System shall display prompt title and Instruction text but shall include new generic verbiage to schedule Vaccine and not specific dose.
Prompt shall allow user to select a date within the available (Max +7) days to see available times.
If Appointment dates extend to more than one page then navigation options of 'N' Next and 'P' previous shall be displayed.
If no dates with available time slots are returned from Digital the system shall display an error message indicating user will need to schedule using Digital platform.
Message shall contain new generic verbiage indicating patient should retry scheduling vaccine using Digital.
Message shall display over Data entry screen and before Schedule Dose Prompt is shown.
If user exits out of scheduling prompts before completing selections, then system shall return to New Rx Data Entry and focus will be on NAV bar to complete data entry.
Once user selects an appointment date continue with point #3) below.
System shall display prompt to select an Appointment Time.
Once user selects a valid appointment time close the Appointment Time prompt and return to Schedule Dose prompt.
If user exits out of scheduling prompts before completing selections then, system shall return the display to New Rx Data Entry and focus shall be on NAV bar to complete data entry.
Upon selecting continue on the Schedule Dose prompt the system shall return the focus to NAV bar on Data Entry screen.
Upon completing Data entry for the scheduled Immunization Rx the system shall:
Create Rx with the selected appointment date and time.
Place the Rx into suspended status.
Send notification of scheduled IMZ appointment to Digital (Refer to FAIN.RTL.116).
During Data Entry of any accepted GAPS, processed by manual data entry (Refer to FARx.DE.01.3016) or systematic (Refer to FARx.IMM.13 & FARx.IMM.18), the system shall use the same scheduled Appointment Date and Time from this IMZ Rx appointment for each GAP.",No
FARx.DE.01.2900,"Display Available Weeks Dialog

When the following are true: 
Corp Root # 2293 ""Enable Enhanced IMZ Scheduling Functionality (Phase 1)"" is ""Yes""
Corp Root # 2294 'Enable Weekly Immunization Scheduling' is ""Yes""
User has selected an immunization drug

Then, the system shall display the Calendar Weeks dialog as follows:
Include an Instruction box informing the user to select the line number to view available dates, input a different date or Change Store
The following attributes will be displayed in the store information box:
Store #
Store Phone #
Store Address (Max 45 characters)
Display IMZ Type for all drugs being scheduled (Max 3) 
Calendar weeks start from the current date + minimum configuration through Saturday 
Weeks will be considered to be from Sunday - Saturday
The minimum configuration as per existing configurations based on IMZ type:
Multi Dose (FAAM.IMM.01.402) 
Seasonal (FAAM.IMM.01.410)
Single Dose for Non COVID (FARx.DE.01.3019)
COVID (FARx.DE.01.3024)
Booster (FAAM.IMM.01.251)
A partial week will display if current date is other than Sunday
Up to the maximum configuration or 22 weeks (whichever is lesser) will display on each page (FAAM.IMM.01.400)
A partial week will display if the maximum configuration is not a full week
Display a date field for user to enter a specific date
The system will provide the following navigation options:
Select Line (#) to select a week 
When the user selects a week, the system will fetch the available time slots for each calendar day within the selected week (FARx.DE.01.2901)
Select Different Date (S), which brings the user to the date field (#7 above) 
Change Store (CS), which brings the user to the In Stock Stores Nearby dialog (FADP.DM.04)
Exit (X), which returns the user to the next step in the originating flow (FARx.DE.01.2868)
Notes:
Calendar Weeks dialog for IMZ can be triggered in a number of Scheduling flows including:
Toggling from PCC 
Patient Immunization Profile in RxC
Patient Profile via Manual Data Entry in RxC
QV for Next Dose Scheduling in RxC
Rescheduling an appointment from Patient Profile in RxC",
FARx.DE.01.2901,"Fetch Available Time Slots for Selected Week

When a calendar week has been selected on the Available Weeks dialog (FARx.DE.01.2900)

Then, the system will fetch all available time slots for each calendar day in the selected week using the time slot service (FAIN.RTL.114)
Once all time slots are identified, the system will display the dates that have available time slots for the selected week (FARx.DE.01.2902)
If no timeslots are available in the selected week, display an error message dialog to user 
The system will display an error message informing the user that there are no available appointments for the week selected and to select another week.
Navigation Option: Continue (Enter)
This error message will display on top of the weekly selection dialog. 
If there are connectivity errors, the system will display an existing error message dialog (FARx.DE.01.2874)",
FARx.DE.01.2902,"Display Available Dates Dialog for Selected Week

When the calendar days with available time slots have been received from Digital (FARx.DE.01.2901):

Then, the system shall display dates for the selected week that have available time slots as follows:
Text in the Instruction box for the user to select the line number to book the appointment date or Change Store
The following attributes will be displayed in the store information box:
Store #
Store Phone #
Store Address (Max 45 characters)
Display IMZ Type for all drugs being scheduled (Max 3) 
Display a grid with the available dates as follows:
Line #
The day of the week (e.g. Mon, Tues)
Date (Do not include a date if there are NO time slots available)
If no timeslots are available in the selected week, display an error message dialog to user 
The system will display an error message informing the user that there are no available appointments for the week selected and to select another week.
Navigation Option: Continue (Enter)
The system will provide the following navigation options
Select Line (#) to select a date
When the user selects a date, the system will display the Available Time Slots dialog (FARx.DE.01.3300)
Change Store (CS), which brings the user to the In Stock Stores Nearby dialog (FADP.DM.04)
Exit (X) (FARx.DE.01.3024), which brings the user back to the prior Available Weeks dialog

When the following are true: 
Corp Root # 2293 ""Enable Enhanced IMZ Scheduling Functionality (Phase 1)"" is ""Yes""
Corp Root # 2294 'Enable Weekly Immunization Scheduling' is ""No""
Then, refer to FARx.DE.01.3300 to display available dates dialog",
FARx.DE.01.3400,"Display Eligible Existing Appointment Dialog

When the following conditions are true:
The master switch ""Enable Enhanced IMZ Scheduling Functionality Ph2"" is set to 'Yes'. (Refer to FAAM.AP.01b #2295)
User has selected an immunization drug coming either of the below mentioned triggers:
Patient Profile via Manual Data Entry (Refer to FARx.DE.01.3405) 
Patient Immunization Profile (Refer to FARx.DE.01.3403) 
Rescheduling an appointment from Patient Profile (Refer to FARx.DE.01.3404)
Users choose to schedule immunization (FARx.DE.01.3018/FARx.DE.01.04?)
Logic is run to identify the existing and eligible appointment for selected patient. (Refer to FARx.DE.01.3401, 
System found existing and eligible in-store appointment for selected patient. 

Then, System shall display ""Eligible Existing Appointment"" new dialog as follows:
The text in the Green Instruction box to be added.
The following attributes will be displayed in the store information box:
Store #
Store Phone #
Store Address (Max 45 characters)
Display Immunization Type (of Data entered prescription)
Immunization Type(s) Scheduled to be displayed along with: (Refer to FARx.DE.01.3401
Appt Date
Appt Time
Store Number
Max 5 line items will be displayed on this dialog box.
1 line item per appointment ID. If there are 2 appointments with 2 different appointment ID for the same time slot, there shall be 2 line items .
Sorting logic: Display Prioritize Source Store line items in descending order on basis of Date. Then Display other line items on based of earliest Date. 
The system will provide the following navigation options:
Select Line (#) to select an appointment date from same store 
When the user selects an appointment date, the system shall take the user to “Schedule Immunization” Dialog. Refer to FARx.DE.01.2870
Select Line (#) to select an appointment date from other store (other than source store
When NDC is being identified (Mimic the R67 Change Store functionality), the system shall take the user to “Schedule Immunization” Dialog. Refer to FARx.DE.01.2870
Carry forward the facility information from the selected line
When NDC is not being identified, system shall display “Drug not in Stock” Dialog. (Refer to FARx.DE.01.3402) Create New Appointment Date (CA):

When the user selects CA, the system shall take the user to existing Available Weeks Dialog. Refer to FARx.DE.01.03-FARx.DE.01.05 based upon the trigger.

Exit (X), System will redirect user to the originating screen and from their system will follow next step as per existing functionality.
Notes: 
This enhancement does not apply to clinic flow, walk-in appointments, POS Scheduling or Ironman scheduling.
RxC will not retrieve additional time slots from digital as system will ensure that max immunization per appointment threshold is not exceeding (existing configuration)
This does not apply to when user selects QV line item for next Dose Scheduling.
When other store is selected, system should check if there is any appointment available for the IMZ Type data entered in the same store. If yes, system should delete the existing appointment.",No
FARx.DE.01.3401,"When the following conditions are true:
The master switch ""Enable Enhanced IMZ Scheduling Functionality Ph2"" is set to 'Yes'. (Refer to FAAM.AP.01b #2295)
""Enable Scheduling Date Range"" checkbox is enabled/checked and have Start and End Date populated. Refer to FAAM.IMM.01
Users choose to schedule immunization from any of the below triggers:
Manual Data Entry from Patient Profile (FARx.DE.01.3405)
Reschedule (FARx.DE.01.3404)
Patient Immunization Profile (FARx.DE.01.3403)

Then, System shall perform the below mentioned tasks:
Identify available appointments for the patient as follows:
Consider ONLY future In-store appointments across chain for suspended Rxs (apt date < current date, do not consider)
Consider appointments with appointment ID available (If appointment ID is null, do not consider) 
The system shall check eligibility of each appointment identified in AC#1 as follows:
System shall run the scheduling Date range logic and identify weekly view as mentioned in FARx.DE.01.3407. 
If patient has any existing appointment during those weeks, check the threshold configuration (FAAM.AP.01b Corp root #2161) value for the appointment.
If appointment has NOT met max threshold value, make the appointment eligible. 
The system shall display appointments to the user on ""Eligible Existing Appointment"" dialog (Refer to FARx.DE.01.3400)
If there is no eligible appointment available, the system shall not display ""Eligible Existing Appointment"" dialog (Refer to FARx.DE.01.3400) and continue with existing process.
Note: If any of above-mentioned calculation returns any date that is in the past, system shall not consider those.",No
FARx.DE.01.3402,"Drug Not in Stock Dialog 

When The master switch ""Enable Enhanced IMZ Scheduling Functionality Ph2"" is set to 'Yes'. (Refer to FAAM.AP.01b #2295). Also, an existing appointment been selected at different store from Eligible Existing Appointment dialog (Refer to FARx.DE.01.3400) and No NDCs were successfully identified (Standard process of calculating QAD), then the system shall
Display ""Drug Not in Stock"" Dialog (Refer to FADP.DM.04 Alt Flow 4 for existing dialog box) with modifications mentioned below:
The text in the Green Instruction box to be added.
Display Immunization Type
Display an error message that the drug is not in stock for the store number entered.
Provide the following navigation options:
Create New Appointment Date (CA) to create new appointment date.
i.i) When CA is selected, system shall behave as mentioned in FARx.DE.01.3400 Point# 7.b

ii) Exit (X)
ii.i) When Exit is selected, system shall take the user back to previous/originating Dialog.",
FARx.DE.01.3403,"When user has accepted a gap from immunization profile and system auto populates the NDC on data entry screens (FARx.DE.01.2150-2151) and the conditions mentioned in FARx.DE.01.3400 are true for this trigger, 

Then system shall display Eligible Existing Appointment Dialog per FARx.DE.01.3400 with below modifications:


Create New Appointment Date (CA):
When the user selects CA, the system shall take the user to existing Available Weeks Dialog Refer to FARx.DE.01.2900 – FARx.DE.01.2902.
When the 'Enable Weekly Immunization Scheduling' is ""disabled"" (FAAM.AP.01b #2294), Display existing Available Dates Dialog - Refer to FARx.DE.01.3300
Notes:
This enhancement does not apply to clinic flow, walk-in appointments, POS Scheduling, or Ironman scheduling.
RxC will not retrieve additional time slots from digital as system will ensure that max immunization per appointment threshold is not exceeding (existing configuration)",No
FARx.DE.01.3404,"When User has selected to reschedule an appointment from Patient Profile (FARx.IMM.20 Alt Flow 2) and conditions mentioned in FARx.DE.01.3400 are true for this trigger,

Then the system shall display “Eligible Existing Appointment” Dialog per FARx.DE.01.3400 with below modifications:
Create New Appointment Date (CA)
When the user selects CA, the system shall take the user to existing Available Weeks Dialog Refer to FARx.DE.01.2900 – FARx.DE.01.2902.
When the 'Enable Weekly Immunization Scheduling' is ""disabled"" (Refer to FAAM.AP.01b #2294), Display existing Available Dates Dialog - Refer to FARx.DE.01.3300.
Notes:
1) This enhancement does not apply to clinic flow, walk-in appointments, POS Scheduling, or Ironman scheduling.
2) RxC will not retrieve additional time slots from digital as system will ensure that max immunization per appointment threshold is not exceeding (existing configuration)",No
FARx.DE.01.3405,"When User has selected an immunization drug coming from Patient Profile via Manual Data Entry (FARx.DE.01.04) and conditions mentioned in FARx.DE.01.3400 are true for it,

Then the system shall display “Eligible Existing Appointment” Dialog per FARx.DE.01.3400 with below modifications:
Create New Appointment Date (CA)
When the user selects CA, the system shall take the user to existing Available Weeks Dialog Refer to FARx.DE.01.2900-FARx.DE.01.2902.
When the 'Enable Weekly Immunization Scheduling' is ""disabled"" (Refer to FAAM.AP.01b #2294), Display existing Available Dates Dialog - Refer to FARx.DE.01.3300.",No
FARx.DE.01.3406,"When the below conditions are true:
The master switch ""Enable Enhanced IMZ Scheduling Functionality Ph2"" is set to 'Yes'. (Refer to FAAM.AP.01b #2295) 
A user chooses to select an appointment from Eligible Existing Appointment Dialog (Refer to FARx.DE.01.3400) where Schedule Dialog would get displayed. (FARx.DE.01.04).
Single immunization gets scheduled.
User selects a line item from ""Eligible Existing Appointment"" Dialog (Refer to FARx.DE.01.3400) on a store other than the source Store.
Then System shall run the drug selection logic.
If NDCs gets successfully identified,
User should be displaying ""Schedule Immunization"" Dialog. R67 FARx.DE.01.2870.
If drug selection logic gets failed,
User should be displayed with error message on ""Drug Not in Stock"" Dialog. Refer to FARx.DE.01.3402.",
FARx.DE.01.3407,"When the below conditions are true:
""Enable Scheduling Date Range"" checkbox is enabled/checked and have Start and End Date populated. Refer to FAAM.IMM.01.
User has selected an immunization drug and scheduling the immunization rx. Refer to FARx.DE.01.04 from any of the below mentioned triggers.
Patient Profile via Manual Data Entry. (Refer to FARx.DE.01.3411)
PCC (Refer to FARx.DE.01.3408)
Reschedule an appointment from Patient Profile (Refer to FARx.DE.01.3410)
Patient Immunization Profile (Refer to FARx.DE.01.3409)
Then, System shall consider IMZ type level start & end date configuration to display weekly view per below:
If start date mentioned under ""Enabled Scheduling Date Range"" is in future,
System shall consider start date value as day zero and weekly view would be displayed from start date. Refer to FARx.DE.01.3408-FARx.DE.01.3411 (Different trigger user stories) for Weekly View display.
Note: A partial week will display if current date is other than Sunday per existing. Refer to FARx.DE.01.3408-FARx.DE.01.3411 (Different trigger user stories)
Note: Up to the maximum configuration or 22 weeks (whichever is lesser) will display on each page (FAAM.IMM.01.400 - Maximum Days for In-Store Scheduling)
A partial week will display if the maximum configuration is not a full week per existing. Refer to FARx.DE.01.3408-FARx.DE.01.3411 (Different trigger user stories)
If start date mentioned under ""Enabled Scheduling Date Range"" is in the past,
System shall consider current date as day zero and weekly view would be displayed from next day. Refer to FARx.DE.01.3408-FARx.DE.01.11 (Different trigger user stories) for Weekly View display.
Note: RxC always displays from next day
Note: A partial week will display if current date is other than Sunday per existing. Refer to FARx.DE.01.3408-FARx.DE.01.3411 (Different trigger user stories)
Note: Up to the maximum configuration or 22 weeks (whichever is lesser) will display on each page (FAAM.IMM.01.400 - Maximum Days for In-Store Scheduling)
A partial week will display if the maximum configuration is not a full week per existing. Refer to FARx.DE.01.3408-FARx.DE.01.3411 (Different trigger user stories)
If end date mentioned under ""Enabled Scheduling Date Range"" is in future,
System shall not show availability past this date irrespective of setting of Maximum Days for In-store Scheduling and weekly view would be displayed till end date. 
If end date mentioned under ""Enabled Scheduling Date Range"" is in the past or current date (i.e, start and end date both are in past),
System shall not display any dates and display an error message saying ""Schedule function is not available for this Immunization Type.
Note: A partial week will display if current date is other than Sunday per existing. Refer to FARx.DE.01.3408-FARx.DE.01.3411 (Different trigger user stories)
Note: Up to the maximum configuration or 22 weeks (whichever is lesser) will display on each page (FAAM.IMM.01.400 - Maximum Days for In-Store Scheduling)
A partial week will display if the maximum configuration is not a full week per existing. Refer to FARx.DE.01.3408-FARx.DE.01.3411 (Different trigger user stories)
System shall consider following configurations and use most restrictive setting for weekly view end date.
Maximum Days for In-store Scheduling (Refer to FAAM.IMM.01.400)
IMZ type level End date (Refer to US529041)
If Maximum Days for In-store Scheduling is not available,
System shall use the IMZ type level End date
Note: A partial week will display if current date is other than Sunday per existing. Refer to FARx.DE.01.3408-FARx.DE.01.3411 (Different trigger user stories)
Note: Up to the maximum configuration or 22 weeks (whichever is lesser) will display on each page (FAAM.IMM.01.400 - Maximum Days for In-Store Scheduling)
A partial week will display if the maximum configuration is not a full week per existing. Refer to FARx.DE.01.3408-FARx.DE.01.3411 (Different trigger user stories)
When ""Enable Scheduling Date Range"" Switch is not enabled,
System should behave per R67 implementation. Refer to R67 F96552
When ""Enable Scheduling Date Range"" Switch is enabled but Maximum Days for In-store Scheduling is not populated (i.e. value as 0) and Start, End dates are in range
System shall consider end date as last date.
Note - When the Rolling Days/Maximum Days for In-store Scheduling (IMZ type level) is not coming under ""Enabled Scheduling Date Range"" i.e either it is coming before or after the ""Enabled Scheduling Date Range"".
System shall not display any dates and display an error message saying, ""Schedule function is not available for this Immunization Type.""
Notes: (Valid for FARx.DE.01.3407-FARx.DE.01.3411)
This enhancement applies to all in-store appointment scheduling flows and reschedule function.
This enhancement does not apply to waiters.
This enhancement does not apply to gap prompting logic.
This enhancement applies to all immunization types if Start & End date is set.
This is planned to use for seasonal IMZ (COVID/Flu).
This enhancement doesn't apply to NDS (Next Dose Scheduling)
Most multi-dose series are non-seasonal (Shingles, Hepatitis) and this has not been planned for setting start and end date configurations.
QAD will not be considered to display weekly view, per existing functionality, the inventory prompt should display if product QAD = 0. 
If user selects “F” to fill as is, user is accepting risk and can move forward with scheduling.",No
FARx.DE.01.3408,"When ""Enable Scheduling Date Range"" checkbox is enabled/checked and have Start and End Date populated. Refer to FAAM.IMM.01 and User has toggled from PCC.
Then, System shall consider the modified scheduling logic for Start & End date by Enabling Scheduling Date Range per US530737 with below mentioned weekly view display references.
Refer to R67 US513955 for Weekly View display.
Note: A partial week will display if current date is other than Sunday per existing. Refer to R67 US513955 AC# 1.d.iii
Note: Up to the maximum configuration or 22 weeks (whichever is lesser) will display on each page (FAAM.IMM.01.400 - Maximum Days for In-Store Scheduling)
A partial week will display if the maximum configuration is not a full week per existing. R67 US513955 AC# 1.d.iv",
FARx.DE.01.3409,"When ""Enable Scheduling Date Range"" checkbox is enabled/checked and have Start and End Date populated. Refer to FAAM.IMM.01 and User has accepted a gap from immunization profile and system auto populates the NDC on data entry screens (FARx.DE.01.2150-2151)
Then, System shall consider the modified scheduling logic for Start & End date by Enabling Scheduling Date Range per US530737 with below mentioned weekly view display references.
Refer to FARx.DE.01.2900-FARx.DE.01.2902 for Weekly View display.
Note: A partial week will display if current date is other than Sunday per existing. Refer to FARx.DE.01.2900-FARx.DE.01.2902 
Note: Up to the maximum configuration or 22 weeks (whichever is lesser) will display on each page (FAAM.IMM.01.400 - Maximum Days for In-Store Scheduling)
A partial week will display if the maximum configuration is not a full week per existing. Refer to FARx.DE.01.2900-FARx.DE.01.2902.",No
FARx.DE.01.3410,"When ""Enable Scheduling Date Range"" checkbox is enabled/checked and have Start and End Date populated. Refer to FAAM.IMM.01 and User has selected to reschedule an appointment (FARx.IMM.20 Alt Flow 2)
Then, System shall consider the modified scheduling logic for Start & End date by Enabling Scheduling Date Range per US530737 with below mentioned weekly view display references.
Refer to R67 US513172 for Weekly View display.
Note: A partial week will display if current date is other than Sunday per existing. Refer to R67 US513172 AC# 1.d.iii
Note: Up to the maximum configuration or 22 weeks (whichever is lesser) will display on each page (FAAM.IMM.01.400 - Maximum Days for In-Store Scheduling)
A) A partial week will display if the maximum configuration is not a full week per existing. R67 US513172 AC# 1.d.iv",No
FARx.DE.01.3411,"When ""Enable Scheduling Date Range"" checkbox is enabled/checked and have Start and End Date populated. Refer to FAAM.IMM.01 and user has selected an immunization drug and scheduling the immunization rx from Patient Profile via Manual Data Entry. Refer to (FARx.DE.01.04) are true,
Then, System shall consider the modified scheduling logic for Start & End date by Enabling Scheduling Date Range per US530737 with below mentioned weekly view display references.
Refer to R67 US513168 for Weekly View display.
Note: A partial week will display if current date is other than Sunday per existing. Refer to R67 US513168 AC# 1.d.iii
Note: Up to the maximum configuration or 22 weeks (whichever is lesser) will display on each page (FAAM.IMM.01.400 - Maximum Days for In-Store Scheduling)
A partial week will display if the maximum configuration is not a full week per existing. R67 US513168 AC# 1.d.iv",No
FARx.DE.01.2868,"When  App Option 'Enable R60 IMZ Enhancements' is set to 'Yes' and Available Appointment Dates and Times have been requested and received from Digital 
The system shall display Available Dates dialog for user to select a schedule date (refer to FARx.DE.01.2864)  with the following changes:
Prompt Title : 
If display is for an Automated Next Dose flow (Refer to FARx.DE.01.2864) then title = ""Schedule Next Dose""
Otherwise title = ""Available Dates"" (per existing)
Prompt Instruction text will display updated 'green' box message indicating user can also select new date
System displays the Drug name
Prompt displays list of up to 21 dates received from Digital with available appointment times for user to select from 
The cursor focus should be on the Nav bar upon load
'Date' field
Field Name = 'Date'
Help Text = message to indicate date format MM/DD/YYYY
System validates the date entered in the Date field:
If the input date is valid and there are no appointment times available for the date selected
The system displays an Error message prompting the user to choose a different date (Refer to FARx.DE.01.2874) 
If entered date is beyond the maximum allowed range (Entered Date cannot be greater than current date + Max days for In-Store Scheduling config value (Refer to FAAM.IMM.01.34) then the following occurs:
The system displays an Exceeds Maximum Date Error message  (Refer to FARx.IMS.01)
If the scenario is for Automated Next Dose flow (Refer to FARx.DE.01.2864) or Covid Dose 2 (Refer to Alt Flow 30) AND the date entered is before the minimum required date for the next dose, then the system displays the Date Too Soon Error Message (Refer to FARx.DE.01.2876) 
The minimum required date will be calculated by Fill Date of current IMZ + Min Days between Doses config (Refer to FAAM.IMM.01) for the NDC and Dose # (the next dose # which was determined in Vaccine Administration) (Refer to FARx.DE.01.2859)
When the system has successfully validated the entered date and User selects Continue:
If Date entered was in date range already received from Digital with available appointment times
Display Appointment Time Slot dialog for user to select from (Refer to FARx.DE.01.2869)
If Date entered was greater than the date range returned from Digital AND less than the maximum allowed date 
Send new request to Digital for Appointment dates and times (FAIN.RTL.114) with range of Appointment dates requested:
Start Date = Manually entered 'Date' on Appointment Dates dialog 
End Date = Blank
If no Appointment Times are returned from Digital for the selected date:
The system displays an Error message prompting the user to choose a different date (Refer to FARx.DE.01.2874)
If Appointment Times are returned for the selected date:
Display Appointment Time Slot dialog for Date Entered for user to select from (Refer to FARx.DE.01.2869)​​
NAV Options
Select Line # (per existing) - Display Appointment Time Slot dialog with Time slots for Date line selected (Refer to FARx.DE.01.2869)​​
Select Different Date (S) - Move focus to the Date field 
Decline Scheduling (D)  - Closes the Schedule Next Dose Dialog, exit out of scheduling flow and return to next step in originating flow (This is only valid for the Schedule Next Dose flow)
Exit (X) - Closes the Available Dates Dialog, exit out of scheduling flow and return to next step in originating flow (This is only valid for the existing Available Dates flow)
When the project master switch ‘Enable R61 IMZ Enhancements’ is set as ‘Enabled’ (Refer to FAAM.AP.01b.Corporate Root #2244), Exit (X) will behave as follows: 
 Exit returns the user to the ‘Search Nearby Store Inventory’ Screen 
Continue (Enter) - 
Displays after the user selects a line # or enters a date
Display Appointment Time Slot dialog with Time slots for the individual date entered in Date field (Refer to FARx.DE.01.2869)​​ 
When “Enable Enhanced IMZ Scheduling Functionality (Phase 1) is ‘Yes’ (Refer to FAAM.AP.01b Corp Root Option #2293) and the User has selected a QV line item for Next Dose Scheduling, below are the Navigation Options that will be available:
Refer to FARx.DE.01.2868 for Navigation Options.
Change Store (CS), which brings the user to the In Stock Stores Nearby dialog
Text Patient Link to Schedule
NOTES:
*Appointment dialogs for IMZ can be triggered in a number of Scheduling flows
Schedule Forward of IMZ & GAPS during Data Entry and Check-in 
Automated Next Dose scheduling from RxC Backup Flow 
Scheduling of IMZ GAPs triggered from PCC 
Rescheduling of IMZ Rx (Refer to FARx.IMM.20) 
When requesting dates from Digital, up to 21 days of dates are requested",No
FARx.DE.01.3300,"When Corp Root # 2293 “Enable Enhanced IMZ Scheduling Functionality (Phase 1)” is “Yes” and Corp Root # 2294 'Enable Weekly Immunization Scheduling' is ""Yes"", refer to FARx.DE.01.2901
When Corp Root # 2293 ""Enable Enhanced IMZ Scheduling Functionality (Phase 1)"" is “Yes” and Corp Root # 2294 'Enable Weekly Immunization Scheduling' is ""No”, continue in this workflow
When FAAM.AP.01b, Corp Root option #2281 App Option ‘Enable Change Store function for IMZ scheduling’ is set to 'Yes', the Schedule Date dialog pops up and user selects the schedule date navigation option and Available Appointment Dates and Times have been requested and received from Digital 
The system shall display Available Dates dialog for user to select a schedule date (refer to FARx.DE.01.2868) with the following changes:
The text in the green Instructions box updated indicating the option to select a new date (S) or change the store (CS) to make an appointment
Display the IMZ Type and not the Drug Name
The following attributes shall be displayed in the store information box:
Store #
Store Phone #
Store Address
The following Navigation options will be displayed:
""Change Store (CS)"" Option 
When selected it will display the In Stock Stores Nearby screen (FADP.DM.04)
Exit Option 
Will navigate the user to the prior screen
If after new store is selected, return to In-store Stores Nearby screen
If prior to new store being selected, return to prior screen
After the user selects an appointment date on the Available Dates dialog when scheduling an immunization, display the Appointment Time Slot dialog for user to select from (Refer to FARx.DE.01.2869) with the following changes:
The text in the green Instructions box updated indicating the option to select a different date (S) or change the store (CS) if no acceptable time slots are available.
Display the IMZ Type for all drugs being scheduled (Max 3) and not the Drug Name
The following attributes shall be displayed in the store information box:
Store #
Store Phone #
Store Address
The following Navigation options will be displayed:
""Change Store (CS)"" Option 
When selected it will display the In Stock Stores Nearby screen (FADP.DM.04)
If the user selects the ""Change Store (CS)"" Option on either the Available Dates or Available Time dialog and the user has toggled from PCC with multiple IMZ Gaps to RxC to schedule an IMZ appointment, the system will attempt to identify NDCs for each of the IMZ Types selected (FADP.DM.04.40 & FADP.DM.04.49)
Display the Schedule Immunization dialog, after the user confirms a time on the Available Time Slots screen, per existing functionality (FARx.DE.01.2870) with the following changes:
The following attributes shall be displayed in the store information box:
Store #
Store Phone #
Store Address
Display the drug name if it's available
Display the IMZ Type if the drug name is not available
The day of the week (e.g. Mon, Tues) is displayed along with the selected date
Navigation Options are as follows:
Select (#)
When the line number for the date is selected, system displays the Available Dates dialog 
When the line number for the time is selected, system displays the Available Time Slots dialog 
Exit (X)
System displays the originating screen as per existing functionality
Continue (Enter)
Follow existing workflow for scheduling the appointment
Continue to perform the following functionality after the date/time has been selected per existing logic as outlined for the PCC flow in FARx.DE.01 Alt Flow 32 and for the non-PCC flow in FARx.DE.01 Alt Flow 30.
Note: If more than 1 drug is selected in the PCC flow, all drugs will be scheduled with the same date and time

If the user has selected a different store (via the Change Store ""CS"" navigation option) and when the user enters their credentials after confirming the appointment date and time:
The system shall return the user to the originating store on the trigger screen (refer to list of initiation points in the notes below)
When triggered from QV for Next Dose Scheduling, if Nkey/Command Center:
Is enabled, system goes to the next eligible item in QV in the originating store
If disabled, system goes back to QV in the originating store
When triggered from PCC, the system shall toggle the user back to PCC from RxC per existing logic (FARx.DE.01.2884)
When triggered from rescheduling an appointment from Patient Profile:
System shall delete the Rx from originating store (FARx.DEL.01)
System shall create the Rx in the selected store (FARx.DE.01.3024)
Maintain Immunization Appointment Details
System shall maintain the Source Store (""Facility ID"" value) for the new prescription (FARx.DE.01.2356) 

Notes:
Appointment dialogs for IMZ can be triggered in a number of Scheduling flows including:
Toggling from PCC with 1 or multiple IMZ Gaps selected
Patient Immunization Profile in RxC
Patient Profile via Manual Data Entry in RxC
QV for Next Dose Scheduling in RxC
Rescheduling an appointment from Patient Profile in RxC",
FARx.DE.01.2874,"If no Appointment Times are returned from Digital for the selected date:
The system displays an Error Message informing the user that there are no appointment times available for the date selected and prompts the user to choose another date
The NAV option 'Continue' will redirect the user to the Available Dates dialog to select a different date (Refer to FARx.DE.01.2868)",No
FARx.DE.01.2889,"When the option 'Enable R62 IMZ Enhancements' is set to 'Yes' and ‘Enable R62 Next Dose Scheduling Link’ is set to ‘Yes’:
When the user selects 'Text Patient Link to Schedule' navigation option on the schedule next dose screen to schedule their Next Dose
Then, send the additional next dose scheduling information to ROCM using existing service (nextDoseScheduling)
IMZ administration will be completed through RxConnect Backup flow
Immunization being administered will be a multi-dose series and there will be doses remaining in the series for that patient. 
No future appointments will be scheduled for the same IMZ type in RxConnect.
User has accessed schedule next dose screen from Accuracy Scan screen.
The system displays the schedule next dose screen (refer to Alt flow 29) with a new option to text patient link to schedule an IMZ appointment on the schedule next dose screen with no future appointments will be scheduled for IMZ type in RxC
The system will display the schedule next Dose screen:
Navigation option:  
Text patient Link to Schedule will be displayed on the Schedule Next Dose  Schedule screen.
Instruction text will include new verbiage that user can select an appointment or request a one time text.
Note: Applies to only Non-Clinic and Non-Covid",
FARx.DE.01.2890,"The system will display “Text Patient Link to Schedule” dialog with the required options when mobile phone number exists in the patient profile (Refer to FARx.DE.01.2889 for Navigation Option)
The system will display Text Patient Link to Schedule dialog with the following details:
Instructions text -  By inputting the mobile number, the patient consents to the one time text schedule their appointment.
Mobile Phone 
Editable field
Accepts only numeric values
Must be 10-digit numeric value
When User provides Phone # and selects enter, the phone # shall be validated (Refer to FARx.PA.03- Alt flow 6)
An error message will be displayed using existing functionality if 10-digit phone # provided is invalid 
Upon continue, Focus will be placed back on the Mobile Phone # field clearing the existing value entered.
Help Text for Mobile Phone
Indicates to select Mobile Phone from Patient Profile or enter a new phone#
Mobile Phone # from Patient Profile will be displayed in the help text
Focus will be placed in the Mobile Phone field for the User Entry
User can provide a new phone # and continue with Nav options or If user enters 1 and enter, existing phone# will be displayed in the Mobile phone field to continue with Nav options
Focus will be moved to Nav option, when user enters a Mobile phone # or 1
For NO Phone# on Patient Profile Refer to FARx.DE.01.2890
Help text for Mobile phone
Indicates to enter a new phone#
Focus will be placed in the Mobile Phone field for User Entry
User can provide a new phone # and continue with Nav options 
Focus will be moved to Nav option, when user enters a Mobile phone #",
FARx.DE.01.2891,"When User selects complete (Enter) from the Text Patient Link to Schedule Dialog 
Refer to FARx.DE.01.2890
If Phone # is invalid, user will be provided with an error message
Upon continue, Focus will be placed back on the Mobile Phone # filed clearing the existing value entered,
The Mobile Phone selected/entered in the Text patient Link to Schedule dialog shall be sent to ROCM (refer to FARx.DE.01.2892)
User will be displayed an error message if the transaction to ROCM is not successful  
Error message shall be displayed (refer to UI Guide)
Upon continue, User will be directed back to Schedule Next Dose Screen
User shall be navigated back to verification screen or continue with N-key workflow.


Navigation Options:
Change Line(#)
If the user enters an invalid line number, the system shall display a standard error message with the option to continue.
If the user enters a valid line number, focus shall be placed on the selected field to update the mobile phone
Complete
Displayed only after User provides a valid 10 digit phone#
When User selects ""Enter"", (Refer to FARx.DE.01.2890)
Exit (X)
User will be directed back to Schedule Next Dose Screen",
FARx.DE.01.2892,"When the user selects the Complete (""Enter"") from the Text patient Link to Schedule dialog (Refer to FARx.DE.01.2890)
The next dose scheduling information will be sent to ROCM using the following details:
ROCM for NDS: XID secure data Elements: 
Patient ID#
IMZ Type #
NDC #Dose #
Last dose admin date#
last_dose_imz_vaccine_id(optional)
Preferred Communication channel (optional) 
phone #email address (optional)
first name #last name #
Date of birth #
Preferred Language indicator",
FARx.DE.01.2869,"When user selected an Appointment Date on the Available Dates/Schedule Next Dose screen
The system shall display Available Time Slots dialog for user to select a schedule time per existing (refer to FARx.DE.01.3020)  but with the following change:
Prompt Title :  Available Time Slots
Prompt Instruction text will display updated 'green' box message indicating user can select a number to book a time slot 
Display the Store Number and Store Address from which the available date details were requested when the Master switch “Enable R61 IMZ Enhancements” is set to enabled (Refer to FAAM.AP.01b Corporate Root #2244)
Prompt displays list of available appointment times received from Digital for user to select from (per existing, refer to FARx.DE.01.3020) 
'Appointment Date' field  
Field Name = 'Appointment Date'
Help Text = message to indicate date format MM/DD/YYYY 
Change the existing field from non editable to date enterable field
Field is prepopulated with the date selected on the 'Available Dates' screen
System validates the date entered in the Date field:
If the input date is valid and there are no appointment times available for the date selected
The system displays an Error message prompting the user to choose a different date (Refer to FARx.DE.01.2874) 
If entered date is beyond the maximum allowed range (Entered Date cannot be greater than current date + Max days for In-Store Scheduling config value (Refer to FAAM.IMM.01.34) then the following occurs:
The system displays an Exceeds Date Error message  (Refer to FARx.DE.01.2875)
If the scenario is for Automated Next Dose flow (Refer to FARx.DE.01.2864) or Covid Dose 2 (Refer to Alt Flow 30) AND the date entered is before the minimum required date for the next dose, then the system displays the Date Too Soon Error Message (Refer to FARx.DE.01.2876) 
The minimum required date will be calculated by Fill Date of current IMZ + Min Days between Doses config (Refer to FAAM.IMM.01) for the NDC and Dose # (the next dose # which was determined in Vaccine Administration) (Refer to FARx.DE.01.2859)
When the system has successfully validated the entered date:
If Date entered was in date range already received from Digital with available appointment times
Display Appointment Time Slot dialog for user to select from (Refer to FARx.DE.01.2869)
If Date entered was greater than the date range returned from Digital AND less than the maximum allowed date 
Send new request to Digital for Appointment dates and times (FAIN.RTL.114) with range of Appointment dates requested:
Start Date = Manually entered 'Date' on Appointment Dates dialog 
End Date = Blank
If no Appointment Times are returned from Digital for the selected date:
The system displays an Error message prompting the user to choose a different date (Refer to FARx.DE.01.2874)
If Appointment Times are returned for the selected date:
Redisplay Appointment Time Slot dialog for Date Entered for user to select from 
NAV Options
Select Line (#) - Upon Selecting Line (#) on the time slot dialog the system will 
Display Schedule Immunization dialog to confirm Appointment Date/Time (per existing FARx.DE.01.2870) 
Select Different Appointment Date (S) - Move focus to the Date field and allow user to enter/re-enter date
Upon selecting Enter, Display Appointment Time Slot dialog with Time slots for the individual date entered in Date field
Exit (X)  - Close Dialog, exit out of scheduling flow and return to next step in originating flow.*",No
FARx.DE.01.2875,"When user enters a Date beyond the maximum allowed range during Scheduling of future dose for an IMZ
The system displays an Error Message informing the user that the date entered cannot be more than <X> days in the future
X = Maximum days for Instore Scheduling config (Refer to FAAM.IMM.01.34)
The NAV option 'Continue' will redirect the user to the Schedule Next Dose/Available Dates dialog to choose another date with the focus on the Date field (Refer to FARx.DE.01.2868)",No
FARx.DE.01.2870,"When user completes the selection of the Date and Time for the IMZ during Next Dose or other scheduling (Refer to FARx.DE.01.2868, FARx.DE.01.2869, FARx.DE.01.3300)
The system shall display Schedule Immunization Dialog for user to confirm appointment details per existing (Refer to FARx.DE.01.3018) with the following changes: 
Display the Store Number and Store Address from which the Time/Slot details were requested when the Master switch “Enable R61 IMZ Enhancements” is set to enabled (Refer to FAAM.AP.01b Corporate Root #2244). 
Display the Day of the week (e.g. Mon,Tues, etc) along with the selected Date and time 
NAV Options
Select (#)
If the User selects Line 1 (i.e. Appointment Date), then the system returns the user
In the NDS flow, return to the original Schedule Next Dose dialog
In other Scheduling flows, return to the modified Available Dates dialog
If the User selects Line 2 (i.e. Appointment Time), then the system returns the user to the modified Available Time Slots dialog
Continue (Enter) -
If no changes to Date/Time, confirms selection of Appointment Date/Time and then returns the user to the next step in the previous workflow (e.g. Data Entry Screen, Automated Next Dose Scheduling – FARx.DE.01.2864)
When the Corp Root # 2293 ""Enable Enhanced IMZ Scheduling Functionality (Phase 1)"" is ""Yes"", the system will automatically update the promise date and time field on the data entry screen with the selected appointment date and time

Note: The promise date and time will be updated from all existing workflows including:
Patient Profile via Manual Data
Patient IMZ Profile in RxC
Form backend workflows (Digital, Ironman & POS) (FARx.IMM.13.05) and when a QT line item was created because of any failure (FARx.IMM.03)",No
,,
,,
,,
FARx.DE.01.2871,"Upon Completion of the Appointment Date/Time selection (refer to FARx.DE.01.2864)
The system prompts the new Text Patient Appointment Reminders dialog and displays the following functionality:
Title: Text Patient Appointment Reminders
Instructional Text Box 
Field #1  Question 
The system asks the patient if they would like to receive text messages about upcoming appointment
The system displays Help Text with Y-Yes/N-No options 
The system allows the user to select a Yes/No value
The system allows the user to change/update the value after selection
The user must make a selection before moving on to the next step
Field #2  Mobile Phone 
If the user selects No as an answer to the previous question, the field is greyed-out (not-editable) and the focus is moved to the Nav bar
If the user selects Yes as answer to the previous question, the field becomes editable and then:
The system displays a Dynamic Help Text based on whether mobile phone number is available on patient profile or not with instructions to capture one of the following:
Select 1 to choose Mobile Phone Number (only displays if mobile phone is present on the Patient profile)
Enter a 10-digit Mobile Number (Valid numeric phone number)
Upon selection of Mobile phone option, the Phone number is populated and the focus is moved to the Nav bar
The user must make a selection or enter a phone number before moving on to the next step
Navigation Options
Change Line (#)  places cursor online to allow User to change selection of Field #1  Question
Continue/Complete  (see #2. Continue/Complete Scenarios below)
Continue/Complete Scenarios:
If Field #1 = N OR  Field #1 = Y and the manually entered phone number is the same as the phone number on the patient profile
system closes the dialog and the proceeds to auto create Rx if Next Dose Scheduling (Refer to FARx.DE.01.2873)
If Field #1 = Y and the manually entered phone number is different than the phone number on the patient profile (including if there is no phone number on the profile) then 
system displays the Assign Primary Phone Number dialog (Refer to FARx.DE.01.2872)",No
FARx.DE.01.2872,"When user has entered a mobile phone number different than value on patient profile in Text Patient Appointment Reminders dialog (Refer to FARx.DE.01.2871)
The system prompts the new Assign Primary Phone Number dialog and displays the following functionality:
Title: Assign Mobile Phone Number
Instructional Text Box 
Grid to display the following data:
The Mobile Phone #  of Manually Entered Information (the phone # entered from the Text Patient Appointment Reminders dialog)
The Mobile Phone # of Profile Information (the phone # from the patient profile)
If there is no Phone # in the Patient profile then the Profile Information column will be Unavailable
Field #1 
Text = Mobile Phone Number
Field allows selection of values #1 or #2 to capture patients primary phone number
Upon selection of Manually Entered Mobile Phone Number option, the Manually Entered Information is populated and the focus is moved to the Nav bar
Upon selection of Profile Mobile Phone Number option, the Profile Information is populated and the focus is moved to the Nav bar
The system allows the user to change/update the value after selection
The system displays a Help Text to capture one of the following:
Select 1 to choose Manually Entered Mobile Phone Number
Select 2 to choose Profile Mobile Phone Number
Navigation Options
Change Line (#)  places cursor online to allow the user to change selection of the Mobile Phone Number 
Continue/Complete  appears after phone number selection is made
Continue/Complete Scenarios:
If the Profile Mobile Phone Number is selected
If performing a Manual Data Entry Schedule Rx, then the system closes the dialog and then returns to the next step in Data Entry flow (Refer to Alt Flow 30, 31) 
If performing a Next Dose Schedule Rx, then the system closes the dialog and systematically creates Rx (Refer to FARx.DE.01.2864)
If the Manually Entered Phone Number is selected
The system updates Patient profile with the Manual Entered Phone Number (refer to FARx.DE.01.2877)
If performing a Manual Data Entry Schedule Rx, then the system closes the dialog and then returns to the next step in Data Entry flow (Refer to Alt Flow 30, 31) 
If performing a Next Dose Schedule Rx, then the system closes the dialog and systematically creates Rx (Refer to FARx.DE.01.2864)",No
FARx.DE.01.2877,"Update Mobile Phone when scheduling Vaccinations (manual)
When user selects Manually Entered Phone Number on the Assign Primary Phone Number dialog (refer to FARx.DE.01.2872) and the Immunization is scheduled from any of the following triggers:
Manual Data Entry Schedule Forward of IMZ Rx & GAPS (COVID) (Refer to Intake FARx.DE.01.2881) or
Manual Data Entry Schedule Forward of IMZ Rx & GAPS (Non-COVID) (Refer to Intake FARx.DE.01.2880) or
For a GAP accepted PCC
Patient Profile Mobile Phone field is updated with the manually updated phone number per existing functionality (FARx.PA.03  Alt flow 6)",No
FARx.DE.01.2878,"Update Mobile Phone when scheduling Vaccinations (backend)
When an IMZ is created for Automated Next Dose Scheduling in Backup Flow and Mobile number gets updated, FARx.PA.03.1939- Alt flow 6",No
FARx.DE.01.3293,"When selecting to Continue, the systems shall evaluate if the following conditions are met:
Immunization Type is not COVID 
Clinic Facility Type is not Sr. Living
Enable R60 IMZ Enhancements is set to Yes (Refer to FAAM.AP.01b Corp option # 2226) 

When the conditions above are validated then:
System will calculate the Dose number using existing IMZ history records 
Create New IMZ Rx in workflow as waiter  per existing (Refer to FARx.DE.01) 
Upon Completing IMZ Rx, perform process to create any accepted GAPs using the IMZ information from the just created IMZ Rx   
For GAP Use Source = Pharmacy-GAP 
When GAP is Covid (Refer to existing FARx.DE.01) 
When GAP is Non-Covid (Refer to existing FARx.IMM.13)  
When each GAP Rx is inducted into workflow Apply new Dose # Calculation logic to existing processing (Refer to FARx.IMM.18)",No
FARx.DE.01.2319,"When selecting to Continue, the systems shall evaluate if the following conditions are met:
“Enable Phase 3 (January) Immunization COVID Enhancements” is set to “Yes” (refer to FAAM.AP.01b, corp option # 2051),
“Enable Store Walk-In Workflow for COVID Immunizations” Corp option is set to “No” (refer to FAAM.AP.01b, corp option # 2052), 
the drug entered/populated is a COVID Immunization Type (refer to FAAM.IMM.01)
Manual Data Entry is NOT initiated from the Vaccine Clinic Details screen (refer to FARx.VCP.01)
When ALL conditions are met, the system shall display an error message that COVID prescriptions are not allowed to be created in a store.
Continuing from the message closes the message and closes the data entry screen (no data is saved)
If any of the above conditions are not met, the system shall continue to DE.01.472.",No
FARx.DE.01.2100,"If the Rx is eligible for CRP Workflow (Refer FARx.CRP.01), then the below error message dialog is displayed on select of “Force Partial” nav option.
“This medication requires Clinical & Patient Copay Review prior to creating a partial or complete out of stock. Complete Data Entry to send to Review.”

The dialog will allow the user to continue to Data Entry screen to complete Data Entry.",No
FARx.DE.01.1006,"If the drug is on the SIS OTC Inclusion List, the system shall display the following error:
Title: Error
Message: Price/Formulary check is unable to be performed on NDC selected. 
Navigation Options: Continue (Enter): On selection system shall exit error message",No
FARx.DE.01.472,"System shall initiate the following activities in the order listed when the user selects to Continue (Enter) to complete data entry.

The system shall display a hard stop pre-edit message indicating Rx cannot be billed to Cash when the following is true:
Drug selected is a COVID Immunization Type (refer to FAAM.IMM.01)
Rx is for either In Store OR Clinic administration
Continuing from the message closes the message and places focus on the nav bar of the DE screen.
For non-preferred Rx, the system shall perform the check for Mandatory NP Indicator. (Refer DE.01.1954)
The system shall determine if the Drug’s DEA Schedule is a C1. If yes,  the system shall behave as per DE.01.900
The system shall determine if a Non-CVS Sourced OTC exception item is required (Refer to DE.01.1004)
When the patient is enrolled in DeliveRx, the system shall determine if either of the following two data entry fields were edited:
Drug
Third Party
If either of the fields was edited, upon selecting enter, the system shall check for DeliveRx Drug and Third Party restrictions (Refer to DE.01.630)
When there is a restriction, the system shall display the dialog described in FARx.DE.01.631)
When there are no restrictions, the system shall continue with the next activity.
System shall determine if the “Display in store” flag is set for the selected drug (Refer to FARx.DE.01.149)
Note: When a Reference Biologic product has been data entered and selected in the Drug field on a manual data entry screen then Refer to FARx.DE.01.3204.
The system shall check to see if there is a consecutive occurrence of the characters “Q”,”2”, and “4” in that order anywhere in the SIG in which case, the system shall display a message box with the message “Q24 is no longer an acceptable SIG.  Please enter SIG manually”.  Clicking “OK” in the message box shall take the user back to the SIG field in data entry
When the initiation of New prescription screen is from QT Type ‘Saving Req’ with Detail ‘Discount Card’, the system shall check the value in the field ‘Third Party’ (i.e. Third party #(Condor Code) and group id )and continue from DE.01.1778. 
System shall determine if the product has an associated adjudicated cash plan (Refer to FADP.PR.01.31 and FADP.PR.01.32 of Functional Activity Document FADP.PR.01-Drug Product Profile)
When the product has an associated adjudicated cash plan the system shall check to see if the fill is a standard cash fill (non-adjudicated cash or adjudicated cash plan – refer to FARx.TP.01.90)
When the fill is a standard cash fill (non-adjudicated cash or adjudicated cash plan) refer to Alternate Flow 3
When the fill is a Third Party fill the system shall continue with the normal fill process
When the product does not have an associated adjudicated cash plan the system shall continue with the normal fill process
Perform Patient Codified Notes Alert check – applicable for eRx prescriptions only (Refer to FARx.Arx.08.303)
Display of Quality Alert Messages 
 (Refer to FARx.DE.01.59)
Display Critical Event (Refer to FARx.DE.01.692)
When “Enable Call to RPHAI CHAD” is set to ‘Yes’ for the state/store (Refer to FAAM.AP.01b, Corp Root option # 2207), the system shall suppress the check nor display the Critical Event alerts.
Rx Do Not Fill Before Date prompt (Refer to FARx.DE.01.3206)
If the Do Not Fill Before Date is greater than the current date the system shall:
Display the following message:
“This prescription cannot be filled before the Do Not Fill Before Date of <do not fill before date> and will be placed on-hold. Please make sure to complete hard copy scanning”
Place the generated prescription On-Hold 
(Refer to Alternate Flow 1)
Prescriber checks (Refer to DE.01.784 and 785)
This check shall only be performed during new prescription data entry initiated via Main Menu / Patient Profile 
Note: If Data Entry is initiated from Action Queue, the system shall run the Prescriber Checks on completion of data entry (Refer to FARx.DE.01.786 for requirements related to Action Queue Data Entry process)
And The system shall perform the Composite Checks (Refer to FARx.CSM.01)
This check shall only be performed during new prescription data entry initiated via Main Menu / Patient Profile 
If the prescription fails the Composite Checks, the system shall behave same as FARx.DE.01  Alternate Flow 10.
If the prescription passes the Composite Checks, continue with the next data entry check 
Note: If Data Entry is initiated from Action Queue, the system shall run the Composite Checks on completion of data entry (Refer to FARx.DE.01.726 for requirements related to Action Queue Data Entry process)
The system shall run the below validations ONLY when the corp admin setting “Enable Script Sync 2.0” is set to ‘ON’ (Refer to FAAM.AP.01b Corporate setting #1397):
The system matches the new prescription details with the Pending Request based on the Patient ID and the GCN sequence number for the same store
If there is a match AND system determines the request type to be “Refill Renewal”, continue to Alternate Flow 12
If there are multiple matches and system determines all request types to be “Refill Renewal”, the system shall pick the “Refill Renewal” request (created with latest timestamp) and continue to Alternate Flow 12
If there is a match AND system determines the request type “90 Day Request”, continue to Alternate Flow 13
If there are multiple matches and system determines all request types to be “90 Day Request”, the system shall pick the “90 Day Request” (created with latest timestamp) and continue to Alternate Flow 13  
If there are multiple matches and system determines the request types to be a mix of “Refill Renewal” and “90 Day Request”, the system shall prioritize the “90 Day Request” (created with latest timestamp) and continue to Alternate Flow 13
Otherwise (i.e. No Match Found OR (there is a Match found and Request is Neither “Refill Renewal” nor “90 Day Request”)), the system shall continue with the next data entry checks – point ‘n’ below 

Note 1: This check will be executed only once per Rx Fill. If executed and later fields are changed, it will not re-execute again 
Note 2: The above process is not applicable if 
the New Rx initiated is a Transfer script (Be it CVS – CVS transfer or Transfer In Rx)
the New Rx is deemed as Partial fill, Completion Fill  (if Partial fill was processed) or Complete Out Of Stock
System shall determine if State Regulatory prompting is required 
(Refer to FARx.SRD.01A Capture State Regulatory Data and FARx.SRD.01B Capture State Regulatory Data)
On-Hold Linking processing (Refer to FARx.DE.01.500)
Display of Immunization Information screens (Refer to DE.01.565)
Perform Vaccine Review Exception Soft Stop checks prior to adjudication per FARx.IMS.01.  If the checks trigger an exception, display the VRE dialog. (Refer to Alternate Flow 19). 
Applicable to Both In Store and Clinic Rx
Applicable to Both Walk In and VCS initiated Clinic Rx
Applicable to All Immunization Types
Display Patient Text Preference prompt to capture if Immunization Intake Consent is to be texted or printed to Patient. (Refer to Alternate Flow 25).
Capture Data Sharing Consent and Sleep Study Information (Refer to Alternate Flow 21)
Pre-edit processing 
 (Refer to FATP.PRE.01 Pre-Adjudication): 
The Pre-Edit dialog for “Diagnosis Codes” shall be displayed only during new prescription data entry initiated via Main Menu / Patient Profile.
Verify patient is active (Refer to FARx.DE.01.200)
System shall recalculate Rx Quantity Remaining (refer to FARx.REC.01 Recalc Rx Quantity Remaining)
If Option #1 is set to “ON” (refer to FAAM.QRR.01.03) and Dispensed Quantity > Rx Quantity Remaining, system shall continue from FARx.DE.01.22
If Option #1 ”is set to “Logging Only (refer to FAAM.QRR.01.03) and Dispensed Quantity > Rx Quantity Remaining, system shall continue flow
Hard Copy Checks** (Refer to FARx.HC.01 and DE.01.340)
This check shall only be performed during new prescription data entry initiated via Main Menu / Patient Profile
Med B Third Party Association Check (Alternate Flow 7)
This check shall only be performed if the master switch for ‘AOB’ is set to ‘Disable’ in corp admin (Refer to FAAM.AP.01b Regulatory Root App Option # 1205 )
Med B AOB Not Received Check (Refer to DE.01.1056)
Med B AOB Required Check (Refer to DE.01.1057)
Med B BOE Check (Refer to DE.01.1058)
Med B Days Supply Required Checks (Refer to FARx.DE.01.357)
This check shall only be performed during new prescription data entry initiated via Main Menu / Patient Profile
System shall determine if the prescription is a ‘Specialty Connect Fill at Retail’ prescription and ‘notes from specialty’ are associated with the prescription fill being processed.
If Yes, system shall display the ‘Notes from Specialty Facility’ dialog (Refer to FARx.DE.01.638)
If No, system shall continue with the below validations
System shall determine if the prescription is a ‘Specialty Connect Fill at retail’ prescription-fill AND no inventory check disposition value (‘Yes’ or ‘No’) is already associated with the prescription fill.
If Yes, system shall display the Specialty Connect Inventory Message (Refer to FARx.DE.01.458)
If No, system shall continue with the below validations
When Enable Phase 5 (March) Immunization COVID Enhancement = Yes (refer to Corp option # 2055, FAAM.AP.01b), the system shall perform the minimum age check (refer to DE.01.2403)
REMS / iPLEDGE Authorization Check (Refer to DE.01.508 and 509)
When Corp Root #1203 is set to Enable and Corp Root#1204 is set to Enable-New, the system shall determine if the fill has been enrolled in Home Delivery but the drug is now on Home Delivery Restriction List (Refer to FAAM.HD.01)
If the check passes, the system shall display following pop up
Title: Restricted
Message: This prescription is unable to be delivered due to restrictions. Please communicate to the patient.
Navigation Options: Continue (Enter):  System shall close the pop-up and shall remove both the Promise Date/Promise Time fields values and non-Editable text ‘Home Delivery’
This functionality shall be available in offline mode
When creating a New Rx from Pre-Data Entry, if Corp Root #1203 is set to Enable and Corp Root#1204 is set to Enable-New, the system shall enroll the fill into Home delivery if all of the following conditions are true
If D was entered in the Promise Time field during pre-data entry (Refer to FARx.DE.04), or D was entered in the Promise Time field through the Order Summary screen (Alt flow 5)
If patient is enrolled in Home Delivery (Refer to FARx.PA.03)
 The drug is not on the Home Delivery Restriction List (Refer to FAAM.HD.01), and not enrolled in DeliveRx
If the drug is on Home Delivery Restriction List the system shall not enroll the fill into Home Delivery and shall display the following popup: 
Title: Restricted
Message: This prescription is unable to be delivered due to restrictions. Please communicate to the patient.
Navigation Options: Continue (Enter):  System shall close the pop-up 
This functionality shall be available in offline mode
Run checks for Text Message Enrollment:
For non Pre-Entered Rxs refer to FARx.TE.01.
For Pre-Entered Rxs where OTT Text Enrollment status is equal to A, refer to DE.01.1150.
For Pre-Entered Rxs where OTT Text Enrollment status does not equal A continue processing.
The system shall proceed to DE.01.1400 and then proceed to oo.
ScriptSync Attribute Level Checks: Applicable ONLY when Rx is enrolled in ScriptSync AND actions initiated from Flow 13 (Refer to FARx.DE.01.1339)
For scheduling reason, refer to FARx.GEN.01.1482
For prescriptions that are manually data entered, the system shall run the Opioid to OTC eligibility checks (Refer to Alternate Flow 16) ONLY when the corp admin setting “Enable Opioid to OTC Dental Offer” is set to ‘Yes’ (Refer to FAAM.AP.01b Corporate setting #1762).
For prescriptions eligible for CRP workflow (Refer FARx.CRP.01), display a new prompt as per DE.01.2101.
Resupply Product Identification check (Refer to Alternate Flow 23)
DME Resupply Questionnaire Prompt Check (Refer to Alternate Flow 28) 
Diagnosis Code Check (Refer to FARx.DE.01.3144)
Credential processing 
 (Refer to FARx.DE.01.45 to 47)
Upon successful credentialing:
For non-Specialty Connect/non-on hold Rx’s, the system shall perform Early Error Detection (EED) processing (Refer to FARx.EED.01, FAIN.EED.01, FARx.EED.02 and FAIN.EED.02)
System shall perform Quantity/Days Supply (QDS) Processing (refer to DE.01.1750)
For non-Specialty Connect/non-on hold Rx’s perform Mandatory Unit of Use checks (Refer to DE.01.1226)
If the item is flagged for NP review (Refer to FARx.DE.01.246 and FARx.DE.01.252) ) and Rx is not eligible for CRP Workflow (Refer FARx.CRP.01), system shall display the following message:
“The selected ‘Non Preferred Required By’ indicator requires RPH review. This prescription will be sent to the Pharmacist for NP Review upon successful adjudication.”
On selecting Continue (enter), the system shall close the message and perform verification bypass checks (Refer to FARx.QA.25 ) for Data Entry Review.
Note: If the Rx is eligible for CPCR Workflow (Refer FARx.CPCR.01), then do not display the above NP Review dialog.
For non-Specialty Connect/non-on hold Rx’s the system shall set particular fields on the UMS Request. (Refer to FARx.UMS.02, FADU.NF, and FAIN.UMS.01)
The setting of the fields shall also occur when in offline mode.*
For New prescription screen imitated upon ‘Continue’ from Savings Request- Fill Selected Drug screen Or Savings Request- Discount Card Screen Or Savings Request – MFR Coupon, the system shall 
Unlock the Rx
 Assign disposition value as defined in FARx.QT.01.276. 
System shall perform AddRx eligibility checks (Refer to DE.01.1800 to DE.01.1803).
If the NDC selected is configured as an Immunization (refer to FAAM.IMM.01) AND  the value of Share Immunization Dispositions to Orchestration Layer – Technical Switch (Refer to FAAM.AP.01b Regulatory Root #1762) is Yes at the Store level where the data entry is completed the system shall perform the processing in Alternate Flow 18.
System shall perform Rx Bundling (Refer to DE.01.2348)
When the prescription is for a COVID Immunization Type, the system shall perform the checks in DE.01.1354 
Print immunization documents for Immunization Rx when Rx is a Waiter and administration type is “Walk in”. (Refer FARx.DE.01.2166)
Populate Professional Service Code for Immunization Rx (Refer FARx.DE.01.2167)
When “Enable COVAX Booster and Coadministration Enhancements” is set to Yes (refer to FAAM.AP.01b, corp option # 2121), if the Rx was for a COVID Booster dose, capture at the Rx level indicating that the Rx is for a COVID boozer.
When Immunization Rx has been scheduled and date / time has been confirmed from scheduling dialog box 
System shall suppress Promise Time/Date Error message and allow user to process with Promise data and time on data entry screen which matches with scheduling apt date/time (14 days Max rule wont apply for Immunization scheduling)

* This option shall be available only when Data Entry (Generate) screen is opened for an item selected from the “Patient’s Pending Requests” dialog on the triage item (“Unmatched Fax”, “Response Rx” Fax item or “Pre-data entered Rx item” with hardcopy image) data entry screen

***IMPORTANT***
When adding any new data entry checks, please ensure if the same check needs to be considered to be updated for Functional Activity Document FARx.AP.02..",No*
FARx.DE.01.2403,"When the following is true, the system shall check if the age of the patient falls within the configured minimum and maximum age for the specific NDC (refer to FAAM.IMM.01):
NDC for the Rx is an any Immunization Type
Rx is associated with a Clinic (has a clinic ID)
Manual Data Entry was initiated for either:
a Clinic Walk In Patient 
OR
a Clinic Multi Patient Upload prescription (i.e. source is VCS)
OR
A digitally created prescription
When all the above are true:
if the patients age is less than the configured minimum age OR greater than the maximum configured age, the system shall display a hard stop message indicating patient does not meet the age requirements for the selected NDC
upon continuing from the message, the system shall:
Close the message
Clear the Drug field on the data entry screen
The above check shall be suppressed when:
NDC Assignment question Pop-up has been displayed (Refer to DE.01.3506) and user selects answer as Yes AND user continues with the selected NDC
if the patients age falls between the configured min and max values (or is equal to either the min or max value), continue with next check (return to DE.01.472)",No
FARx.DE.01.3280,"When the following is true, the system shall check if the age of the patient falls within the configured minimum and maximum age to receive multiple doses, and check to see if the patient is Immunocompromised
Enable R60 Annualized COVID Enhancements is set to Yes (Refer to FAAM.AP.01b Corp option # 2233)NDC Usage Indicator Seasonal is selected
Seasonal Look Back Period is checked and date entered
Applies to instore prescriptions, including Gaps accepted instore and Clinics
COVID IMZ types
All COVID IMZ prescriptions with an origin code of 5 (Transfer/Pharmacy Dispensing) OR
All COVID IMZ Rxs that are not Dispense only
When all the above are true, determine the Max number of Doses needed Y for the Patient based on the COVID IMZ type
Check if the COVID IMZ type has the Doses Required by Age Configuration enabled on the NDC Maintenance screen. 
If yes, check if the Patients Age falls into the min/max age limits for doses required by Age Config and set the Max # of doses required in the config setting. 
If No, proceed to next step
Check if there is a Special Population Question enabled where the patient age is within the min/max required age for this Special Population  
If yes, Present the Question on Data entry to ask: Are you Immunocompromised 
If the Patient answers Yes, set the max doses Y for the value in the Corp admin setting for the max # of doses for special Pop question with answer of Yes.  
If the Patient Answers No, set the max doses Y for the value in the Corp Admin setting for the max # of doses for a Special Pop question with an answer of No
Determine the Doses in which the Patient is present for X: of the X of Y For the question about Has the patient received a dose since
Check the Patients IMZ history (RxDW) for  COVID IMZ doses on or after the start of the season period
If there is Dose history available and its on or after the start of the season lookback period, mark X dose as 2 and proceed to the next step
If there is no Dose history within the start of the season lookback period, then proceed as follows; 
if no history and Y=1, Mark X =1 and continue Data Entry
If no history and Y= greater than 1, present the pop up questions: Has the patient received a dose since MM/DD/YYYY-season start date and Has it been X number of days since last dose. 
If patient answers Yes, mark X =2 and enable has it been X number of days since last dose?,
if patient answers Yes proceed to next step in DE 
If Patient answers No display dialogue message for minimum days not met
User is returned to the drug name field (existing functionality)
If patient answers No, mark X= 1 and proceed to next step in Data entry 
If a COVID Vaccine and X =1 and Y = greater than 1, then schedule the next doses using the intervals based off how Y was determined for the patient age (similar to functionality existing for COVID scheduling dose 2) 
If doses req by age config was enabled, use the configure days between doses configured by age for the configuration for the patient age within the age group under IMZ Maintenance> NDC Maintenance
If doses req by age config was NOT enabled, use the days between doses min if enabled under IMZ Maintenance> NDC Maintenance 
Continue with Data Entry",No
FARx.DE.01.3281,"When the following is true, the system shall determine if the interval in days has been met for multiple dose for Annualized, Seasonal IMZ Doses for patient based on age and immunocompromised status
The Enable Seasonal Lookback period is enabled
No RxDW history was found
The user has Data Entered an IMZ Rx for a patient who has answered Yes to Has the patient received a dose since MM/DD/YYYY? Season start date 
When all the above are true:
The question has it been X days since last dose? is enabled  
Use the intervals based off how Y was determined for the patient age to determine the X days since last dose (refer to FARx.DE.01.3280) 
If doses req by age config was enabled, use the configure days between doses configured by age for the configuration for the patient age within the age group under IMZ Maintenance> NDC Maintenance
If doses req by age config was NOT enabled, use the days between doses min if enabled under IMZ Maintenance> NDC Maintenance",No
FARx.DE.01.3282,"When the following is true, the system shall determine the total # of  IMZ doses for a patient
The IMZ Seasonal Usage Indicator is enabled for the NDC of the Rx fill
The Enable Seasonal Lookback period is enabled on the IMZ Type Maintenance screen for the IMZ type being filled 
The Rx is for an In-Store/Clinic Rx or Accepted GAP that is accepted regardless of source
IMZ Prescriptions with an origin code 5 (Transfer/Pharmacy Dispensing) 
The Rx is not Dispense only 
The Patients age fall within the min/max ages of a Special Population 
On the day of the appointment, regardless of source, the IMZ Rx is inducted into the workflow
The system populates the Doses Number for the patient as follows 
 Set Y max number of doses (in X of Y) upon intake of the prescription
If the patient responded Yes to the question Are you Immunocompromised? and a yes value was received in the Intake request OR, the patients age is in the Min Age configuration within the Corp Admin setting for the NDC set Y based off the corp admin value for Yes under Max # of Doses for Special Pop. Question in the NDC maintenance tab under IMZ maintenance 
If the patient responded No, to the question Are you Immunocompromised? and the patients age is not in the Min age range for the NDC configured in Corp Admin, set Y based off the corp admin value for Yes under Max # of Doses for Special Pop. Question in the NDC maintenance tab under IMZ maintenance 
If X is = to or greater than Y, make X equal to Y
If there is no special population question, proceed with data entry and use the max doses in the NDC config file.
Calculating the dose number X (in X of Y)  upon intake of the prescription
Pull the patients RxDW history and if history was found, update the X value to be the count of history records +1.  If history +1 is greater than or equal to Y (max number of doses), set X to Y",No
FARx.DE.01.3283,"When the following is true, the system shall determine the total # of  IMZ doses for patient based on age and immunocompromised status When Seasonal Look Back Period is Unchecked
Corporate Admin Master Switch ‘Enable R60 Annualized COVID Enhancements is Enabled (Refer to FAAM.AP.01b Corp option# 2233)
The NDC Usage Indicator Seasonal is selected
Applies to instore prescriptions, including Gaps accepted instore and Clinics
COVID IMZ types
All COVID IMZ prescriptions with an origin code of 5 (Transfer/Pharmacy Dispensing)  OR
All COVID IMZ Rxs that are not Dispense only
They system shall:
Determine the Max number of Doses needed Y for the Patient based on the COVID IMZ type
Check if the COVID IMZ type has the Doses Required by Age Configuration enabled on the NDC Maintenance screen. 
If yes, check if the Patients Age falls into the min/max age limits for doses required by Age Config and set the Max # of doses required in the config setting. 
If No, proceed to next step
Check if there is a Special Population Question enabled where the patient age is within the min/max required age for this Special Population
If yes, Present the Question on Data entry to ask: Are you Immunocompromised 
If the Patient answers Yes, set the max doses Y for the value in the Corp admin setting for the max # of doses for special Pop question with answer of Yes.
If the Patient Answers No, set the max doses Y for the value in the Corp Admin setting for the max # of doses for a Special Pop question with an answer of No
Determine the Doses in which the Patient is present for X: of the X of Y 
Check the Patients IMZ history (RxDW) for  COVID IMZ doses: 
If there is Dose history available, mark X as record count plus 1 and proceed to the next step (NOTE: VRE will check the interval to ensure appropriate interval is being met 
If there is no Dose history, then proceed as follows; 
if no history Mark X =1 and continue Data Entry
If an COVID Vaccine and X =1 and Y = greater than 1, then schedule the next doses using the intervals based off how Y was determined for the patient age (similar to functionality existing for COVID scheduling dose 2) 
If doses req by age config was enabled, use the configure days between doses configured by age for the configuration for the patient age within the age group under IMZ Maintenance> NDC Maintenance
If doses req by age config was NOT enabled, use the days between doses min if enabled under IMZ Maintenance> NDC Maintenance",No
FARx.DE.01.3284,"When the following is true, the system shall determine the doses based on When NDC Usage Indicator is Not Seasonal
Corporate Admin Master Switch is Enable R60 Annualized COVID Enhancements  is enabled (refer to FAAM.AP.01b Corp option# 2233)
NDC Usage Indicator is something other than Seasonal
Seasonal Look Back Period is checked and date is entered OR
Seasonal Look Back Period is unchecked and the date is blank
Applies to instore prescriptions, including Gaps accepted instore
COVID IMZ types
All COVID IMZ prescriptions with an origin code of 5 (Transfer/Pharmacy Dispensing) OR
All COVID IMZ Rxs that are not Dispense only
The system will follow existing COVID IMZ workflow functionality",No
FARx.DE.01.3285,"When the following is true, the system shall determine the doses for patient based on age and immunocompromised status-Non COVID
Corporate Admin Master Switch Enable R60 Annualized COVID Enhancements is Enabled for R60 (Covid Project) (refer to FAAM.AP.01b Corp option# 2233)
Seasonal Look Back Period is checked and date is completed (refer to FAAM.IMM.01.410)
Applies to instore prescriptions, including Gaps accepted instore and Clinics
Non-COVID IMZ types
All Non-COVID IMZ prescriptions with an origin code of 5 (Transfer/Pharmacy Dispensing)  OR
All Non-COVID IMZ Rxs that are not Dispense only
The system shall:
 Determine the Max number of Doses needed Y for the Patient based on the IMZ type
Check if the IMZ type has the Doses Required by Age Configuration enabled on the NDC Maintenance screen. 
If yes, check if the Patients Age falls into the min/max age limits for doses required by Age Config and set the Max # of doses required in the config setting. 
If No, proceed to next step
Check if there is a Special Population Question enabled where the patient age is within the min/max required age for this Special Population 
If yes, Present the Question on Data entry to ask: Are you Immunocompromised 
If the Patient answers Yes, set the max doses Y for the value in the Corp admin setting for the max # of doses for special Pop question with answer of Yes.  
If the Patient Answers No, set the max doses Y for the value in the Corp Admin setting for the max # of doses for a Special Pop question with an answer of No 
Determine the Doses in which the Patient is present for X: of the X of Y For the question about Has the patient received a dose since Season start date 
Check the Patients IMZ history (RxDW) for IMZ doses on or after the start of the season period  
If there is Dose history available and its on or after the start of the season lookback period, mark X record count plus 1 and proceed to the next step (NOTE: VRE will check the interval to ensure appropriate interval is being met 
If there is no Dose history within the start of the season lookback period, then proceed as follows; 
if no history, Mark X =1 and continue Data Entry
If no history and Y= greater than 1, present the pop up questions: Has the patient received a dose since MM/DD/YYYY-season start date and Has it been X number of days since last dose. 
If patient answers Yes, mark X =2 and enable has it been X number of days since last dose?,
if patient answers Yes proceed to next step in Data Entry 
If Patient answers No display dialogue message for minimum days not met
User is returned to the drug name field (existing functionality)
If patient answers No, mark X= 1 and proceed to next step in Data entry",No
FARx.DE.01.3286,"When the following is true, the system shall determine the doses for patient based on age and immunocompromised status-Non COVID
Corporate Admin Master Switch Enable R60 Annualized COVID Enhancements is Enabled for R60 (Covid Project) (refer to FAAM.AP.01b Corp option# 2233)
Seasonal Look Back Period is unchecked (refer to FAAM.IMM.01.410) 
Applies to instore prescriptions, including Gaps accepted instore and Clinics
Non-COVID IMZ types
All Non-COVID IMZ prescriptions with an origin code of 5 (Transfer/Pharmacy Dispensing) OR
All Non-COVID IMZ Rxs that are not Dispense only
The user is Data Entering a Non-Covid IMZ Rx for a patient 
R60 Annualized Covid Enhancements and IMZ InStore Workflow Enhancements Corp Admin Switches are enabled, follow the new logic below 
The system shall:
Determine the Max number of Doses needed Y for the Patient based on the IMZ type
Check if the IMZ type has the Doses Required by Age Configuration enabled on the NDC Maintenance screen. 
If yes, check if the Patients Age falls into the min/max age limits for doses required by Age Config and set the Max # of doses required in the config setting. 
If No, proceed to next step
Check if there is a Special Population Question enabled where the patient age is within the min/max required age for this Special Population 
If yes, Present the Question on Data entry to ask: Are you Immunocompromised 
If the Patient answers Yes, set the max doses Y for the value in the Corp admin setting for the max # of doses for special Pop question with answer of Yes. (refer to FAAM.IMM.01.34) 
If the Patient Answers No, set the max doses Y for the value in the Corp Admin setting for the max # of doses for a Special Pop question with an answer of No (refer to FAAM.IMM.01.34)
If both 1 and 2 fail, then use the Total # dose configurations for the NDC
Determine the Doses in which the Patient is present for X: of the X of Y 
Check the Patients IMZ history (RxDW) for IMZ doses  
If there is Dose history available, mark X dose as record count plus 1 and proceed to the next step (NOTE: VRE will check the interval to ensure appropriate interval is being met  refer to FAAM.IMS.01 Alt Flow 7) 
If there is no Dose history, then proceed as follows; 
if no history, Mark X =1 and continue Data Entry",No
FARx.DE.01.2412,"When the following is true, the system shall check if the age of the patient falls within the configured minimum and maximum age for the specific NDC (refer to FAAM.IMM.01):
NDC for the Rx is an any Immunization Type
Rx is an In Store (has NO clinic ID)
Origin code = 5 (transfer/pharmacy dispensing)
Manual Data Entry was initiated for:
a digitally created prescription
OR
An In Store walk in manually data entered rx
When all the above are true:
if the patients age is less than the configured minimum age OR greater than the maximum configured age, the system shall display a hard stop message indicating patient does not meet the age requirements for the selected NDC
upon continuing from the message, the system shall:
Close the message
For a NON COVID product only  Clear the Drug field on the data entry screen
if the patients age falls between the configured min and max values (or is equal to either the min or max value), continue with next check (return to DE.01.472)",No
FARx.DE.01.2475,"When the following is true, the system shall check if the age of the patient falls within the configured minimum and maximum age for Written Rx Req. Age (refer to FAAM.IMM.01.34):
Corporate Admin Master Switch  Enable R62 IMZ Enhancements is Enabled (refer to FAAM.AP.01b Corp option# 2250)
Manual data entry is being performed and User selected an NDC.
Rx is a COVID or non-COVID immunization prescription
an IMZ prescription with origin code other than 5 (Transfer/Pharmacy Dispensing)
store user indicated that the Rx is a written prescription to the question in Rx connect
an IMZ prescription which is not dispense only
When the above are true:
If patient age meets the configured min and max value criteria for the selected NDC, continue data entry with no changes.
If patient age does not meet the configured min and max value criteria for the selected NDC,the user shall NOT able to proceed with data entry and the system shall display a hard stop message indicating patient does not meet the age requirements for the selected Drug
upon continuing from the message, the system shall:
Close the message
Clear the Drug field on the data entry screen for the user to re-select.
If the patients age falls between the configured min and max values (or is equal to either the min or max value), continue with next check (return to DE.01.472)",
FARx.DE.01.2101,"If the Rx is eligible for CRP Workflow (Refer FARx.CRP.01), then the system shall display the below message to the user. This is the last prompt  displayed when user selects to Continue (Enter) to complete data entry and before credentialing process.

Title: Clinical & Patient Copay Review In-Process
Message: RxConnect will check eligibility and costs of alternatives for the patient.

Instructions:    
BEFORE selecting “Continue to Send to Review ”:

               - Update allergies and patient conditions provided by the patient or prescriber

 AFTER selecting “Continue to Send to Revi(C)”:

- Complete Data Entry and Status the prescription to inform the patient if we need to:
- Contact the prescriber for an alternative (prescriber request in QV)
                                                   or
- Order the medication (BOH auto-process error in QT) 

Nav Options:
Exit (X) – Navigates back to Data Entry.
Continue to Send to Rew (C):
On select of this option, the prescription follows CRP (or CPCR) Automation after Data Entry.",
FARx.DE.01.3144,"When user selects “Continue” from the New Rx Data Entry screen to complete data entry of a New Rx and the conditions mentioned below are met:
“Enable Capturing of the source of the Diagnosis Code” option is set to ‘Yes’ (Refer to FAAM.AP.01b, Corp Root option #2184).
User performs manual Data Entry of a New Rx.

THEN, 
The system shall check for Diagnosis Code Eligibility (Refer to FARx.DE.03).
Diagnosis Code eligibility checks shall occur after selecting ‘Continue’ from the New Rx Data Entry screen at the end of all the validation checks and before hard-copy scan, credentials, etc.
If the system determines that Diagnosis Code is needed for the Rx, then go to #2 below, otherwise, go to #4.
The system shall prompt the new Diagnosis Code Documentation dialog (Refer to FARx.DE.03) and suppress Pre-Edit dialog prompted for diagnosis code.
The system shall capture the following new data attribute and associated domain value.
Data attribute:  Diagnosis Code Initiation Point
Domain value:  Pre Adjudication
Continue with next-step processing for the New Rx.",No
FARx.DE.01.3203,"When data entry processing has been completed and user has elected Continue' to perform validation checks and the conditions mentioned below are met, then the system shall set the indicator forthe new 'Biologic Product Inerchange' message to be printed on labels:
Biologic Interchange processing has been performed and indicator of Automatic or Manual Interchange has been captured (Refer to FARx.DE.01.3195-96, FARx.DE.01.3198).
Drug field is populated with an Interchangeable Biologic Product (Purple Book code = Interchangeable Biologic Product) during a manual New Rx data entry process.",No
FARx.DE.01.1954,"If the user has selected to dispense a non-preferred drug and the non-preferred indicator is not set, system shall display an error message. The error message must be the first pop up that is displayed after user selects “Continue” (Enter) at the end of Data Entry.
Message Text: 
You have selected a Non Preferred drug for which a Non Preferred Required By indicator has not been set. Press Enter to change to the preferred product. Otherwise, enter the appropriate indicator on the Additional Information screen.
Message Options: 
Change to Preferred (Enter) (Refer DE.01.1955)
Credential to continue to AI Screen (Refer DE.01.1956) or Accept the Non-Preferred (A) 
IF the Master Switch for “Automatically Apply Credentials” (Refer to FAAM.AP.01b, Regulatory App Option# 1672) is enabled and Regulatory Switch for “Allow Automatic Credentialing for Phase 3 Credentials” (Refer to FAAM.AP.01b, Regulatory App Option# 1800) is set to Yes, then display “Accept the Non-Preferred (A)” as navigation option.
When this option is selected, System shall automatically apply the credential of the user logged in to this credential point and proceed. (FARx.DE.02.1956)
Else, system shall display “Credential to Continue to AI screen” as navigation option. 
When this option is selected, System shall prompt the user to enter credential and proceed(FARx.DE.02.1956).",No
FARx.DE.01.1955,"If the user selects “Change to Preferred”, the system shall display the Data Entry screen with focus on the “Drug” field (line #1).",
FARx.DE.01.1956,"If the credentials are entered/scanned or auto-applied, the system shall display the Additional Information screen with focus on the “Non Preferred Required by” field.
Upon entering Non Preferred Indicator value in Additional Information screen, system shall capture and send the updated non-preferred indicator value along with user credentials to RxDW",
FARx.DE.01.1957,"If the incorrect credentials are entered/scanned or auto-applied, the system shall display standard error message to inform the user that the credentials are incorrect.",
FARx.DE.01.1958,The system shall continue to display the error message if user selects “Continue” (Enter) at the end of Data Entry without entering a non-preferred indicator for the non-preferred drug.,
FARx.DE.01.1778,"When the user lands on Data Enter New Rx Screen from Savings Finder- Discount Card Screen (Refer to FARx.QT.23) and the user opts to continue, the system shall execute the check only once to verify the following :
The Third party # (condor code) and group id identified upon Continuing from Savings Finder- Discount Card Screen against the Third party # (condor code) and group id value displayed on the New prescription Screen Third Party Field. 
If the values are a match, continue with Next Step on DE.01.472. 
If the values are NOT a match, continue to DE.01.1779",No
FARx.DE.01.1779,"The system shall prompt an error message pop up with an intent to notify the user that an accurate Third party must be selected. 
The error message popup shall be provided with dynamic field to populate information identified upon continuing from Savings Finder- Discount Card Screen via Third party search logic as below: Refer to FARx.QT.23)
BIN
PCN
Group ID
TP Code",No
FARx.DE.01.1780,"The system shall provide the below navigation option in the Error message pop up identified in FARx.DE.01.1779:
Continue 
When the user opts to continue from the Error Message popup the system shall redirect the user to Third Party Billing Override screen to select the appropriate third party information as per FATP.CS.01 – Alternate Flow 4.",No
FARx.DE.01.1781,"Upon completing the billing override process as per FARx.DE.01.1780 #1 # a , the system shall continue processing the prescription fill. (Refer to DE.01.04)",No
FARx.DE.01.1750,"Upon successful credentialing of the newly data entered prescription but before DUR and Online Billing, the system shall check the Corp Admin option for “Enable QDS TDD Days Supply Calculation” (refer to Corporate Root # 1607, FAAM.AP.01b) and perform as follows:
If set to “NO”, the system shall stop QDS processing (NOT send a QDS request to UMS to obtain the product’s TDD); continue to DE.01.1400
If set to “Yes”, the system shall perform FARx.QDS.01",No
FARx.DE.01.3212,"When Data Entry processing has been completed, userselects continue' and performs credentialing, but before adjudication and the conditions mentioned below are met:
Corp Admin configuration for ‘Enable Medicare Billing Accuracy’ i se to ""Yes"" (Refer to FAAM.AP.01b Corp Root option #2210).

Then the system will trigger an Eligibility Check (E1) transaction when ALL of the following conditions are true (Refer to FATP.CS.01):
Patient has an active Medicare Part D Plan (COB Agency Type 30) in TP profile
Contract ID is NOT available for the Medicare Part D plan
System will check first the TP Profile and if not found then checks the TP Plan Detail 
A valid MBI (Medicare Beneficiary ID) is found on file for Patient by checking EITHER of the following is true: 
Patient Identifier in Patient Profile/Edit Patient Screen, Qualier 18 -""Medicare Pat A/B ID"" is populated with valid ID
Valid identifier must be 11 character alpha-numeric value
Patient has an active plan of TPPC 22345 (Medicare B Plan) and the Cardholder ID (MBI) is populated 
Valid identifier must be 11 character alpha-numeric value
An Eligibility Check (E1) has NOT been triggered for the same Patient, Same Rx Fill on the current date
NOTE:
Only one Eligibility check should be triggered for an Rx during data entry (ie. First- Med D Contract ID or 2nd Cash Plan) even if multiple conditions for Eligibility Check exist.",
FAR.DE.01.3022,"When Data Entry processing has been completed, userselects continue' and performs credentialing, but before adjudication and the conditions mentioned below are met:
“Enable Auto-Eligibility Check for Cash Patients” is set to ‘Yes’ (Refer to FAAM.AP.01b Corp Root option #2163).
COB Sequencing of prescription fill results in Cash or Cash Discount Plan (COB Agency Type = 70) (Refer to FATP.CS.01) and the default sequencing was not overridden by user to Cash or Cash Discount.
Medicare Eligibility check did not trigger an Eligibility check. (Refer to FARx.GEN.01.3212) Only one Eligibility check should be triggered for an Rx during data entry (ie. First- Med D Contract ID or 2nd Cash Plan) even if multiple conditions for Eligibility Check exist.
THEN,
The system shall perform a check if the patient has filled an Rx for the same GCNSEQNo within the last 90 days based on Date of Service (for insurance billing):
If previous fill was billed through Cash or Cash Discount Plan (COB Agency Type = 70):
System shall continue to add Rx into workflow.
If previous fill was billed to any plan other than Cash or Cash Discount Plan (COB Agency Type = 70):
System shall trigger an Auto Eligibility Check to request updated insurance plan details for patient (Refer to FATP.CS.01).
System shall continue Rx processing with handling of results from Eligibility check and resolution of any exceptions (Refer to FARx.TP.13).
If no match found:
System shall trigger an Auto Eligibility Check to request updated insurance plan details for patient (Refer to FATP.CS.01).
System shall continue Rx processing with handling of results from Eligibility check and resolution of any exceptions (Refer to FARx.TP.13).",No
FARx.DE.01.3023,"When Data Entry processing has been completed with no errors identified and credentialing has been performed, but before adjudication and the conditions mentioned in FARx.DE.01.3022 as well as below are met:
New Rx  (Fill=00) Processing is being performed.
Processing is for a new RxC Patient (Patient Profile contains no Prescriptions).


THEN,
The system shall perform a check if the data entry is manual or initiated from an automated source:
If Prescription origin is Automated
System shall perform an Auto Eligibility Check to request updated insurance plan details (Refer to FATP.CS.01).
System shall continue Rx processing with handling of results from Eligibility check and resolution of any exceptions (Refer to FARx.TP.13).
If Prescription origin is Manual
System shall continue to add Rx into workflow.",No
FARx.DE.01.1400,"The system shall validate if the Drug Coupon Program is enabled. (refer to FAAM.AP.01b #1465).
If yes, proceed to DE.01.1401
If no, proceed to DE.01.472 item gg",No
FARx.DE.01.1401,"The system shall validated if the NDC associated to the prescription fill has an active Drug Coupon configured in Drug Coupon Corp Admin. (refer to FATP.DC.01)
If yes, proceed to DE.01.1402
If no, proceed to DE.01.472 item gg",No
FARx.DE.01.1402,The system shall proceed to FARx.DC.02 then proceed to DE.01.472 item gg,No
FARx.DE.01.1150,"Upon completing the data entry of a Pre-Entered Rx-fill with OTT Text Enrollment status = A, the system shall validate that the GCN associated to the prescription is not present on the “One Time Text Message Enollment - GCN Exclusion List” (refer to FAAM.TE.01)

When the validation passes, the system shall:
Keep the OTT Text Enrollment status to “A” (Accepted) for the corresponding Rx-Fill.
Continue with the existing data entry completion processing per DE.01.472.

When the validation fails, the system shall:
Update the OTT Text Enrollment status to “S” (Suppressed). 
Upate RxC - One Time Text Suppression Reason as below:
Drug Class is not eligible for One Time Texting
Update the OTT Text Enrollment Status Date/Time with current Date/Time for the corresponding prescription-fill.
Continue with the existing data entry completion processing per DE.01.472.",
FARx.DE.01.1004,"The system shall evaluate the following conditions to determine if an exception item needs to be created to obtain a price for a Non-CVS Sourced OTC Item: 
1)	For the store, the Non-CVS Sourced OTC configuration is set to “Enabled” (Refer to FAAM.AP.01b Corp Option # 1093)
2)	For the store, the Store in Store Type equals “Target” (Refer to FAAM.FM.01)
3)	The drug is an OTC
4)	The drug is in the SIS OTC Inclusion List (Refer to FAAM.SIS.01)
5)	The source of the OTC Item has not been assigned (i.e. the system has not yet scanned the barcode for the fill)
6)    The fill is not a partial fill
If all of the above conditions are true:
The system shall auto credentialing (If Master Switch for the ‘Automatically Apply Credentials’ is enabled, refer to FAAM.AP.01b,  Regulatory  App Option # 1672) or prompt the user to enter or scan their credentials to complete data entry, and shall validate user’s credentials (Refer to FAAM.RD.01)
The system shall create an exception item populated as follows: 
Set Type = “Exception”
Set Detail = “OTC Scan Required”
Determine Triage time based upon configuration – Refer to FARx.TT.01
Determine Promised Date & Time based upon configuration – Refer to FARx.TT.02
Set Induction date/time = system date/time
The system shall set the fill status to “OTC Scan Required Exception”
If the above checks are true or false, the system shall continue with: 
For data entry, continue with DE.01.1005
For auto process, continue back to FARx.AP.01.613
For refill, continue back to FARx.DE.02.894
For transfer in electronic, continue to FARx.TF.04.33 or 56
For edit, continue to FARx.ET.01.1163
For generate, continue to FARx.GEN.01.1051",No
FARx.DE.01.1005,"If any of the above conditions in FARx.DE.01.1004 are false, 
Continue to the next step in DE.01.472

If all of the above conditions in FARx.DE.01.1004 are true,
Continue with the hard copy scan in DE.01.48",No
FARx.DE.01.784,"Prescriber – PAE Validations:
The system shall determine the app option setting for ‘Enable store to perform prescriptive authority validations’ (Refer to Corp Root App Option # 919 – FAAM.AP.01b) and behave as follows
If set to ‘Yes’, the system shall perform PAE – Prescriber field level checks (conditional – wherever ever applicable) as mentioned in FARx.PAE.01 – Main Flow in Uptime mode
If the prescription fails any of the prescriber checks, the system shall display corresponding prescriber error message as mentioned in FARx.PAE.01 – Main Flow**
Refer to DE.01.803 for supervising prescriber checks while filling On hold prescription
If the prescription passes all the prescriber checks, the system shall continue from DE.01.785
**System shall not display Alert message or Prescriber Notes (Forced) dialog(s) again on continue if already displayed on the prescriber field)

If set to ‘No’ Or in Offline mode*, the system shall perform Pre-PAE Prescriber (Continue) (Including CSR) checks mentioned in FARx.PAE.02 – Alternate Flow 1
If the prescription fails any of prescriber (Including CSR) checks, the system shall display corresponding prescriber error message as mentioned in FARx.PAE.02 – Alternate Flow 1
If the prescription passes all the prescriber (Including CSR checks, the system shall continue from next data entry check (Refer to DE.01.472)

*System shall additionally perform the ‘Forced Prescriber Notes’ check in Offline mode if the ‘Enable store to perform prescriptive authority validations’ (Refer to Corp Root App Option # 919 – FAAM.AP.01b) is set to ‘Yes’ (conditional – Only when not performed on the Prescriber field)",Yes
FARx.DE.01.785,"The system shall perform the PAE – Prescriber (Continue) (FARx.PAE.02 – Main Flow) and Composite checks* (DE.01.472, point # j) and behave as follows
If the prescription fails any of the Prescriber (including CSR) and or Composite checks, the system shall display corresponding Prescriber / Regulatory exception dialog(s) as mentioned in FARx.DE.01 – Alternate Flow 10.
If the prescription passes all the Prescriber (including CSR) and Composite checks, the system shall continue with the next data entry check 
*Not applicable for Specialty prescriptions",No
FARx.DE.01.803,"Supervising prescriber checks (for filling On Hold Rx)
When filling an On Hold prescription if the prescriber is not changed, the system shall not perform any Supervising Prescriber Association checks and do not prompt again for associating the supervising prescriber (refer to FARx.PAE.01.09, 10, 11 – correct SP association).
If the supervising prescriber is already associated while filling an On Hold Rx, system shall perform the other Prescriber checks on the currently associated supervising prescriber (e.g. FARx.PAE.01.11 – DEA Null etc.)
Note: If the prescriber is changed while filling On Hold Rx, the system shall keep performing the supervising prescriber association checks on the prescription.",No
FARx.DE.01.469,"System shall check the below formula when prescription is an Specialty Connect Transfer:

Promised Date is  > current system date + 3 days

If above formula is false (i.e. 3 or less days), system shall continue to perform existing checks in DE.01.472
If above formula is true, system shall perform the following activities in the order listed:
Prescriber Validation checks (Refer to DE.01.784 and 785)

State Regulatory Checks & Prompting 
(Refer to FARx.SRD.01A Capture State Regulatory Data and FARx.SRD.01B Capture State Regulato
ry Data)
Credential processing (Refer to DE.01.46)
Continue to DE.01.470",No
FARx.DE.01.470,"Upon successful credentialing from DE.01.469, system shall display the below message to the user: 
TITLE: Specialty Connect prescription scheduled
essage:
 “This Specialty Connect prescription is not currently due to be filled and has been placed on-hold.  
It is scheduled to be automatically filled on <promise date>”
Note: Promise date of the prescription shall be populated in the messages.
Navigation Options: Continue (Enter)",No
FARx.DE.01.471,"Upon continue from the Specialty Connect Prescription Scheduled message the system shall:

Set Scheduled Next Fill Date = Promise Date
Set Scheduled fill reason = “Specialty Connect Fill at Retail”
Set prescription status – “Scheduled”
System shall retain the prescription Specialty Connect indicator and Specialty Connect Fill Code
Continue to DE.01.44",No
FARx.DE.01.173,Moved to FARx.PAE.02.46 (refer to FARx.PAE.02 – Alternate Flow 1 – Perform Prescriber Validation – New Rx),
FARx.DE.01.170,Moved to FARx.PAE.02.47 (refer to FARx.PAE.02 – Alternate Flow 1 – Perform Prescriber Validation – New Rx),
FARx.DE.01.171,Moved to FARx.PAE.02.48 (refer to FARx.PAE.02 – Alternate Flow 1 – Perform Prescriber Validation – New Rx),
FARx.DE.01.94,"*OFFLINE ONLY*
Once the promise time , promise date and number in order entry is complete the user shall have the ability to
Edit a line number. The user enters the line number to edit and may then update based upon the defined rules for that field.
View / Add Patient Notes (Refer to FARx.PA.03- Alternate Flow 16) f
View / Add Fill notes (refer to Alternate Flow 14)
Enter to continue
View Prescriber Notes (PN) – This option shall be available only when following conditions are met
The prescriber is selected on the Data Entry screen
‘Enable store to perform prescriptive authority validations’ (Refer to Corp Root App Option # 919 – FAAM.AP.01b) option configuration is set to ‘Yes’
‘Allow Prescriber Notes’ option configuration in Corp Admin (refer to Corp Root App Option # 929 – FAAM.AP.01b) option configuration is set to ‘On’
Exit",Yes
FARx.DE.01.149,"The system shall check if the “Display in store” flag is set for the dispensed drug.
If the “Display in store” flag is set, the system shall display a hard stop message window with the title “Selected Brand Drug not available” and the following message to the user:
“The Brand drug selected is no longer manufactured. Generic products are available.
If changing the DAW code is required, consult the prescriber.”
 The system shall provide the following option to the user:
Continue (Enter)
On choosing continue, the system shall close the message window and move the focus to the drug field.
If the “Display in store” flag is not set, the system shall proceed with the next step.",No
FARx.DE.01.3204,"When the conditions mentioned below are met:
“Biologic Master Batch Configuration” is set to ‘Enable’ (Refer to FAIN.DL.01).
A Reference Biologic product has been data entered and selected in the Drug field on a manual data entry screen (Refer to FARx.DE.01.3195-96).
If the conditions mentioned above are met, then the system shall display “Display in store” hard stop message but with the following additional/changed Biologic product details and verbiage:
Title: Selected Reference not availabl.
Text: ""The Reference Biologic Product selected is no longer manufactured. Interchangeable Biologic Products are available. If changing the DAW code is required, consult the prescriber.”
Nav Options – As mentioned FARx.DE.01.149.",No
FARx.DE.01.95,"*OFFLINE ONLY*
System shall determine if State Regulatory prompting is required 
(Refer to FARx.SRD.01A Capture State Regulatory Data,FARx.SRD.01B Capture State Regulatory Data)
After the user has completed the State Regulatory Data Entry Activity then the user will be required to accept or enter a patient pay amount (Refer to FAOL.DE.03). 
After the user has completed the Patient Pay activity, the system will prompt the user for his/her initials.",Yes
FARx.DE.01.1700,"*OFFLINE ONLY*
When the user is completing the following activity: 
data entering a New prescription in offline and processing to a third party
OR 
refilling a prescription as a New prescription and processing to a third party
The system shall continue to DE.01.1701 for the calculation of the Patient Pay amount.",Yes
FARx.DE.01.1701,"*OFFLINE ONLY*
The system shall check for a prescription that meets all of the following criteria: 
Last prescription filled in uptime in the patient’s profile that has the same NDC as the prescription being data entered 
AND
Same Third Party Condor Code (refer to DE.01.1703 and 1704)",Yes
FARx.DE.01.1702,"*OFFLINE ONLY*
If the system finds a patient pay amount based on the logic in DE.01.1701, the system shall auto populate the Recommended Patient Pay amount in the Patient Pay History screen based on the copay identified. (refer to FAOL.DE.03)",Yes
FARx.DE.01.1703,"*OFFLINE ONLY*
The system shall identify the most recent uptime copay that has the same Third Party Condor Code and NDC of the third party that has been selected during data entry while the stores are in offline.",Yes
FARx.DE.01.1704,"*OFFLINE ONLY*
The system shall use the latest copay of the primary payers copay amount in uptime when searching for the selected third party’s condor code and NDC (regardless of if multiple payers are identified (e.g. COBs).",Yes
FARx.DE.01.44,"The user shall have the ability to specify the number of labels to print. This number would be carried forward to all subsequent refills.
The default value is set = 1. 
The user will have the ability, not to print the drug on the label by including an exclamation sign ‘!’ before the credentials.",No
FARx.DE.01.85,"*OFFLINE ONLY*
When the user is prompted for initials, he/she may enter a number of labels to print 
The user will have the ability, not to print the drug on the label by including an exclamation sign ‘!’ before the initials.",Yes
FARx.DE.01.90,"*OFFLINE ONLY*
The system will identify and allow processing of fill requests specific to a store while in Offline Mode.
The system will have the same 7 digit Rx number during Offline
The system will use the following numbering logic during Offline
The first Rx# in Offline will start at 9000001.
The Max Rx# in Offline will be 9999999.
Once reached the end limit, System will automatically start again from 9000001. 
The system will always persist (save) the Rx#’s during Offline, hence the last Rx # in Offline mode will be saved.
The system will use the same Offline Rx # for the transaction in uptime re-processing.
Once the initials are entered, the system shall assign the Rx#.",Yes
FARx.DE.01.58,"System shall validate the drug product selected by the user.
If the drug product selected is any of the following, a hard stop pre-edit message shall be displayed to search and select the drug product again:
05301454867 -   *DRUG NOT FOUND.SEE HARD COPY*
99999999990 -   *CMP NOT FOUND-SEE HARD COPY*",Yes
FARx.DE.01.59,"The system shall display a dialog message to warn the user
If the dispensed drug has a “Quality Alert” message* associated to it, 
The Product Messages Data Entry checkbox option for the dispensed drug is checked
Source of the associated product messages to the drug could be NDC, GCNSEQNO, HICL or HICSEQNO.
the system shall identify all the product messages to be displayed at Data Entry workflow step which are defined at the NDC level and all the inherited product messages from other sources (GCNSEQNO, HICL, HICSEQNO)

Dialog would include:
The title of the dialog shall be “Quality Alert”
The text shall be displayed in the red. Also the dialog shall be outlined with red border.
The product messages shall be display as per the “Priority” assigned to each message by the Administrator user. Priority “1” on the top and Priority “4” at the bottom.
Depending on the application setting (Refer to FADP.PM.01.38), following navigation options shall be available on the “Quality Alert”:
If the product message is marked as “Soft Stop”
Continue (Enter): Exit back to data entry. The focus shall be on the navigation bar.
If the product message is marked as “Hard Stop”:
Scan Credentials / Enter Credentials: On valid credentials, exit back to data entry. The focus shall be on the navigation bar.
Exit (X): Exit back to data entry. The focus shall be on the navigation bar
.
The user shall have the ability to make any necessary changes on data entry, if needed.

*“Quality Alert” messaging is associated to the drug via the Corp Admin Product Messages Screen. Source of the associated product messages to the drug could be NDC, GCNSEQNO, HICL or HICSEQNO.",Yes
FARx.DE.01.692,"High Dose Alert
The system shall display High Dose Alert, when all of the following are true: 
Corporate Clinical Event Administration is configured for High Dose Event (Refer to FADU.CE)
The Data Entry Edit option (either Hard Stop or Informational) is selected for the High Dose Event (Refer to FADU.CE)
NOTE: The system needs to process all the data filters linked to the High Dose Critical Event type where the Data Entry Edit option (either Hard Stop or Informational) is selected
The prescription being filled meets the data filter condition defined for the High Dose Event (Refer to FADU.CE)
If multiple data filter conditions are met for the High Dose event the system shall ONLY display high dose event with highest RANK.
Note: Multiple data filter conditions may be defined by administrator user for the High Dose event. 
The prescription being filled is a new prescription (00 fill)

The system shall display High Dose Alert Message with following details:
Message Title: High Dose Alert
The system shall display in BOLD the Dispensed Drug Name, the Total Daily Dose, and “daily dose” as follows:
< Drug Name> <TDD> daily dose
< Drug Name> = GNN60
if GNN60 is blank, < Drug Name> = Drug Label Name
<TDD> = Total Daily Dose (prescription calculated Total Daily Dose)
Example: Warfarin 30MG daily dose
Note1: The total daily dose units value is same as calculated for the dosing check. (Refer to FADU.DO.01.30)
Note2: If the drug is Single Ingredient & configured for       Dosage Form display or Multi Ingredient drug AND

 If the Dose Form Low Unit is Available, 
Do not display “daily dose” e.g. Cephalexin 10 MG/DAY
 If the Dose Form Low Unit is NOT Available and system defaults to Package Units
Display “daily dose”  Cephalexin 1 EA daily dose
If the drug is Single Ingredient & configured for Strength  Unit display 

Always display “daily dose” Amoxicillin 200 MG daily dose

The system shall display the message text configured for the Data Entry Edit in Critical Event Corporate Administration (Refer to FADU.CE)
The system shall provide following navigation options:
Next (Enter) – Continues prescription processing
Exit (X) – Returns the user to the Data Entry screen with the cursor focus on the Navigation Bar
NOTE 1: The system shall capture the display of the Data Entry Critical Event (Regardless of the action taken from the dialog)
The High Dose Alert Message shall display below the days supply field on Data Entry so that the field and any higher fields are not covered. This is applicable to all Data Entry screen types.

When the High Dose Data Entry Edit is set to Hard Stop, the prescription cannot be filled without resolving the problem
The user shall select Exit (X) on the High Dose Alert Message dialog, to return to Data Entry to resolve the problem
If the user attempts to bypass the hard stop by selecting Next (Enter) on the High Dose Alert Message dialog, the following message will appear “ERROR MUST BE CORRECTED TO CONTINUE PROCESSING”

When the High Dose Data Entry Edit is set to Informational, after viewing the message the user can:
edit the prescription by selecting Exit(X) and returning to the Data Entry screen with the cursor focus on the Navigation Bar
continue processing the prescription by selecting Next (Enter) on the High Dose Alert Message dialog",No
FARx.DE.01.693,"The system shall capture the display of the High Dose Critical Event (Regardless of the action taken from the dialog) and send the details to RxDW.
Refer to FAIN.DW.35

NOTE 1: The system shall NOT capture the display of the Data Entry Critical Event (Regardless of the action taken from the dialog) if the user exits out without completing Data Entry of the prescription (i.e. prescription records has not been created in Database)",No
FARx.DE.01.3206,"System shall validate the conditions mentioned below:
“Allow Scheduling of CII Rx Presented Before Prescriber Do Not Fill Before Date” is set to ‘Yes’ (Refer to FAAM.AP.01b, Corp Root option #2195).
Selected Drug is a CII.
A Do not Fill Before (DNFB) date greater than current date has been entered for the Rx.
User has elected Continue' and just prior to placing CII with DNFB date on hold (Refer to FARx.DE.01.472).
If the conditions mentioned above are true, then the system shall display the Rx Do Not Fill Before Date prompt (Refer to FARx.DE.01.3207).",No
FARx.DE.01.3207,"Rx Do Not Fill Before (DNFB) Date prompt
System shall display a prompt to allow user to Schedule the Rx with the details mentioned below:
Title: Prescription Do not Fill Before Date
Instructions (Green Box): System shall display a text indicating that Rx cannot be filled prior to the DNFB date and take necessary actions to proceed.
Exception Reasons: (e.g. Do Not Fill Before Date)
Earliest Allowable Fill Date: The system shall pre-populated DNFB date as the default for Scheduling the Rx.
Nav Optios:
Exit - (Refer to FARx.DE.01.3208)
PlaceOn Hold - (Refer to FARx.DE.01.3209)
Schdule Rx - (Refer to FARx.DE.01.3210)",No
FARx.DE.01.3208,"Exit
When the user selects the Exit navigation option from the prompt, then the system shall perform as mentioned below:
The system shall close the Rx Do Not Fill Before Date prompt.
The system shall display the previous dialog/screen with the focus on the nav bar.",No
FARx.DE.01.3209,"Place On Hold
When the user selects the On Hold navigation option from the prompt, then the system shall perform as mentioned below:
The system shall save the data (Refer to FARx.DE.01.3211).
The system shall perform data entry process to place Rx on Hold (Refer to FARx.DE.01 Alt. Flow 1).
System shall display xisting 'Prescription Do Not Fill Beore Date' message informing user that Rx will be placed on hold (Refer to FARx.DE.01.472).",No
FARx.DE.01.3210,"Schedule Rx
When the user selects the Schedule Rx navigation option from the prompt, then the system shall perform as mentioned below:
Upon slecting 'Scedule Rx' with a valid Schedule Date (displayed from the Rx DNFB prompt) which is greater than current date the system shall:
System shall set the Reason for Schedule Rx as “Do Not Fill Before”.
System shall set the Schedule Date as the Do Not Fill Before Date.
System shall perform credential processing.
System shall capture all applicable data (Refer to FARx.DE.01.3211).
Schedule the Rx – Prescription Status = “Scheduled”.
When the Rx is systematically placed On old and ""Enable Systematic Capture of On Hod Reason"" is set to Yes (Refer to FAAM.AP.01b Corp Root # 2169), the system shall capture the On Hold Reason as ‘Do Not Fill Before’.",No
FARx.DE.01.3211,"When the user selects the Schedule Rx (Refer to FARx.DE.01.3210) OR On Hold (Refer to FARx.DE.01.3209) navigation option from the prompt then the system shall capture and associate the following data attributes to the Rx:
Schedule Date of fill 
Reason for schedule (Do Not Fill Before, Regulatory, PBM)
Do Not Fill Before is new domain value that will be set when schedule Rx selected from new Rx DNFB prompt.
Scheduled/On Hold Idicator - Set based on NAV option chosen from new Rx DNFB prompt (Refer to FARx.DE.01.3207).
Sheduled - if user selected Schedule Rx NAV option from prompt.
On Hold - if user selected Place on Hold NAV option from prompt.
Do Not Fill Before Date",No
FARx.DE.01.565,"System shall perform following Immunization checks in order to determine whether Immunization information will display or not
Store is ‘Enabled’ for Immunization (Refer to Corp App option # 738)
Entered drug’s NDC is ‘included’ on a NDC table for any Immunization Type configured in the state where store resides (FAAM.IMM.01.33)
Immunization type on which the product NDC is included is configured as ‘Active’ (Refer to FAAM.IMM.01.10)
The Rx is not initiated from“New Rx - Immunizatio Request"" QT item. (Refer to FARx.QT.10).
Based upon the above checks, the system shall behave as follows:
When any of the above condition is NOT true, system shall NOT display immunization information screen and continue with the further data entry checks 
When ALL the above conditions are ‘True’, system shall determine whether to display Immunization Information screen (Refer to FARx.IMM.04)
Once the user captures the immunization information when required, system shall return to data entry
If the Drug is a COVID immunization type, evaluate if a response was received from digital when the user selected option 1 (refer to DE.01.2406) from the Question prompt to capture dose number  - continue to DE.01.2413",No
FARx.DE.01.2413,"The system shall behave as follows:
If the system determines that either No response was received from digital due to an exception being encountered (i.e. a technical error or the request timed out, etc.) OR the response was received from digital but NO time slots were available against any of the requested booster date(s), continue to DE.01.2414
If the system determines that a response was received from digital with at least one available time slot, continue to DE.01.2415",No
FARx.DE.01.2414,"If the system determines that either No response was received from digital due to an exception being encountered (i.e. a technical error or the request timed out, etc.) OR the response was received from digital but NO time slots were available against any of the requested booster date(s), a message is displayed as follows:
Text indicating that the patient will need to schedule this booster dose through the digital application after their first does is administered
Continuing from the message closes the message and allows the user to continue with the data entry process.",No
FARx.DE.01.2415,"Schedule Dose 2 dialog
If the system determines that a response was received from digital with at least one available time slot, a dialog is displayed to prompt the selection of the 2nd dose as follows:
Instructions Text
Attutes:
1. Appointment Date
Upon initial display, the system shall place the cursor focus on this field
when focus is on this field, the system shall display help text listing the dates received from digital (refer to FAIN.RTL.115) against which at least one appointment time slot was returned. 
when the user enters a corresponding number from the help text, the system populates the date into this field and moves the cursor focu to the 'Appointent Timeield 
2. Appointment Time 
When the cursor focus move to the 'Appointent Time' field,display 'Available Tme Slots' dialog – continue to DE.2416 
3. Navigation Options
Select - Upon selecting the system shall:
navigate to the specific field selected by the user.
Standard Invalid Entry messaging apples
Exit - Upon selecting, the system shall:
Close the dialog
Return the focus back on navigation bar of the data entry screen. 
Upon continuing to data enter, Schedule Dose 2 dialog shall appear again.
ontinue - Upon selecting, the system shall:
validate if both fields are populated with a valid value (captured from the available date and time slots displayed within help text)
If no, the system shall display a standard error message
If yes, the system shall behave as follows:
1. Cose the 'Schedue Dose 2' dialog
2. Save 2nd dose Appointment date and time information captured by the user.
3. Continue with data entry of the prescription.",
FARx.DE.01.2416,"Appointment Time Slots dialog
The system shall display as follows:
Instructions Text
Appointment Date litral and 'Appointent Date' field displaying the date that was selected on the Schedule Dose 2 dialog (DE.01.2415)
List of all available time slots received from digital in a sequencing time interval. 
Navigation Options
Select - Upon selecting a valid time slot from the list, the system shall:
Cose the 'Available Time Slot’ dialog
Populate the selected Time Slot valu on the 'Appointent Time' field on the Schedule Dose 2 dialog
Move the cursor focus to navigation ba of the 'Schedue Dose 2' diaog
Exit - Upon selecting, the system shall:
Cose the 'Available Time Slot’ dialog
eep the 'Appointent Time' field on the Schedule Dose 2 dialog blank
Move the cursor focus to navigation ba of the 'Schedue Dose 2' dialog",
FARx.DE.01.200,"The system shall verify that the selected patient is active. If the patient is no longer active, the system shall prevent the user from continuing with data entry and present the following message:

“Data entry of this prescription cannot be completed because the patient record has become inactive.  Please perform a patient search and process the prescription.”

After pressing “Enter”, control shall be returned to the navigation bar. 

The user would manually exit from data entry and then manually search the patient.",No
FARx.DE.01.638,"Notes from Specialty Facility
When a ‘Specialty Connect Fill at Retail’ prescription has ‘notes from specialty’ associated, the system shall display below dialog to the user

TITLE: Notes from Specialty Facility
Notes: 
Notes field shall be populated with the text that will be received in the e-refill transaction from Specialty location.

Navigation Options: Continue ©
Upon selecting continue, system shall close the above dialog and continue to perform the further validations as per DE.01.472",No
FARx.DE.01.458,"Specialty Connect Inventory Check
The system shall display the below prompt to the user for an ‘Specialty Connect Fill at retail’ prescription-fill:

TITLE: Specialty Connect Inventory Received
Message: 
““The Specialty medication for this script fill has been ordered by the Specialty Care team through the Outside Vendor and should arrive by or before the needs by date.
Is the Specialty Connect drug product available for prescription dispensing?”
Navigation Options: Yes (Y), No (N)
Upon selecting any of the above options, system shall continue to perform the further validations as per DE.01.472",No
FARx.DE.01.340,"System shall redisplay the Hard Copy checks (Refer to FARx.HC.01) when any of the below conditions occur:
 User changes any of the following fields on the data entry screen:
Drug (edited outside of GCNSeq No)
Origin Code
DAW (On Data Entry screen only, not AI)
SIG
Prescribed Quantity
Prescriber
Diagnosis Code

During data entry of a new prescription, when ALL the below conditions occur: 
Hard Copy Checks were previously displayed
The Hard Copy Request for Hard Copy Checks has NOT yet been created
The Third Party associated to the prescription-fill requires Hard Copy Checks

When the Hard Copy checks are redisplayed from any of the above conditions (1 or 2), the field values (Y or N) associated with each Hard Copy Check Code will be auto-populated with the value previously selected by the user.",No
FARx.DE.01.106,"Med–B - AOB Not Received Check
If the Master Switch for ‘AOB’ is set to ‘Enable’ in Corp Admin (Refer to FAAM.AP.01b Regulatory Root App Option # 1205) then the system shall perform the ‘AOB Not Received’ check as mentioned in FARx.AOB.01
If the Master Switch for AOB is ‘Disable’ then the system shall continue with the next check (Refer to DE.01.472)",No
FARx.DE.01.107,"Med–B - AOB Required
If the Master Switch for ‘AOB’ is set to ‘Enable’ in Corp Admin (Refer to FAAM.AP.01b Regulatory Root App Option # 1205) then the system shall perform the ‘AOB Required’ check as mentioned in FARx.AOB.01
If the Master Switch for AOB is ‘Disable’ then the system shall continue with the next check (Refer to DE.01.472)",No
FARx.DE.01.1058,"Med–B – BOE Check 
If the Master Switch “Beneficiary Owned Equipment Capture” for ‘BOE’ is set to ‘Enable’ in Corp Admin (Refer to FAAM.AP.01b, Reg Root # 1203) then the system shall perform the BOE check as mentioned in FARx.BOE.01
Upon being returned to data entry from the Warning message (refer to FARx.BOE.01.06) after No was selected to Question 1, the system shall:
Remove the TPPC 22345 Medicare Part B plan from the billing sequence
Perform existing COB Billing sequencing logic
If the logic does not find any other 3rd Party Plans, the system shall set the Third Party field = “Cash”
Upon being returned to data entry from the BOE Action Note when options 4-7 were selected (refer to FARx.EAN.01.1285 and FARx.EAN.01.1290), the system shall:
Remove the TPPC 22345 Medicare Part B plan from the billing sequence
Set the Third Party attribute = “Cash”
Not perform any COB Billing sequencing logic
If the Master Switch for BOE is set to ‘Disable’ then the system shall continue with the next check (Refer to DE.01.472)",No
FARx.DE.01.357,"Days Supply Required Check
The system shall display the ‘Medicare B – Days Supply Remaining Required’ action note (Refer to FARx.EAN.01 Alternate Flow 26) if the following conditions are met:
A Medicare B Third Party plan is associated to the prescription-fill
The drug associated to the prescription is NOT on the Med B Attestation Exclusion List (Refer to FATP.AE.01)
The prescription has a ‘D’ associated to the Promised Time
The Days Supply Remaining value has not been captured for the associated Drug GCNSeq No yet for this prescription-fill
System is configured to capture Med B Quantity Attestation (Refer to Corp Admin #454),",No
FARx.DE.01.508,"REMS Authorization Check
When the New prescription data entry is initiated via Main Menu / Patient Profile, the system shall perform ‘REMS Authorization’ check (Refer to FARx.REMS.01) if the following conditions are true:
Drug being dispensed is included on the REMS Drug list (Refer to FAAM.REMS.01)
Application Option is set to ‘Yes’ for the store to perform REMS check  (Refer to Corp App option # 668)
Drug being dispensed is NOT a Complete Out of stock (COOS)
Once the check is performed, system shall continue processing as per DE.01.472

Note – When the Corp Option #668 – “Store performs the REMS Check” is set to No, if a prescription requires iPledge processing (authorization or reversal) this will be identified during the Adjudication Process by Relay Health and all necessary authorization attributes Risk Management Authorization (RMA) and Do Not Dispense Date (DNDA) or applicable iPledge messaging will be returned within the Adjudication Response message field and retained using the existing RMA/DNDA fields",No
FARx.DE.01.509,"iPLEDGE REMS Authorization Check
When the New prescription data entry is initiated via Main Menu / Patient Profile, the system shall perform ‘iPLEDGE Authorization’ check (Refer to FARx.REMS.01) if the following conditions in addition to above (DE.01.508) are true:
Drug being dispensed is configured to perform ‘iPLEDGE’ checks (Refer to FAAM.REMS.01) on the REMS Drug list.
Application Option is set to ‘Allowed’ for the store to dispense iPLEDGE medication (Refer to Corp App option # 669)
Once the check is performed, system shall continue processing as per DE.01.472",No
FARx.DE.01.1339,"ScriptSync Attribute Level Checks: Applicable ONLY when Rx is enrolled in ScriptSync AND actions initiated from Flow 13
On completion of the data entry, just before credentialing, the system shall process with the below modifications for Auto Fill validations:
If Days Supply for Alignment Fill Rx was changed manually to a higher value  
If the above condition is True, the system shall continue to DE.01.1340
If the above condition is NOT True, the system shall continue to DE.01.1343
If Days Supply for Full Fill Rx was changed to a higher value or a lower value 
If the above condition is True, the system shall check if the Rx is edited for a Full Fill and shall continue to DE.01.1342
If the above condition is NOT True, the system shall continue to DE.01.1343",No
FARx.DE.01.1340,"For the enrolled Alignment Fill Rx, the system shall check if the Days Supply of the corresponding Rx Fill is greater than the Days Supply value (i.e. user changes the value to a greater value than system displayed originally on New Rx Data Entry screen), the system shall display the prompt confirming the Days Supply value change with the information that the Rx will be unenrolled from Script Sync if the updated Days Supply value is confirmed (Message shall be as per FARx.ET.01.915).

On selecting Yes, the system shall continue to FARx.DE.01.1341
On selecting No, the system shall place the cursor on the Days Supply field",No
FARx.DE.01.1341,"After credentials, the system shall perform as stated below:

Set the current prescription’s Script Sync status to Never Asked (i.e. Remove the Rx from Script Sync)
Set the Script Sync status as Never Asked for previous Rx (for which 90 Day request was sent)
Set the “Reason for Unenrollment” as “Linked/Generated” for the Linked Rx 
Perform the check in Section “Rx in Last In Order processing” per FARx.AF.19
Set the disposition date as system date/time
Set the attribute for Script Sync POS Un-enrollment Program
System triggers a RTDS transaction once SS enrollment status changes (refer to FARx.RTDS.13)
Do NOT run ScriptSync Eligibility rules",No
FARx.DE.01.1342,"For the enrolled Full Fill Rx the system shall display the prompt (per FARx.E.01.915 - that displays when Rx was Edited and Days Supply value is changed) confirming the Days Supply value change with the information that the Rx will be unenrolled from Script Sync if the updated Days Supply value is confirmed modified as follows:
On selecting Yes, the system shall continue to FARx.DE.01.1341
On selecting No, the system shall place the cursor on the Days Supply field",No
FARx.DE.01.1343,"hen the 'Enable Readyfill and ScriptSync Eligibility Processing through RPHAI Rx Growth Engine (NrthStar)' switch is set to enabled (refer to FAAM.AP.01b Corp Root # 2278) the system shall by-pass the ReadyFill & Script Eligibility checks below (references to AF.02) and continue with remaining functionality
If the Rx is unenrolled (Never Asked) from ScriptSync within current session, the system shall ONLY run ReadyFill eligibility checks (Refer to FARx.AF.02)
Based on the above process, if the Rx is still eligible for ReadyFill, leave it enrolled and return to Initiation Point 
Based on the above process, if the Rx is ineligible for ReadyFill, the system shall display prompts per FARx.GEN.01.870

If the Rx is NOT unenrolled (Never Asked) from ScriptSync in the current session, the system shall continue to  FARx.DE.01.1344

Note: Applicable only when the corp admin setting “Enable Script Sync 2.0” is set to ‘ON’ (Refer to FAAM.AP.01b Corporate setting #1397)",No
FARx.DE.01.1344,"hen the 'Enable Readyfill and ScriptSync Eligibility Processing through RPHAI Rx Growth Engine (NrthStar)' switch is set to enabled (refer to FAAM.AP.01b Corp Root # 2278) the system shall by-pass the ReadyFill & Script Eligibility checks below (references to AF.02) and continue with remaining functionality

If the Rx is NOT unenrolled (Never Asked) from ScriptSync in the current session, the system shall re-run AutoFill Eligibility rules (Refer to FARx.AF.02). 
Based on the above process, if the Rx is still eligible for ScriptSync, leave it enrolled and return to Initiation Point 
Based on the above process, if the Rx is ineligible, the system shall display prompts per FARx.GEN.01.870

Note: Applicable only when the corp admin setting “Enable Script Sync 2.0” is set to ‘ON’ (Refer to FAAM.AP.01b Corporate setting #1397)",No
FARx.DE.01.45,"The system shall check if the Master Switch for the ‘Automatically Apply Credentials’ (Refer to FAAM.AP.01b,  Regulatory  App Option # 1672) is Enabled and Regulatory switch for Data Entry (Refer to FAAM.AP.01b – Regulatory Root #1673) is Yes: 
IF the Master switch is enabled and the Data entry switch is set to Yes, then System shall perform automatically apply the credential for the user logged in to the credential point to complete data entry and proceed to next step
Else, System shall prompt the User to enter or scan their credentials to complete data entry.",No
FARx.DE.01.1550,"When Transfer fill option is selected on the Insufficient Quantity/OOS dialog, the system shall check the store’s setting for ‘Require On Hold Data Entry Verification’ (Refer to Corp Root App Option # 1076 – FAAM.AP.01b). 

If the store’s setting for ‘Require On Hold Data Entry Verification’ (Refer to Corp Root App Option # 1076 – FAAM.AP.01b) = YES the system shall check if the prescription has been Data Entry Verified
If the prescription has not been verified, the system shall display a message to indicate that the fill needs data  entry verification in order for the user to perform a manual transfer of the prescription 
If the Rx has been verified and the critical components has been changed thereafter so need to verify again (Refer to FARx. ET.02), the system shall display a message to indicate that the fill needs data  entry verification in order for the user to perform a manual transfer of the prescription.
If the prescription has been verified, the system shall display the On Hold Prescription Data Entry screen (Refer to Alternate Flow 1 – FARx.DE.01.50)

If the store’s setting for ‘Require On Hold Data Entry Verification (Refer to Corp Root App Option # 1076 – FAAM.AP.01b) = NO, the system shall display the On Hold Prescription Data Entry screen (Refer to Alternate Flow 1 – FARx.DE.01.50)",No
FARx.DE.01.46,System validates the user’s credentials (Refer to Functional Activity Document FAAM.RD.01 and FAAM.RD.02),No
FARx.DE.01.849,"hen the 'Enable Readyfill and ScriptSync Eligibility Processing through RPHAI Rx Growth Engine (NrthStar)' switch is set to enabled (refer to FAAM.AP.01b Corp Root # 2278) the system shall by-pass the ReadyFill & Script Eligibility checks below (references to AF.02) and continue with remaining functionality

If the Rx is eligible for CRP workflow, then the below processing is performed only when the system has determined to dispense the target drug after the CRP Rules are run.

Once the credentials are validated AND the corp admin setting “Enable Script Sync 2.0” is set to ‘OFF’ (Refer to FAAM.AP.01b Corporate setting #1397), the system shall then check for patient Level (ReadyFill) Enrollment configuration (Refer to FAAM.AP.01b Corporate setting #1532).
If the patient level Enrollment is Enabled and patient has accepted Enroll Patient (continue to DE.01.1450)
If the patient level Enrollment is Disabled or is Enabled and the patient has not opted for Enroll Patient the system shall check if:

Corresponding Patient is enrolled in Script Sync with a basket at the store where the Rx is being filled
Rx being filled does not have Script Sync Rx Status set as Enrolled
If both the above conditions are True, the system shall qualify this Rx for ReadyFill eligibility and Script Sync eligibility (Refer to FARx.AF.02) 
If the Rx is eligible for Script Sync, the system shall set the prescription’s Script Sync status to be sent to POS (Refer to FAIN.POS.20) and shall continue further data entry processing (continue from DE.01.47)
If the Rx is eligible for Ready Fill but NOT for Script Sync, the system shall set the prescription’s ReadyFill status to be sent to POS (Refer to FAIN.POS.20) and shall continue further data entry processing (continue from DE.01.47)
If the Rx is NOT eligible for both ReadyFill AND Script Sync, the system shall continue further data entry processing (continue from DE.01.47)

If at least one of the above conditions is NOT True, the system shall qualify this Rx for ReadyFill eligibility (Refer to FARx.AF.02) 
If the Rx is eligible for Ready Fill, the system shall set the prescription’s ReadyFill status to be sent to POS (Refer to FAIN.POS.20) and shall from DE.01.47)
If the Rx is NOT eligible for ReadyFill, the system shall continue from DE.01.47)
System shall also assign the ReadyFill Eligible/Prompt List Indicator to the prescription to be sent to RxDW (Refer to FAIN.DW.34) as follows:
If the script is ReadyFill Eligible (Refer to FARx.AF.02) then:
The system shall mark the Script as ReadyFill eligible and on the Prompt List, if the Drug of the Script is in the 
ReadyFill Prompt for Enrollment Lists (Refer to FADP.RF.02) as configured in the Corp Admin 
OR 
ReadyFill NOCM Drug List (Refer to FADP.RF.04) i.e. both the below conditions are met:
GCNSEQNO of the drug being dispensed is in the GCNSEQNO Inclusion NOCM RF Drug List
DEA Class of the drug being dispensed is NOT in the DEA Class exclusion NOCM RF Drug List
The system shall mark the Script as ReadyFill eligible and NOT on the Prompt List, if the Drug of the Script is NOT in the 
ReadyFill Prompt for Enrollment Lists (Refer to FADP.RF.02)  as configured in the Corp Admin 
AND
ReadyFill NOCM Drug List (Refer to FADP.RF.04) i.e. any one of the below conditions are met:
GCNSEQNO of the drug being dispensed is NOT in the GCNSEQNO Inclusion NOCM RF Drug List
DEA Class of the drug being dispensed is in the DEA Class exclusion NOCM RF Drug List
If the script is NOT ReadyFill Eligible (Refer to FARx.AF.02)   then system shall mark the Prescription as ReadyFill Ineligible",No
FARx.DE.01.1345,"hen the 'Enable Readyfill and ScriptSync Eligibility Processing through RPHAI Rx Growth Engine (NrthStar)' switch is set to enabled (refer to FAAM.AP.01b Corp Root # 2278) the system shall by-pass the ReadyFill & Script Eligibility checks below (references to AF.02) and continue with remaining functionality
If the Rx is eligible for CRP workflow, then the below processing is performed only when the system has determined to dispense the target drug after the CRP Rules are run.

Once the credentials are validated AND the corp admin setting “Enable Script Sync 2.0” is set to ‘ON’ (Refer to FAAM.AP.01b Corporate setting #1397), the system shall then check for Patient Level (ReadyFill)  Enrollment configuration (Refer to FAAM.AP.01b Corporate setting #1532).
If the patient level Enrollment is Enabled and the patient has accepted Enroll Patient (continue to DE.01.1450)
If the patient level Enrollment is Disabled or is Enabled and the patient has not opted for Enroll Patient the system shall check if:
Corresponding Patient is enrolled in Script Sync with a basket at the store where the Rx is being filled
Rx being filled does not have Script Sync Rx Status set as Enrolled
If both the above conditions are True, the system shall first run checks mentioned in FARx.DE.01.1280 and then qualify this Rx for ReadyFill eligibility and Script Sync eligibility (Refer to FARx.AF.02) 
If the Rx is eligible for Script Sync (when Rx does not have a GCN Seq. No match and is not linked to another ScriptSync enrolled prescription), the system shall set the prescription’s Script Sync status to be sent to POS (Refer to FAIN.POS.20) and shall continue further data entry processing (continue from DE.01.47)
For ReadyFill Eligible/Prompt List Indicator, continue to DE.01.1287
If the Rx is eligible for Ready Fill but NOT for Script Sync, the system shall set the prescription’s ReadyFill status to be sent to POS (Refer to FAIN.POS.20) and shall continue further data entry processing (continue from DE.01.47)
For ReadyFill Eligible/Prompt List Indicator, continue to DE.01.1287
If the Rx is NOT eligible for both ReadyFill AND Script Sync, the system shall continue further data entry processing (continue from DE.01.47)

Otherwise, continue to DE.01.1281",No
FARx.DE.01.1450,"hen the 'Enable Readyfill and ScriptSync Eligibility Processing through RPHAI Rx Growth Engine (NrthStar)' switch is set to enabled (refer to FAAM.AP.01b Corp Root # 2278) the system shall by-pass the ReadyFill & Script Eligibility checks below (references to AF.02) and continue with remaining functionality
The system shall check if the:
Corresponding Patient is enrolled in Script Sync with a basket at the store where the Rx is being filled
Rx being filled does not have Script Sync Rx Status set as Enrolled
If both the above conditions are True, the system shall first run checks mentioned in FARx.DE.01.1280 and then qualify this Rx for ReadyFill eligibility (Refer to FARx.AF.02) and Script Sync eligibility (Refer to FARx.AF.02)

If the Rx is eligible for Readyfill and the drug is in the Prompt for Enrollment List (Refer to FADP.RF.02) OR ReadyFill NOCM Drug List (FADR.RF.04) for NOCM prescriptions, 
For ReadyFill NOCM Drug List both the below conditions are met:
GCNSEQNO of the drug being dispensed is in the GCNSEQNO Inclusion NOCM RF Drug List
DEA Class of the drug being dispensed is NOT in the DEA Class exclusion NOCM RF Drug List
Then, the system shall enroll the Rx in the system shall enroll the Rx in ReadyFill (Refer to FARx.RF.12) and shall capture the system credentials as ReadyFill Enrollment credentials.

If the Rx is eligible for Script Sync (when Rx does not have a GCN Seq. No match and is not linked to another ScriptSync enrolled prescription), the system shall set the prescription’s Script Sync status to be sent to POS (Refer to FAIN.POS.20) and shall continue further data entry processing (continue from DE.01.47)
If the Rx is NOT eligible for both ReadyFill AND Script Sync, the system shall continue further data entry processing (continue from DE.01.47)
	
Otherwise, continue to DE.01.1281",
FARx.DE.01.1281,"hen the 'Enable Readyfill and ScriptSync Eligibility Processing through RPHAI Rx Growth Engine (NrthStar)' switch is set to enabled (refer to FAAM.AP.01b Corp Root # 2278) the system shall by-pass the ReadyFill & Script Eligibility checks below (references to AF.02) and continue with remaining functionality
If the above condition (DE.01.1345) “Rx being filled does not have Script Sync Rx Status set as Enrolled” is NOT True, the system shall qualify this Rx for ReadyFill eligibility (Refer to FARx.AF.02) 
If the Rx is eligible for Ready Fill, the system shall set the prescription’s ReadyFill status to be sent to POS (Refer to FAIN.POS.20) and shall from DE.01.47)
For ReadyFill Eligible/Prompt List Indicator, continue to DE.01.1287
If the Rx is NOT eligible for ReadyFill, the system shall continue from DE.01.47)

Otherwise, continue to DE.01.1282",No
FARx.DE.01.1282,"hen the 'Enable Readyfill and ScriptSync Eligibility Processing through RPHAI Rx Growth Engine (NrthStar)' switch is set to enabled (refer to FAAM.AP.01b Corp Root # 2278) the system shall by-pass the ReadyFill & Script Eligibility checks below (references to AF.02) and continue with remaining functionality
If the above condition “Corresponding Patient is enrolled in Script Sync with a basket at the store where the Rx is being filled” is NOT True, the system shall first run checks mentioned in FARx.DE.01.1280 and then qualify this Rx for ReadyFill eligibility (Refer to FARx.AF.02) 
If the Rx is eligible for Ready Fill, the system shall set the prescription’s ReadyFill status to be sent to POS (Refer to FAIN.POS.20) and shall from DE.01.47)
For ReadyFill Eligible/Prompt List Indicator, continue to DE.01.1287
If the Rx is NOT eligible for ReadyFill, the system shall continue from DE.01.47)

Otherwise, continue to DE.01.1283",No
FARx.DE.01.1283,"hen the 'Enable Readyfill and ScriptSync Eligibility Processing through RPHAI Rx Growth Engine (NrthStar)' switch is set to enabled (refer to FAAM.AP.01b Corp Root # 2278) the system shall by-pass the ReadyFill & Script Eligibility checks below (references to AF.02) and continue with remaining functionality
If both the above conditions are NOT True, the system shall first run checks mentioned in FARx.DE.01.1280 and then qualify this Rx for ReadyFill eligibility (Refer to FARx.AF.02) 
If the Rx is eligible for Ready Fill, the system shall set the prescription’s ReadyFill status to be sent to POS (Refer to FAIN.POS.20) and shall from DE.01.47)
For ReadyFill Eligible/Prompt List Indicator, continue to DE.01.1287
If the Rx is NOT eligible for ReadyFill, the system shall continue from DE.01.47)",No
FARx.DE.01.1287,"hen the 'Enable Readyfill and ScriptSync Eligibility Processing through RPHAI Rx Growth Engine (NrthStar)' switch is set to enabled (refer to FAAM.AP.01b Corp Root # 2278) the system shall by-pass the ReadyFill & Script Eligibility checks below (references to AF.02) and continue with remaining functionality
System shall also assign the ReadyFill Eligible/Prompt List Indicator to the prescription to be sent to RxDW (Refer to FAIN.DW.34) as follows:
If the script is ReadyFill Eligible (Refer to FARx.AF.02) then:
The system shall mark the Script as ReadyFill eligible and on the Prompt List, if the Drug of the Script is in the 
ReadyFill Prompt for Enrollment Lists (Refer to FADP.RF.02) as configured in the Corp Admin 
OR 
ReadyFill NOCM Drug List (Refer to FADP.RF.04) i.e. both the below conditions are met:
GCNSEQNO of the drug being dispensed is in the GCNSEQNO Inclusion NOCM RF Drug List
DEA Class of the drug being dispensed is NOT in the DEA Class exclusion NOCM RF Drug List
The system shall mark the Script as ReadyFill eligible and NOT on the Prompt List, if the Drug of the Script is NOT in the 
ReadyFill Prompt for Enrollment Lists (Refer to FADP.RF.02)  as configured in the Corp Admin 
AND
ReadyFill NOCM Drug List (Refer to FADP.RF.04) i.e. any one of the below conditions are met:
GCNSEQNO of the drug being dispensed is NOT in the GCNSEQNO Inclusion NOCM RF Drug List
DEA Class of the drug being dispensed is in the DEA Class exclusion NOCM RF Drug List
If the script is NOT ReadyFill Eligible (Refer to FARx.AF.02)   then system shall mark the Prescription as ReadyFill Ineligible",No
FARx.DE.01.1280,"The system shall perform the below checks:
If the Patient has 2 Orders and if there are no prescription(s) present in just one Order, the system shall:
Clear the Sync Date of the Order (with no prescription(s))
Return to initiation point DE.01.849
If Patient has just 1 Order and if there are no prescription(s) present in that order, the system shall:
Set the Patient Level ScriptSync Status = Never Asked
Clear the ScriptSync Date of the Order
Return to initiation point DE.01.849
Otherwise (i.e. For any other scenarios), system shall Return to initiation point DE.01.849",No
FARx.DE.01.990,"Upon capturing the credentials the system will mark the prescription for a 90 Day Post Dispensing Notification when all of the following conditions are met:

The prescription has gone through automated identification of linking (refer to FARx.LNK.02) and the “90 Day Prescription” prompt has been displayed (Refer to FARx.LNK.02.106)
The prescription has a 90 Day Status = “Accepted”
The Day Supply of the prescription is equal to or greater than 84
At least one of the following conditions is true:
Prescription exists in a store where the option “90 Day Post Dispensing Notification” is set to Yes (Refer to FAAM.AP.01b Regulatory Option 1158).
When the Enable 90 Day Post Dispensing Notification NPI Inclusion List is enabled (Refer to FAAM.AP.01b Regulatory Option 1736), and the Prescriber NPI associated to the prescription is on the “90 Day Post Dispensing for Unique Prescriber list” (Refer to FAAM.ND.01 Alternate Flow 2).
When the Enable 90 Day Post Dispensing Notification GCN SEQ No. Inclusion List is enabled (Refer to FAAM.AP.01b Regulatory Option 1737), and the GCNSEQNO associated to the prescription i on the ""90 Day Post Dispensing Notification GCNSEQNO incluion list"" (Refer to FAAM.ND.01).

Upon completion of the above the system shall continue with processing.",No
FARx.DE.01.1458,"Upon completion of the Data Entry the system shall check if ICD codes are associated to the prescription

If no ICD codes are associated to the script, the system shall auto-populate the ICD-10 Diagnosis Code(s) – Refer to FARx.DE.01.1459 and FARx.DE.01.1460 
If ICD code(s) is/are associated to the script, the system shall skip FARx.DE.01.1459 and FARx.DE.01.1460",No
FARx.DE.01.1459,"The system shall associate ICD-10 Diagnosis Code(s) to the prescription when all of the below are true:
One or more ICD-10 Diagnosis Codes were received on the eRx transaction
The Master Switch for ICD-10-CM is set as ON (Refer to FAAM.AP.01b Corp Root #662) 
Enable Sending of ICD-10 Codes for Third Party Claims (Refer to FAAM.AP.01b – Option #1555) master switch is set as yes
OR

One or more ICD-10 Diagnosis were received on the eRx transaction
The Master Switch for ICD-10-CM is set as ON (Refer to FAAM.AP.01b Corp Root #662) 
Enable Sending of ICD-10 Codes for Third Party Claims (Refer to FAAM.AP.01b – Option #1555) master switch is set as yes
The script is a CASH script

If any of the above is NOT true, the system shall not associate the ICD-10 codes to the prescription that were received on the eRx transaction.

Note: The system will perform this validation for all eRx scripts filled and/or edited.",No
FARx.DE.01.1460,"If a combination of diagnosis code types (e.g., ICD-10, ICD-9, other) are received on the eRx transaction, the system shall associate only the ICD-10 Diagnosis Codes to the prescription.",No
FARx.DE.01.47,"When the new Rx data entry was fulfilled via Main Menu or Patient Profile, on successful credentialing system shall:
generate a new Rx number 
associate it to the Rx
the RX number is valid for all refills associated to the prescription
continue thru DE.01.108",No
FARx.DE.01.258,"When the new Rx data entry is completed via Triage Queue (also includes data entry (Generate) for item selected from “Patient’s Pending Requests” dialog on QT item data entry screen), on successful credentialing the system shall:
Check if the triage item has an associated Rx Number:
If Rx Number is not present, the system shall
generate a new Rx number
associate it to the Rx 
continue thru DE.01.108
If Rx number is associated, the system shall continue thru DE.01.108
Check if the corresponding Rx fill was classified as “Acute” AND was a Partial Fill
If the above condition is met, the system shall remove the “Acute” classification for this Rx fill",No
FARx.DE.01.467,"When a new prescription is generated from an electronic request received for a ‘fill at retail’ or a ‘refill request’ from a non CVS store, the system shall associate the ‘Specialty Connect Fill Code’ and ‘Specialty Connect Tracking Code’ received on the electronic request to the original fill of the newly generated prescription.",No
FARx.DE.01.108,"Once credentials are validated and the system generated a new Rx number, when the prescription originated from a new e-prescription (PPI) NewRx, RefRes or RxChangeResponse (MChoice/90 Day and Gen Sub):

RxConnect shall send the Prescription Related attributes to the RxDW 
Each detail record sent shall consist of the following attributes
NCPDP ID
SPI #  
Message ID 
Message Type
Version Number
Release Number
Relates To Message ID
Prescription Number (Null for new scripts, error transactions, and status transactions)
Refill Number (Null for new scripts, error transactions, and status transactions)
Sent Date/Time
Outcome Status: Generated
Raw XML
Prescriber Digital Signature
Pharmacy Digital Signature
Digital Signature Validation Date/Time
Failure Reason
Note:  Prescriber Digital Signature, Pharmacy Digital Signature, Digital Signature Validation Date/Time, and Failure Reason will be null.
When RxConnect is unable to successfully send raw XML data to the RxDW 
RxConnect shall attempt to resend the data to the RxDW after a configurable amount of time.   
After a configurable amount of attempts RxConnect shall retain the data.   
Once a day 
RxConnect shall attempt to send all transactions that were not successfully sent to the RxDW. 
If RxConnect is unable to successfully send the data to the RxDW, RxConnect shall notify production support

When the prescription originated from a new e-prescription (PPI) NewRx or RxChangeResponse for an Approve With changes MChoice/90 Day request, the system shall modified the Outcome attribute to include product search indicators separated by“:”. Refer to Functional Activity Document FADP.SR.01
Format: Outcome: ‘Generated:< Product Search Indicator>:<Product Search Usage Indicator>‘
e.g. Outcome: ‘Generated:RxNorm:Show All‘
Product Search Indicator indicates whether product search was performed on RxCUI, Representative NDC or Drug Description. Following are the valid values:
RxNorm
Rep NDC
Drug Desc

Product Search Usage Indicator indicates whether the drug was selected from the displayed search results or not. Following are the valid values:
‘Used’ -> drug was selected from search result screen 3.
‘Show All’ -> drug was selected from the Show All screen.
‘Not Use’ -> drug was NOT selected from the search results.",No
FARx.DE.01.180,"Once credentials are validated and the system generated a new Rx number, 
When  prescription is for a controlled substance that  originated from a new e-prescription (PPI) NewRx , RxChangeResponse (MChoice/90 Day and Gen Sub) then
The system shall log the Auditable Events information when the new prescription generated matches exactly what was sent in the e-transaction by the prescriber.
Prescriber DEA# received in the electronic transaction is the same as the prescriber’s DEA # on the prescription dispensed
Last Name of the prescriber information received on the electronic transaction is the same as the prescriber’s last name on the prescription dispensed
First Name of the prescriber information received on the electronic transaction is the same as the prescriber’s first name on the prescription dispensed
Middle Name of the prescriber information received on the electronic transaction is the same as the prescriber’s middle name on the prescription dispensed
Address Line 1 of the prescriber information received on the electronic transaction is the same as the prescriber’s address line 1 on the prescription dispensed
Address Line 2 of the prescriber information received on the electronic transaction is the same as the prescriber’s address line 2 on the prescription dispensed
City of the prescriber information received on the electronic transaction is the same as the prescriber’s city on the prescription dispensed
State of the prescriber information received on the electronic transaction is the same as the prescriber’s state on the prescription dispensed
Zip code of the prescriber information received on the electronic transaction is the same as prescriber’s zip on the prescription dispensed
Last Name of the patient information received on the electronic transaction is the same as the patient’s last name on the prescription dispensed
First Name of the patient information received on the electronic transaction is the same as the patient’s first name on the prescription dispensed
Address Line 1 of the patient information received on the electronic transaction is the same as the patient’s address line 1 on the prescription dispensed
Address Line 2 of the patient information received on the electronic transaction is the same as the patient’s address line 2 on the prescription dispensed
City of the patient information received on the electronic transaction is the same as the prescriber’s city on the prescription dispensed
State of the patient information received on the electronic transaction is the same as the prescriber’s state on the prescription dispensed
Zip code of the patient information received on the electronic transaction is the same as the prescriber’s zip on the prescription dispensed
GCN_SEQ_NO of the drug received in the electronic transaction is the same as the GCN_SEQ_NO of the drug dispensed.
Medication Prescribed Quantity received in the electronic transaction is the same as the quantity dispensed in the prescription
Medication Prescribed Quantity Qualifier received in the electronic transaction is the same as the quantity qualifier in the prescription dispensed
Medication Prescribed Days Supply received in the electronic transaction is the same as the days supply in the prescription dispensed
Medication Prescribed Directions received in the electronic transaction is the same as the directions in the prescription dispensed
Medication Prescribed Refill Value (i.e.  number of refills) received in the electronic transaction is the same as the Refill Value (i.e.  number of refills) in the prescription dispensed
Medication Prescribed substitution received in the electronic transaction is the same as the DAW in the prescription dispensed
Medication Prescribed Written Date received in the electronic transaction is the same as the written date in the prescription dispensed
Medication Prescribed Effective Date received in the electronic transaction is the same as the Do Not Fill Before Date in the prescription dispensed
Medication Prescribed Expiration Date received in the electronic transaction is the same as the expiration date in the prescription dispensed

Refer to Event ID: WFE-0001(001)
               Event ID: WFE-0001(003)
 in FAAU.AE.01 Auditable Events List.xls",No
FARx.DE.01.181,"Once credentials are validated and the system generated a new Rx number, 
When prescription is for a controlled substance that originated from a new e-prescription (PPI) NewRx , RxChangeResponse (MChoice/90 Day and Gen Sub) then:
The system shall log the Auditable Events information when the new prescription generated does not matches exactly what was sent in the e-transaction by the prescriber i.e. If any of the following fields of the electronic transaction and the prescription generated are different then system shall log the information.
Prescriber DEA# received in the electronic transaction is different from the prescriber’s DEA # on the prescription dispensed
Last Name of the prescriber information received on the electronic transaction is different from the prescriber’s last name on the prescription dispensed
First Name of the prescriber information received on the electronic transaction is different from the prescriber’s first name on the prescription dispensed
Middle Name of the prescriber information received on the electronic transaction is different from the prescriber’s middle name on the prescription dispensed
Address Line 1 of the prescriber information received on the electronic transaction is different from the prescriber’s address line 1 on the prescription dispensed
Address Line 2 of the prescriber information received on the electronic transaction is different from the prescriber’s address line 2 on the prescription dispensed
City of the prescriber information received on the electronic transaction is different from the prescriber’s city on the prescription dispensed
State of the prescriber information received on the electronic transaction is different from the prescriber’s state on the prescription dispensed
Zip code of the prescriber information received on the electronic transaction is different from the prescriber’s zip on the prescription dispensed
Last Name of the patient information received on the electronic transaction is different from the patient’s last name on the prescription dispensed
First Name of the patient information received on the electronic transaction is different from the patient’s first name on the prescription dispensed
Address Line 1 of the patient information received on the electronic transaction is different from the patient’s address line 1 on the prescription dispensed
Address Line 2 of the patient information received on the electronic transaction is different from the patient’s address line 2 on the prescription dispensed
City of the patient information received on the electronic transaction is different from the prescriber’s city on the prescription dispensed
State of the patient information received on the electronic transaction is different from the prescriber’s state on the prescription dispensed
Zip code of the patient information received on the electronic transaction is different from the prescriber’s zip on the prescription dispensed
GCN_SEQ_NO of the drug received in the electronic transaction is different from the GCN_SEQ_NO of the drug dispensed.
Medication Prescribed Quantity received in the electronic transaction is different from the quantity dispensed in the prescription
Medication Prescribed Quantity Qualifier received in the electronic transaction is different from the quantity qualifier in the prescription dispensed
Medication Prescribed Days Supply received in the electronic transaction is different from the days supply in the prescription dispensed
Medication Prescribed Directions received in the electronic transaction is different from the directions in the prescription dispensed
Medication Prescribed Refill Value (i.e.  number of refills) received in the electronic transaction is different from the Refill Value (i.e.  number of refills) in the prescription dispensed
Medication Prescribed substitution received in the electronic transaction is different from the DAW in the prescription dispensed
Medication Prescribed Written Date received in the electronic transaction is different from the written date in the prescription dispensed
Medication Prescribed Effective Date received in the electronic transaction is different from the Do Not Fill Before Date in the prescription dispensed
Medication Prescribed Expiration Date received in the electronic transaction is different from the expiration date in the prescription dispensed
Refer to Event ID: WFE-0002(001)
               Event ID: WFE-0002(003)
 in FAAU.AE.01 Auditable Events List.xls",No
FARx.DE.01.182,"The system shall log the Auditable Events information when the user fills a new EPCS prescription-fill via access through JNLP (at corporate or remote access)
Refer to Event ID: ALF-0009(001) in FAAU.AE.01 Auditable Events List.xls",No
FARx.DE.01.183,"The system shall log the Auditable Events information when the user fills a new EPCS prescription-fill via access through RxCC (at JNLP)
Refer to Event ID: ALF-0012(001) in FAAU.AE.01 Auditable Events List.xls",No
FARx.DE.01.184,"The system shall log the Auditable Events information when the EPCS prescription-fill(Rx generated from NewRx, RefillResponse, RxChangeResponse) dispensed with the prescriber that has been un-remediated
Refer to Event ID: WFE-0031 in FAAU.AE.01 Auditable Events List.xls",No
FARx.DE.01.2060,The system shall set ‘DEV Bypass Eligibility Indicator’ value as ‘No’,No
FARx.DE.01.117,"CEE Opportunity Handling *
Real-Time reuest to 'Opportuniy Source' (i.e. COE)
During the fulfillment of a prescription (New fill, Generate, Transfer In, Fill On Hold, and Edit), once the credentials are validated, the system shall send real-time requet(s) to 'Opportuniy Source' (i.e. Consumer Opportunity Engine (COE)) requesting CEE opportunities for each opportunity type configured to “Request in Real-Time” with a value of “New Fill” or “Both” (Refer Functional Activity Document FAAM.CEE.01.35 – Config 10)
Real-time request(s) will be sent based on the real time outbound interface rules (Refer to FAIN.COM.02)
For interface to source (i.e. COE), refer Functional Activity Document FAIN.COM.02 CEE Opportunity Real-Time Outbound Interface.

For partial fills, refer to FARx.PF.01.35
Real-time request will NOT be sent to ‘Opportunity Source’ for Maintenance Choice/90 Day or Mail Order Bridge Supply prescriptions. 
For Maintenance Choice/90 Day prescriptions request will be sent when prescription is actually filled (processed by auto-processing, refer FARx.AP.01 Auto Processing).

Real-Time respose from ' Opportuniy Source' (COE):
Source shall send a response back for the specific opportunity type requested.  (Refer to Functional Activity Document FAIN.COM.01.CEE Opportunity Inbound Interface)
* These requirements shall not apply if the corporate root application option “Enable CEE” (Refer to FAAM.AP.01b – tab CORPORATE (Consolidated) – item # 261) is set to “Disabled” for the corresponding store",No
FARx.DE.01.118,"CEE Prompting at Data Entry *
During the fulfillment of a prescription (New fill, Generate, Transfer In, Fill On Hold, and Edit) via Main Menu or Patient profile, once the credentials are validated, the system shall determine if there are any CEE opportunities to be displayed during data entry.
Refer to “FARx.CEE.01 CEE Prompting at Data Entry” for Opportunity Delivery  
The system does not have to wait for a real-time response from ‘Opportunity Source’ (i.e. COE) prior to displaying the CEE opportunities. Any CEE opportunities that are to be displayed during data entry must be received ahead of time.
During the fulfillment of a prescription via Triage Queue, system shall NOT display CEE prompting for any opportunity.
* These requirements shall not apply if the corporate root application option “Enable CEE” (Refer to FAAM.AP.01b – tab CORPORATE (Consolidated) – item # 261) is set to “Disabled” for the corresponding store",No
FARx.DE.01.60,Deleted C2 message requirement as part of Virtual Verification Project.,Yes
FARx.DE.01.250,"Once credentials are validated the system shall behave as follows based upon where the prescription was initiated:
When initiated from the Triage Queue (also includes data entry (Generate) for item selected from “Patient’s Pending Requests” dialog on QT item data entry screen), system shall continue thru DE.01.251
When initiated from an Auto Process Error Exception due to Missing Data Entry Fields, system shall continue to DE.01.1201
When initiated from the main menu or patient profile, system shall continue thru DE.01.48",No
FARx.DE.01.251,"On completion of new Rx initiated via the Triage Queue, the system shall check if the item being fulfilled already has a scanned image associated
If there is a scanned image associated, the system shall:
NOT display the “Scan Hardcopy” screen
Check the regulatory root option for ‘Suppress auto hardcopy printing for <drug class> Fax Rx’ (refer to   Reg Root # 1664 -1669 FAAM.AP.01b Application Options) corresponding to DEA class of the drug 
If set to No, OR if the prescription is NOT a Fax prescription, the system shall continue to print the following information on a single page: *
Rx hardcopy image
Standard Back tag information as part of the Rx hardcopy image (Refer to FARx.BT.01)
If set to Yes, AND the prescription is a Fax prescription, the system shall Suppress automatic printing of the prescription hardcopy and back tag 
Continue thru to  DE.01.786
If there is no scanned image associated, the system shall display the “Scan Hardcopy” screen; continue thru DE.01.48

* This step shall not be applicable when data entering a “Pre-Data Entered Rx” triage item or when generating an Rx for the associated “Pre-Data Entered Rx” triage item",No
FARx.DE.01.1201,"On completion of new Rx initiated via Auto Process Error Exception due to Missing Data Entry Fields the system shall:
Bypass generating a new rx number
If no hardcopy image is available, the system shall continue to hardcopy scan, DE.01.48
If hardcopy image is available, continue to DE.01.566",No
FARx.DE.01.1507,"Once credentials are validated and the system generated a new Rx number for Fill 00 Protocol Immunization Rx, the system shall determine the ‘Enable Manual Hardcopy Scan for Immunization Rx’ (Refer to Reg Root App Optio # 1588 - FAAM.AP.01b) when all of the conditions mentioned in DE.01.564 and DE.01.1346 are true  
If it is set to ‘No’ and Rx Origin Code is 5, the system shall  
NOT display the “Scan Hardcopy” screen
create a new electronic image for the prescription with the values captured on the data entry screen, continue to DE.01.1508
the electronic image will be saved and associated to the script in the background.
If the App option “Enable Enhanced Immunization/Device Workflow” (Refer to FAAM.AP.01b, Corporate Root # 1869) is set to No
Print the hardcopy Image for the Protocol Based Immunization Rx when ‘Suppress Auto Hardcopy Printing for Immunization Rx’ (Refer to Reg Root App Optio # 1587 - FAAM.AP.01b) is set to ‘No’, continue to DE.01.1509
Refer to Appendix 9 regarding how configurations determine display and print of Hardcopy 
If the App option “Enable Enhanced Immunization/Device Workflow” (Refer to FAAM.AP.01b, Corporate Root # 1869) is set to Yes
Do not print the hardcopy image.
Note: The hardcopy for Protocol Immunization Rx is printed when the Rx moves to Scan Ready state
Refer to Appendix 10 regarding how configurations determine display of Hardcopy
If it is set to ‘Yes’, the system shall continue with the hard copy scan in E.01.48 - 49",
FARx.DE.01.1508,"The system shall create an electronic image for the Protocol Based Immunization Rx created. The below info shall be the default values

Note: This is the image that will display on the Data Entry Verification screen.  
Format and Information:
Literal Request for immunization pursuant to protocol 
Patient Name (Last Name, First Name)    
DOB    
Gender (M/F)
Patient Phone Number
Patient Address (City, State Zip)
Prescription Information:
Prescribed Product: <Shall be populated based on the Drug product entered on Data Entry Screen>  
Written Quantity: <Shall be populated based on the Prescribed Quantity captured on Data Entry Screen>
SIG: <Shall be populated based on the SIG captured on Data Entry Screen> 
MD Notes:  No Notes Transmitted
DAW: <Shall be populated based on the DAW captured on Data Entry Screen>
Orig. Date Written: <Date Immunization Rx was created>
Rx Exp. Date: <Shall be populated based on the expiration date captured on Data Entry Screen>
Refills: <Shall be populated based on the Refills captured on Data Entry Screen>
The system shall print the following below the prescription information on the form:  
Interchange is mandated unless the practitioner writes the words No Substitution in the space
Prescriber Information:
Literal: Prescriber:
Prescriber Name: <Shall be populated based on the Prescriber Record selected on Data Entry Screen>
Prescriber Address: <Shall be populated based on the Prescriber Record selected  on Data Entry Screen i.e. Street address, city/state/zip> 
Prescriber Phone Number: <Shall be populated based on the Prescriber Record selected on Data Entry Screen i.e. Phone Number>
Prescriber DEA: <Shall be populated based on the Prescriber Record selected on Data Entry Screen i.e. DEA>",
FARx.DE.01.1509,"The system shall print a Hardcopy for the Protocol Based Immunization Rx created only once the Rx status is set to Scan Ready.
Format and Information:
Literal Request for immunization pursuant to protocol at the top right of the form
Date / Time: In the format MM/DD/YYYY HH:MM AM/PM
Patient Name (Last Name, First Name)
DOB    
Gender (M/F)
Patient Phone Number
Patient Address (City, State Zip)
Note:  Address and Phone Number are the primary/preferred values.

Prescription Information:
Prescribed Product: <Shall be populated based on the Drug Product entered on Data Entry Screen> 
Written Quantity: <Shall be populated based on the Prescriber Quantity captured on Data Entry Screen> 
SIG: <Shall be populated based on the SIG captured on Data Entry Screen>
MD Notes: No Notes Transmitted
DAW: <Shall be populated based on the DAW captured on Data Entry Screen>
Orig. Date Written: <Date Immunization Rx was created>
Rx Exp. Date: <Shall be populated based on the expiration date captured on Data Entry Screen> 
Refills: <Shall be populated based on the Refills captured on Data Entry Screen>
The system shall print the following below the prescription information on the form:  
Interchange is mandated unless the practitioner writes the words No Substitution in the space.

Prescriber Information

Literal: Prescriber:
Prescriber Name: <Shall be populated based on the Prescriber Record selected on Data Entry Screen>
Prescriber Address: <Shall be populated based on the Prescriber Record selected on Data Entry Screen i.e. Street address, city/state/zip> 
Prescriber Phone Number: <Shall be populated based on the Prescriber Record selected on Data Entry Screen i.e. Phone Number>
Prescriber DEA: <Shall be populated based on the Prescriber Record selected on Data Entry Screen i.e. DEA>",
FARx.DE.01.48,"System prompts the user for a hard copy scan.


The system shall allow one image to be associated to one patient per Rx.",No
FARx.DE.01.49,"System displays the standard patient header (Refer to FARx.PA.01.18)
User also has the ability to 
by pass hard copy scan
Light /Dark/Normal scan

Following message shall be displayed in bold on the image panel:
Place the hardcopy prescription on the scanner and Press <Enter>.
If you do not want to wait to view the image, Press <Enter> <Enter>.

If the user waits to view the image, the image will overlay the message

Once the hard copy is scanned, user has the ability to
“Zoom” into te image - Refer to FARx.ZM.01 Zoom Functions
Lighten / Darken/ Grey scale the Hard copy
Rescan (Please refer the last point)
Reprint Backtag label
Note: Refer to FARx.BT.01.Print Back Tag.doc for the required data elements to be printed on the Back Tag.
Continue (Enter)
The system shall not wait for the completion of scanning process and it will exit from this screen without interrupting the scan process when continue is selected and scanning was not complete. The scanned image will be associated to the script in the background.
The system shall display the patient profile screen (Refer to FARx.PA.01 Display Patient Profile)
Rescan - The following options are available to the user when they select to rescan the hardcopy.  The system automatically rescans the Rx and  the following options are available:

Bypass Scan(B)
Light Text(L)
Dark Text(D)
Normal Scan(Enter)
Use Previous Rx Image(P)",No
FARx.DE.01.2102,"The system shall check if Rx is eligible for CRP Workflow (Refer FARx.CRP.01) once system generates a new Rx number for Fill 00 and after hard copy scan, but before DUR checks and online billing, 
If eligible, then 
The Rx is routed to RpHAI for CRP workflow (Refer FAIN.RAI.04)
Further processing of the Rx is paused until CRP Workflow is complete and a response is received from RPhAI and/or SPM. (Refer FARx.PCR.02, FAIN.RAI.03)
System follows existing post credential processing when the Rx is sent to CRP Rules Engine after successful completion of Data Entry.
If ineligible, then system continues processing the prescription with no changes.",
FARx.DE.01.2105,"Once the Rx goes through CRP Workflow and it is determined that the target drug has to be dispensed (Refer to FARx.CRP.02), the system shall check the state of the regulatory root application option “Enable Inventory Management Functionality” (Refer to FAAM.AP.01b regulatory root app option #876) master switch.
If the option is set to ‘No’, the system shall check if the inventory is sufficient to fill the Rx. 
If the inventory is sufficient, the system shall continue thru the next step (DE.01.1333)
If the inventory is not sufficient, the system shall
Create a Triage Item populated as follows: 
Set Type = “Exception”
Set Detail = “Inventory Issue”
Determine Triage time based upon configuration – Refer to FARx.TT.01
Determine Promised Date & Time based upon confiuration - Refer to FARx.TT.02
Set Induction date/time = system date/time
Continue thru the next step (DE.01.1333)
If the “Enable Inventory Management Functionality” master switch is set to “Yes” (Refer to FAAM.AP.01b regulatory root app option #876),.
The system shall not perform the inventory check and shall continue from FARx.DE.01.849 for Script Sync checks.",
FARx.DE.01.1333,"If the predetermined Schedule Date for the full fill is greater than the current date AND Rx is enrolled in ScriptSync, after credentials the system shall:
Schedule the Full Fill per predetermined Schedule Date (Refer to DE.01.1323)
Scheduled fill reason = “ScriptSync”
Prescription Status = “Scheduled”

Note: Applicable only when the corp admin setting “Enable Script Sync 2.0” is set to ‘ON’ (Refer to FAAM.AP.01b Corporate setting #1397)",No
FARx.DE.01.1334,"If the predetermined Schedule Date for the alignment fill is greater than the current date AND Rx is enrolled in ScriptSync, after credentials the system shall:
Schedule the prescription (alignment fill) based on the predetermined schedule date for the alignment fill (Refer to DE.01.1326)
Scheduled fill reason = “ScriptSync”
Prescription Status = “Scheduled”
Schedule the next fill of the prescription using the predetermined schedule date of the full fill.
Days supply = 90
Quantity = Days Supply * Units used per Day

Note: Applicable only when the corp admin setting “Enable Script Sync 2.0” is set to ‘ON’ (Refer to FAAM.AP.01b Corporate setting #1397)",No
FARx.DE.01.1335,"If the current date is equal to the Schedule Date of the alignment fill OR between [Schedule Date of alignment fill to (Schedule Date of the alignment fill + ReadyFill Lead time)] 

AND 
Rx is enrolled in ScriptSync, after credentials the system shall:
Induct the New Rx into workflow for the alignment fill (i.e. Fill Now) – Refer to DE.01.1327
Schedule the next fill of the prescription using the predetermined schedule date of the full fill
Days supply = 90
Quantity = Days Supply * Units used per Day
Scheduled fill reason = “ScriptSync”
Prescription Status = “Scheduled”

Note: Applicable only when the corp admin setting “Enable Script Sync 2.0” is set to ‘ON’ (Refer to FAAM.AP.01b Corporate setting #1397)",No
FARx.DE.01.1336,"If the current date is equal to or greater than (Schedule Date of the alignment fill + ReadyFill Lead time) 
AND 
Rx is enrolled in ScriptSync, the system shall:
Continue  to DE.01.1337 if Rx is a Non Prepack. 
Continue  to DE.01.1338 if Rx is a Prepack.

Note: Applicable only when the corp admin setting “Enable Script Sync 2.0” is set to ‘ON’ (Refer to FAAM.AP.01b Corporate setting #1397)",No
FARx.DE.01.1337,"If Non Prepack (Refer to DE.01.1328), after credentials continue as below: 
Induct the New Rx into workflow for the alignment fill (i.e. Fill Now) 
Schedule the next fill of the prescription as the full fill
Days supply = 90
Quantity = Days Supply * Units used per Day
Scheduled fill reason = “ScriptSync”
Prescription Status = “Scheduled”
Set the schedule date of the full fill as the later date of the following calculations:
[ScriptSync Date of the 90 Day Order– ReadyFill Lead time]
Current Date + [(100 – X)% * (Calculated Alignment Fill Quantity / Units Used Per Day)

Refer to FARx.SS.01 – Alternate Flow 4 for 30 Days Supply",No
FARx.DE.01.1338,"If Prepack and condition FARx.DE.01.1331 is met,  the system shall continue as per reqs mentioned in FARx.DE.01.1337

If Prepack and condition FARx.DE.01.1332 is met, after credentials the system shall continue as below: 
Induct the New Rx into workflow as Full fill (i.e. Fill Now) 
Remove the Alignment Fill associated with the Rx",No
FARx.DE.01.566,"Once the credentials are validated for an Immunization prescription (all the immunization eligibility criteria are met), the system shall:
Associate the information entered by the user on immunization information screens (FARx.IMM.04) at the prescription fill level.
Flag the prescription as ‘Immunization’.",No
FARx.DE.01.2346,"Once the credentials are validated for a prescription fill, the system shall flag a prescription as ‘DME’ when the below conditions are true:

DME Device and Supply Maintenance Master switch i set to'Enabled' for the store (Refer to Reg App option # 1803)
Drug NDC is on DME Device and Supplies list (Refer to FAAM.DME.02)",No
FARx.DE.01.2347,"Once the credentials are validated for a prescription fill, the system shall set ‘Medical Billing Indicator’ when the below conditions are true:

DME Device and Supply Maintenance Master switch i set to'Enabled' for the store (Refer to Reg App option # 1803)
Drug NDC is on DME Device and Supplies list (Refer to FAAM.DME.02)
Prescription-fill is billed with a Medical Plan (Refer to DE.01.31)",No
FARx.DE.01.459,"Once the credentials are validated for an ‘Specialty Connect Fill at Retail’ prescription fill, the system shall behave as follows:
Flag the prescription as ‘Specialty Connect’, if not already flagged
Flag the patient as ‘Specialty Connect’, if not already flagged
Set the fill source code to ‘Specialty Connect’ (Refer to RF Source Code.xls)
Continue processing from DE.01.460",No
FARx.DE.01.460,"On completion of ‘Specialty Connect Fill at retail’ prescription fill initiated via the Main Menu / Patient Profile, the system shall continue based upon the option selected on the Specialty Connect Inventory message (Refer to DE.01.458)
If the user selected ‘Yes’ system shall continue to DE.01.462
If the user selected ‘No’ system shall set the prescription-fill status to ‘Complete Out Of Stock’ and continue to DE.01.462",NO
FARx.DE.01.786,"On completion of New Rx initiated via the Action Queue, the system shall determine the ‘Enable store to perform prescriptive authority validations’ (Refer to Corp Root App Optin # 919 - FAAM.AP.01b)
If it is set to ‘No’, the system shall performthe Pre - PAE Prescriber (CSR / DEA/Sanctioned prescriber) checks mentioned in FARx.PAE.01 – Alternate Flow 1 if not performed previously.
If the prescription passes all the prescriber (including CSR) checks, the system shall continue thru next data entry check (DE.01.726)
If the prescription fails any of the prescriber checks (including CSR) , the system shall display the corresponding error message as mentioned in FARx.PAE.01 – Alternate Flow 1
If it is set to ‘Yes’, the system shall performs the PAE Prescriber Field Level checks mentioned in FARx.PAE.01 – Main Flow 
If the prescription passes all the prescriber checks, the system shall continue thru DE.01.726
If the prescription fails any of the prescriber checks , the system shall display the corresponding error message as mentioned in FARx.PAE.01 – Main Flow
Note: The system shall provide the prescriber search, selection and field level validation functionality continuing from DE.01.983 in for all of the pre-data entered Rxs",No
FARx.DE.01.726,"On completion of new Rx initiated via the Action Queue – Drive Thru Queue (QD), the system shall check if the corresponding Rx fill has passed all of the PAE – Prescriber Continue (including CSR) checks (FARx.PAE.02 – Main Flow) and Composite Checks (Refer to FARx.CSM.01) configured: 

If yes (the Prescription passes all the Prescriber (including CSR)  and Composite Checks), the system shall continue thru the next step (DE.01.341)
If no (the Prescription fails the Prescriber (including CSR) and Composite Checks), the system shall additionally validate to determine if the prescription failed ONLY Early Fill Checks 
If only Early Fill Checks fail, the system shall,  
Create a Triage Item populated as follows: 
Set Type = “Exception”
Set Detail = “Regulatory Checks”
Determine Triage time based upon configuration – Refer to FARx.TT.01
Determine Promised Date & Time based upon confiuration - Refer to FARx.TT.02
Set Induction date/time = system date/time
Continue thru the next step (DE.01.253)

If the prescription fails Prescriber (including CSR) checks (with or without the Composite checks), the system shall create an Auto Process Exception triage item as ‘Prescriber Validation Exception’ (refer to FARx.AG.01 – Alternate Flow 1)
This Item shall be displayed in the Triage Queue Only.
Determine Triage time based upon configuration – Refer to FARx.TT.01
Determine Promised Date & Time based upon confiuration - Refer to FARx.TT.02
Set Induction date/time = system date/time
Note: Specific ‘Auto-processing Exception Information’ shall be displayed on the Auto Process Error dialog based upon checks failure (e.g. Prescriber vs. Prescriber and Composite) – refer to FARx.QE.01 – Appendix A
If the prescription fails Composite checks ONLY, the system shall create an Auto Process Exception triage item as ‘Regulatory Exception’ (refer to FARx.AG.01 – Alternate Flow 1)
This Item shall be displayed in the Triage Queue Only.
Determine Triage time based upon configuration – Refer to FARx.TT.01
Determine Promised Date & Time based upon confiuration - Refer to FARx.TT.02
Set Induction date/time = system date/time",No
FARx.DE.01.800,"On completion of new Rx initiated via the Action ueue(s) - Other than Drive Thru Queue (e.g. from QT/QP/QV), the system shall check if the corresponding Rx fill has passed all of the PAE – Prescriber Continue (including CSR)  checks (FARx.PAE.02 – Main Flow) and Composite Checks (Refer to FARx.CSM.01) configured: 

If yes (the Prescription passes all the Prescriber (including CSR) and Composite Checks), the system shall continue thru the next step (DE.01.341)
If no (the Prescription fails the Prescriber (including CSR) and Composite Checks), the system shall additionally validate to determine if the prescription failed ONLY Early Fill Checks 
If only Early Fill Checks fail, the system shall,  
Create a Triage Item populated as follows: 
Set Type = “Exception”
Set Detail = “Regulatory Checks”
Determine Triage time based upon configuration – Refer to FARx.TT.01
Determine Promised Date & Time based upon confiuration - Refer to FARx.TT.02
Set Induction date/time = system date/time
Continue thru the next step (DE.01.253)
If the prescription fails any of the Prescriber (including CSR) and or Composite checks, the system shall display corresponding Prescriber / Regulatory exception dialog(s) as mentioned in FAx.DE.01 - Alternate Flow 10.",No
FARx.DE.01.341,"On completion of new Rx initiated via the Triage Queue, the system shall check if the third party(ies) associated to the corresponding Rx fill are configured: 
to display Hard Copy Checks (Refer to FATP.PA.02.30) 
or 
requires Days Supply Remaining to be captured based upon the promised time code/third party associated to the prescription 
or
requires diagnosis codes based on Third Party Pre-Edit Configuration (Refer to FATP.PRE.01)
If the following conditions are met, the system shall place the prescription fill into the Triage Queue with status: “Exception – Third Party Checks” (Refer to FARx.QT.05) upon successful validation of credentials: 
Third Party(ies) associated to the prescription fill are configured to display Hard Copy Codes
OR
a ‘D’ is associated to the Promised Time field of the prescription fill
AND 
Med B is associated to the prescription fill  
OR
Third Party(ies) associated to the prescription fill has Pre-Edit set for Diagnosis Code(s)
If the above conditions are not met, the system shall continue thru the next step (DE.01.252)",No
FARx.DE.01.461,"On completion of ‘Specialty Connect Fill at retail’ prescription fill initiated via the Triage Queue, the system shall continue based upon the option selected on the Specialty Connect Inventory message (Refer to DE.01.458)
If the user selected ‘Yes’ system shall continue with through DE.01.253
If the user selected ‘No’ system shall set the prescription-fill status to ‘Complete Out Of Stock’ and continue through DE.01.253",No
FARx.DE.01.252,"On completion of new Rx initiated via the Triage Queue OR new Rx initiated via the bundling workflow (Refer to Alt. flow 22) , the system shall check the state of the regulatory root application option “Enable Inventory Management Functionality” (Refer to FAAM.AP.01b regulatory root app option #876) master switch.
If the option is set to ‘No’, the system shall check if the inventory is sufficient to fill the non Specialty Connect Rx 
If the inventory is sufficient, the system shall continue thru the next step (DE.01.510)
If the inventory is not sufficient, and the Rx is not eligible for CRP workflow (Refer FARx.CRP.01) or if the Rx Fill (00) has been routed through CRP Workflow once already,  the system shall
Create a Triage Item populated as follows: 
Set Type = “Exception”
Set Detail = “Inventory Issue”
Determine Triage time based upon configuration – Refer to FARx.TT.01
Determine Promised Date & Time based upon confiuration - Refer to FARx.TT.02
Set Induction date/time = system date/time
Continue thru the next step (DE.01.253)
If the “Enable Inventory Management Functionality” master switch is set to “Yes” (Refer to FAAM.AP.01b regulatory root app option #876),.
The system shall not perform the inventory check and shall continue from FARx.DE.01.510.
When the prescription does not need to go to QV for NP Review, the system shall run the inventory check and behave as follows: 
When the inventory check is passed, continue from FARx.DE.01.510. 
When the inventory check is failed,
Check if the prescription is eligible for CRP workflow and continue as per note added below. 
If the prescription is NOT eligible for CRP Workflow, 
Check if Enable Resequence Out of Stock, Refer to FAAM.AP.01b – Corp Root #2021 OR Enable RxOptimizer Program, Refer to FAAM.AP.01b – Corp Root # 2020 is set to yes. 
If any one of the switches is set to ‘yes’, suppress the Exception – inventory Issue action queue item from being created and continue from FARx.DE.01.510. (Refer to FARx.QT.04 ) 
If none of the switches are set to yes, follow the same behavior as if the application option was set to ‘No’ as previously stated in this requirement. (that is, create an Exception – inventory Issue)

Note: If the Rx is eligible for CRP workflow, (Refer FARx.CRP.01), then the inventory issue triage item is not created. The system shall resume processing inventory check only if CRP workflow continues processing the original prescription (or target drug).

If the Non-CVS Sourced OTC configuration is set to “Enabled” (Refer to FAAM.AP.01b Corp Option # 1093) for the store, the Store in Store Type equals “Target” (Refer to FAAM.FM.01), and the drug is in the SIS OTC Inclusion List (Refer to FAAM.SIS.01), the system shall not perform the inventory check, and shall continue to FARx.DE.01.510",No
FARx.DE.01.510,"On completion of new Rx initiated via the Triage Queue, the system shall check whether REMS / iPLEDGE Authorization check needs to be performed based upon the conditions mentioned in DE.01.508 or 509
If No, the system shall continue thru the next step (DE.01.253)
If Yes, the system shall
Create a Triage Item populated as follows: 
Set Type = “Exception”
Set Detail = “REMS Auth Required”
Determine Triage time based upon configuration – Refer to FARx.TT.01
Determine Promised Date & Time based upon confiuration - Refer to FARx.TT.02
Set Induction date/time = system date/time
Continue thru the next step (DE.01.1226)",No
FARx.DE.01.1226,"On completion of a new Rx initiated from either Patient Profile or Triage Queue, the system shall perform ‘Mandatory unit of use’ eligibility checks (Refer to FARx.UOU.01) and behave as follows:
If the eligibility checks pass, the system shall 
Continue prescription processing as per DE.01.472
Take the user thru the next step as follows:
When data entry was initiated from patient profile, continue thru DE.01.567
When data entry was initiated from triage queue, continue thru DE.01.253
If the eligibility checks fail, the system shall
Create a Triage Item populated as follows: 
Set Type = “Exception”
Set Detail = “Dispensed Pkg. Error”
Determine Triage time based upon configuration – Refer to FARx.TT.01
Determine Promised Date & Time based upon confiuration - Refer to FARx.TT.02
Set Induction date/time = system date/time
Take the user thru the next step as follows:
When data entry was initiated from patient profile, continue thru DE.01.567
When data entry was initiated from triage queue, continue thru DE.01.253",No
FARx.DE.01.253,"If the new Rx data entry was completed after initiation via Triage Queue and that Rx is not eligible for Rx Bundling (Refer to DE.01.2348) , the system shall check the Triage Item Type thru which the user data entered new Rx

When the item type was “Unmatched Fax”, the system shall continue processing thru DE.01.254

When the item type was NOT “Unmatched Fax”, the system shall exit this flow.",No
FARx.DE.01.254,"System shall display a dialog on top of the blank ‘New Prescription’ data entry screen along with the associated fax image

Dialog shall be:
Titled as “Additional Rx – Same Fax”
Displayed with following message below the title:
“Does this fax image contain multiple prescriptions?”

The dialog shall have following navigation options:
Yes (Y) – Refer to DE.01.255
No (N) – Refer to DE.01.256",No
FARx.DE.01.255,"When user selects the “Yes” option, the system shall 
Close this dialog box displayed on screen

Update the ‘Number in Order’ field on new Rx as 
follows:

Number in Order has two parameters; one is the field value itself and other is the message on the screen associated with this field

X / Y is the Number in Order where X is the current Rx instance number and Y is the number of total Rx in this order as well as the Number in Ord
er value

The system shall incremen
t X by 1

If new value of X is > Y, system shall also incremen
t Y by 1

Pre-populate following fields using the data from previous Rx:
Prescriber
Rx Date Written
Rx Expires On
Number in Order

Set the focus on the “Drug” field on the data entry screen and shall continue data entry process (continue thru DE.01.06)",No
FARx.DE.01.256,"When the user selects “No” option, the system shall
Close this dialog box

Take the user back to the action queue from which this item was 
selected

Check the Number in Order field value and behave as 
follows:
If the Number in Order value is = “total number Rx(s) data entered in this order”, the system shall not change the Number in Order
If the Number in Order value is NOT = “total Rx(s) data entered in this order”, the system shall change the Number in Order value and shall make it equal to the total number of Rx(s) data entered in this order",No
FARx.DE.01.500,"System shall identify prescriptions for linking from the patient’s profile in the same store of the Rx being filled (Refer to FARx.LNK.02 Identify Linking Candidates)* only if Rx is not an immunization**.
If no linking match found, the system shall
Perform Script Sync matching ONLY if “Enable Script Sync 1.0” is set to ‘ON’ (Refer to FAAM.AP.01b Corp Root # 1000) AND “Enable Script Sync 2.0” is set to ‘OFF’ (Refer to FAAM.AP.01b Corporate setting #1397) for the corresponding store (Refer to DE.01.850)
Perform ReadyFill matching (Refer to DE.01.951)
Perform Proactive Rx request attribute matching (Refer to DE.01.952)
Continue to the next activity listed (Refer to DE.01.472)
If linking match found, upon processing and performing linking based upon user action, the system shall behave as follows:
If the user selects to place the Rx On-Hold based upon linking dialog, the system shall 
Set the linking attributes as mentioned in the FARx.LNK.02 
Continue the standard On-Hold  flow (Refer to Alternate Flow 1)
When ‘Enable Systematic Capture of On Hold Reason’ (Refer to FAAM.AP.01b Application Options Corporate Root # 2169) is set to ‘Yes’, then the system shall capture the On Hold reason for the Rx as “Proactive/Linked”.
If the user selects to continue filling the entered Rx, the system shall:
Set the linking attributes as mentioned in the FARx.LNK.02
Display the updated quantities in the corresponding fields on the Data Entry Screen, if the dispensed quantity and days supply have been systematically updated based on 90 Day logic defined in FARx.LNK.02 or FARx.ND.11.
Continue to the next activity listed (Refer to DE.01.472)
*When the Rx is already linked (e.g. while filling On-Hold), the system shall break the link and save the attributes mentioned in the FARx.LNK.02.171 if the Rx displayed/linked from the linking prompts is different than the active Rx (Link From Rx) that was previously linked.
** On Hold linking shall be disabled Immunization Rx.",No
FARx.DE.01.501,Moved the requirements to FARx.LNK.02,
FARx.DE.01.502,"Upon successful prompting and linking for the fill, if user changes the drug out of the GCNSEQNO or prescriber or any field resulting in Total Daily Dose change before credentialing, system shall behave as follows:
Remove the linking performed and the linking attributes captured.
Re-identify candidates for linking (Refer to FARx.DE.01.500, FARx.LNK.02 Identify Linking Candidates)",No
FARx.DE.01.850,"If prescription is NOT matched for linking (Refer to DE.01.500) and if the Master Switch for Script Sync is On for the corresponding store (Refer to FAAM.AP.01b Corp Root # 1000), just before credentialing for data entry completion of the New Rx, the system shall check if there are any non-fillable Prescriptions that match the Continuation of Therapy (with exception of fillability check) linking criteria (Refer to FARx.LNK.02) for this New Rx
If there is just one Rx matching the above criteria, the system shall carry forward the following to the Rx just processed from the matched Rx if the Rx just processed is NOT already enrolled in Script Sync
Rx Script Sync Enrollment Status
Rx ReadyFill Enrollment Status
Script Sync Rx Schedule Date (if available) 
If there are more than one Rxs matching the above criteria, the system shall consider the Rx with the Most recent fill date/time without a subsequent post Waiting Bin RTS activity as the matched Rx. The system shall then carry forward the following to the Rx just processed from the matched Rx if the Rx just processed is NOT already enrolled in Script Sync
Rx Script Sync Enrollment Status
Rx ReadyFill Enrollment Status
Script Sync Rx Schedule Date (if available) 
If there is no Rx matching the above criteria, the system shall check if there are any Prescriptions that match the Replacement of Therapy (with exception of Days Supply check) linking criteria (Refer to FARx.LNK.02) for this New Rx
If there is at least one Rx matching the above criteria, the system shall
Set the Rx Script Sync Status as “Never Asked” for the New Rx if it is not already set as “Enrolled”
Set the attribute for Script Sync POS Un-enrollment Program (Refer to FARx.POS.06) if the matched old Rx is enrolled in Script Sync
If there is no Rx matching the above criteria, the system shall not carry forward any Script Sync Rx or ReadyFill Rx attributes

Note: Applicable only when the corp admin setting “Enable Script Sync 2.0” is set to ‘OFF’ (Refer to FAAM.AP.01b Corporate setting #1397)",No
FARx.DE.01.951,"If the prescription is NOT matched for linking due to fillability failure (Refer to DE.01.500), just before credentialing for data entry completion of the New Rx, the system shall check if there are any non-fillable Prescriptions that match the COT/ROT (with exception of fillability check) linking criteria (Refer to FARx.LNK.02) for this New Rx
If there is just one Rx matching the above criteria, the system shall carry forward the following to the Rx (if available) just processed from the matched Rx
ReadyFill Enrollment status
Rx Schedule Date
ReadyFill Enrollment Date & Time 
ReadyFill Enrollment Credentials 
Employee ID
ReadyFill Enrollment Reason
ReadyFill Patient Confirmation Indicator – First Attempt
ReadyFill Patient Confirmation Indicator – Second Attempt
ReadyFill Patient Confirmation Value (Confirm/Reject)
ReadyFill Patient Confirmation Date & Time
If there are more than one Rxs matching the above criteria, the system shall consider the Rx with the Most recent fill date/time without a subsequent post Waiting Bin RTS activity as the matched Rx. The system shall then carry forward the following to the Rx just processed from the matched Rx
ReadyFill Enrollment status
Rx Schedule Date
ReadyFill Enrollment Date & Time 
ReadyFill Enrollment Credentials 
Employee ID
ReadyFill Enrollment Reason
ReadyFill Patient Confirmation Indicator – First Attempt
ReadyFill Patient Confirmation Indicator – Second Attempt
ReadyFill Patient Confirmation Value (Confirm/Reject)
ReadyFill Patient Confirmation Date & Time
If there is no Rx matching the above criteria, the system shall not carry forward any ReadyFill Rx attributes

If the prescription is found matched for linking (Refer to DE.01.500), but user decided to NOT link the New Rx, the system shall not carry forward any ReadyFill Rx attributes",No
FARx.DE.01.952,"If prescription is NOT matched for linking (Refer to DE.01.500), just before credentialing for data entry completion of the New Rx, the system shall check if there are any non-fillable Prescriptions that match the COT/ROT (with exception of fillability check) linking criteria (Refer to FARx.LNK.02) for this New Rx
If there is just one Rx matching the above criteria, continue to FARx.DE.01.950
If there are more than one Rxs matching the above criteria, the system shall consider the Rx with the Most recent fill date/time without a subsequent post Waiting Bin RTS activity as the matched Rx; continue to FARx.DE.01.950
If there is no Rx matching the above criteria, the system shall continue to the next activity listed (Refer to DE.01.472)",No
FARx.DE.01.1122,"Whenever the Readyfill attributes are carry forwarded from the matched/linked Rx 30 (with Days Supply is less than 84) Day Rx to the New Rx (with Days Supply is 84 or greater) being entered, the system shall change the ReadyFill flag to “Never asked” for the new Rx, if it was previously set to “declined” to the matched Rx.",No
FARx.DE.01.950,"If the Rx has a Proactive Rx Request Program Outcome Value of ‘Accept – Place On Hold’ (i.e. disposition outcome = Defer), the system shall immediately perform the following:
Display the following additional informational message 
Text: “This prescription will be placed on hold based on the patient’s selection for the Proactive Rx Request Program for [Original Rx Number]”
On selection of Continue (Enter), the system shall display the On Hold Data Entry screen (Refer to Alternat Flow 1 - FARx.DE.01.50)
From Continue from On Hold screen, if  ‘Enable Systematic Capture of On Hold Reason’ (Refer to FAAM.AP.01b Application Options Corporate Root # 2169) is set to ‘Yes’, the system shall capture the On Hold reason for the Rx as “Proactive/Linked”.

The system shall store the original/matching Rx number with the new Rx, under a new attribute: Associated From Rx Number

Note: We are NOT carry forwarding any attributes to the next fill, for Proactive Rx Request program, we just check to see if Rx needs to be placed On Hold based on POS Outcome Value of ‘Accept – Place On Hold’ (i.e. disposition outcome = Defer)",No
FARx.DE.01.1455,"Once credentials are validated, if the Corp Admin switch Enable 90 Day Patient Preference Program is set to Yes (Refer to FAAM.AP.01b Corp Root # 1597), the system shall initiate the 90 Day Conversion Message Center, as defined in FAAM.MSG.01 Appendix 1, for the New Rx that meets all the following conditions:
90 Day Patient Preference Status = Accepted
90 Day Rx Level Status = Accepted 
Days Supply is equal to or greater than 84",No
FARx.DE.01.1800,"AddRx Eligibility Checks
After hard copy scan the system shall execute AddRx Eligibility Checks ( Refer to FARx.ADR.01) when all of the following conditions are true, else proceed to DE.01.567:
The Rx Origin Code is ‘Written’ 
The Enable AddRx in RxC Offer Program corp admin option is set to “Yes” (Refer to FAAM.AP.01b – Regulatory (CONSOLIDATED) tab – item #1655)
AddRx Eligibility Has Not Been run for the systematic prompt for the current patient on the current date",No
FARx.DE.01.1801,"If no AddRx eligible prescriptions are found, proceed to DE.01.567.",
FARx.DE.01.1802,"If at least one eligible prescription is identified and none of the identified eligible prescriptions meet the criteria for the AddRx Filter View (refer to FARx.ADR.02.33), the system shall 
Update the AddRx Disposition to ‘Suppressed
Update Addrx Suppression Reason to ‘No Eligible Filter View Rxs’’
Capture the associated attribute (refer to FARx.ADR.03)
Continue to DE.01.567.

NOTE: exact dispositions subject to design decision.",No
FARx.DE.01.1803,"If at least one prescription is identified by AddRx Eligibility checks (refer to FARx.ADR.01) which meet the criteria for the AddRx Filter View (refer to FARx.ADR.02.33, the system shall display the AddRx screen per FARx.ADR.02.",No
FARx.DE.01.567,Removed Requirement for Displaying Immunization Opportunity,No
FARx.DE.01.1510,"For a Data Entry initiated for a prescription from the main menu or patient profile, once the credentials are captured and Rx Fill is deemed as Complete Out of Stock, the system shall perform as follows:
If the Enable Verification Disaggregation configuration (FAAM.AP.01b corporate root # 1529) is set to Yes, the system shall create a Data Entry Review Item. Refer to FARx.QU.01 and FARx.QA.01

If the Enable Verification Disaggregation configuration (FAAM.AP.01b corporate root # 1529) is set to No, the system shall set the prescription-fill status to ‘Complete Out Of Stock’",No
FARx.DE.01.2166,"Print Immunization Documents
If Rx is an Immunization and a Waiter with Administratio Type =""Walk In"", then the system shall 
Print the following documents. 
Immunization Intake form. (Refer FARx.IMM.05)
Vaccine Information Sheet PDF (Refer FAAM.IMM.01)
Display a message to the user when the immunization documents are printed. 
Upon selecting “Continue” from the message, the user is returned to the screen of origin.",No
FARx.DE.01.2167,"Set Professional Service Code for Immunization Rx
If Rx is for an Immunization Drug, then the system shall set the Professional Service Code as MA when following conditions are met:
Rx with Administratio Type =""Wal In"" or ""Off-ste Event""
Prescription is being billed to a third party plan (EXCLUDING Cash TP plan)
Professional Service Code on the Additional Information screen (FARx.DE.03) is blank

The above rule applies to primary as well as all other payers in the COB sequence, if available.",No
FARx.DE.01.2348,"Upon successful credentialing and completing hard copy scan*, the system shall perform Rx Bundling (Refer to FARx.BUN.01) 
When the outcome of Rx bundling determines that the data entered Rx is eligible to either start a bundle or extend an open bundle, the system shall display ‘Additional prescription bundling’ prompt on top of a blank ‘New Prescription’ screen along with the hard copy image carried over from the previous data entered Rx in the bundling workflow:
Text: Displayed based upon script prompt message configured against the NDC on data entered Rx on DME Devices and Supplies List (Refer to FAAM.DME.02) 
User actions:
Yes – Refer to DE.01.2349
No  – Refer to DE.01.2350
*Note: Hard copy scan step only apply to data entry initiated from patient profile.",No
FARx.DE.01.2349,"When the user selects ‘Yes’ on ‘Additional prescription bundling’ prompt, the system shall:
Close the prompt 
Initiate new prescription data entry of a bundling Rx (Refer to Alternate Flow 22)",No
FARx.DE.01.2350,"When the user selects ‘No’ on ‘Additional prescription bundling’ prompt, the system shall:
Close the prompt
Display ‘Complete Bundle Confirmation’ prompt to the user to ensure that all the necessary products listed in the hard copy have been data entered (Refer to DE.01.2351)",No
FARx.DE.01.2351,"The system shall display ‘Complete Bundle Confirmation’ prompt with following details:
Text
“Once you exit, this hard copy image will no longer display to enter additional prescriptions related to this bundle. Are you sure you have entered all of the items included on the hard copy?”
Navigation Options
Yes – Refer to DE.01.2352
No  – Refer to DE.01.2353",No
FARx.DE.01.2352,"When the user selects ‘Yes’ from the ‘Complete Bundle Confirmation’ prompt, the system shall:
Close this prompt 
Close any open bundle, if it started within this bundling workflow, without adding this Rx to the bundle.
Return the user to the prescription origination screen i.e. Patient profile or Triage queue.",No
FARx.DE.01.2353,"When the user selects ‘No’ from the ‘Complete Bundle Confirmation’ prompt, the system shall:
Close this prompt 
Initiate new prescription data entry of a bundling Rx (Refer to Alternate Flow 22)",No
FARx.DE.01.998,"When the user enable myQueue workflow and seamless N-Key Functionality in QTmyQueue)' to Yes refer to (FAAM.AP.01b) the system shall proceed as follows:
When none of the  conditions -FARx.DE.01.980 is true and any of the conditions in DE.01.976 is also  NOT true as per existing criteria AND System is in  Seamless N-key  flow from Triage Queue system should behave as per below 
1)If Enable Seamless N-Key Functionality in QTmyQueue)' to Yes , do not show the prompt for on hold verification(skip the prompt)
2)If Enable Seamless N-Key Functionality in QTmyQueue)' to No, show the prompt as per existing .",No
FARx.DE.01.3287,"When ‘Enable R60 Annualized COVID Enhancements’ Corp Admin Switch is ‘YES’ (refer to FAAM.AP.01b Corp option# 2233) the system the system shall send Values of Enable R60 Annualized COVID  Enhancements  to POS/Ironman
New values will be included in the attributes sent in the Corp Admin configuration feed to POS/Ironman 
System will check the “Immunization Maintenance” configurations maintained in below location
Administration > Workflow Administration> Application option > Corporate Root > Category: Immunization
The Configuration ‘Enable R60 Annualized COVID Enhancements’ can be set to YES or NO. The value of this configuration will be sent downstream to the POS and Ironman.",No
FARx.DE.01.3288,"System shall evaluate the following:
Corp Admi switch 'Enable R60 IMZ Enhncemnts is ""Yes"" (FARx.AP.01b Corp option # 2226)
Enable auto scheduling of Next Dose Appointment i se to ""Yes""
Rx Is for an immunization that is a multi-dose vaccineseries ('Total # DosesRequired' config for NDC is > 1) (Refer to FAAM.IMM.01.34)

When the conditions above are true the system shall check for any Future appointments that are already scheduled for the IMZ type and no appointments are present, the NextDoseinfo section shall be populated with below details:
minDays = <per Corp Admin confiuration - Refer to FAAM.IMM.01 >
maxDays = <per Corp Admin confiuration - Refer to FAAM.IMM.01 >
nextDoseNumber = <per FARx.DE.01>
vaccinationID = <Not populated>
upcomingAppointmentDateTime = <Not populated>
scheduleType = 1 – New Rx only
If the future appointment is in suspended status and:
Only one future appointment FARx.DE.01.3289
More than one future appointment FARx.DE.01.3292",
FARx.DE.01.3289,"When system checks for any Future appointments that are already scheduled for the IMZ type and the future appointment is in suspended status and there is only one future appointment, the system checks the dose number on the appointment to see if it matches the dose number the patient needs to schedule: 
If dose numbers match, then the system checks whether the scheduled appointment is outside of the minimal interval: 
If the future appointment date exceeds the minimum interval (i.e. the future appointment date is greater than the Fill Date (day 0) + Min Days between doses value for the NDC),
Then check NDC of future appointment:
If NDC matches the NDC of just administered IMZ Rx, maintain the NDC on the future appointment
If NDC does not match NDC of the just administered IMZ Rx,
Populate the NextDoseinfo section with details of the existing appointment as below
minDays = <Not Populate>
maxDays = <Not Populate>
nextDoseNumber = <Populate with dose number of the scheduled appointment>
vaccinationID = <Populate with the ID associated to the prescription>
upcomingAppointmentDateTime = <Populate with the Promised DateTime associated to the prescription>
scheduleType = 4 – No Action
If the future appointment date is less than the minimum interval (i.e. the future appointment date is less than the Fill Date (day 0) + Min Days between doses value), then populate NextDoseinfo section with details of the existing appointment as below
minDays = <Not Populate>
maxDays = <Not Populate>
nextDoseNumber = <Populate with dose number of the scheduled appointment>
vaccinationID = <Populate with the ID associated to the prescription>
upcomingAppointmentDateTime = <Populate with the Promised DateTime associated to the prescription>
scheduleType = 3 – Reschedule IMZ
If dose numbers do not match (i.e. the dose number of a future appointment does not match the dose trying to be scheduled) then
Populate NextDoseinfo section with details for setting up a new appointment as below
minDays = <per Corp Admin confiuration - Refer to FAAM.IMM.01 >
maxDays = <per Corp Admin confiuration - Refer to FAAM.IMM.01 >
nextDoseNumber = <per FARx.DE.01>
vaccinationID = <Do not populate>
upcomingAppointmentDateTime = <Do not populate>
scheduleType = 1 – New Rx only
Populate NextDoseinfo section with details of the existing appointment as below
minDays = <Not Populate>
maxDays = <Not Populate>
nextDoseNumber = <Populate with dose number of the scheduled appointment>
vaccinationID = <Populate with the ID associated to the prescription>
upcomingAppointmentDateTime = <Populate with the Promised DateTime associated to the prescription>
scheduleType = 2 – Cancel
Proceeded FARx.DE.01.3290",
FARx.DE.01.3290,"If NDC does not match NDC on the just administered IMZ Rx, then NDC on future appointment shall be updated with the NDC on the prescription being shared with Ironman for administration (backend edit will be performed to change the NDC)",
FARx.DE.01.3291,"When system checks for any Future appointments that are already scheduled for the IMZ type, the future appointment is in suspended status and if more than one future appointment exists, the system checks the dose number on each appointment to see if it matches the dose number the patient needs to schedule:
If only one future appointment exists, the system checks the dose number on the appointment to see if it matches the dose number the patient needs to schedule: 
If the future appointment date exceeds the minimum interval (i.e. the future appointment date is greater than the Fill Date (day 0) + Min Days between doses value for the NDC), then
Check NDC of future appointment:
If NDC matches the NDC of just administered IMZ Rx, maintain the NDC on the future appointment
If NDC does not match NDC of the just administered IMZ Rx,  
Populate the NextDoseinfo section with details of the existing appointment as below
minDays = <Not Populate>
maxDays = <Not Populate>
nextDoseNumber = < Populate with dose number of the scheduled appointment >
vaccinationID = ID associated to the prescription
upcomingAppointmentDateTime = <Populate with the Promised DateTime associated to the prescription>
scheduleType = 4 – No Action
For remaining Rx appointments, populate NextDoseinfo section for each Rx with details of the existing appointment as below
minDays = <Not Populate>
maxDays = <Not Populate>
nextDoseNumber = < Populate with dose number of the scheduled appointment >
vaccinationID = ID associated to the prescription
upcomingAppointmentDateTime = <Populate with the Promised DateTime associated to the prescription>
scheduleType = 2 – Cancel
If the future appointment date is less than the minimum interval (i.e. the future appointment date is less than the Fill Date (day 0) + Min Days between doses value) then, 
Populate NextDoseinfo section with details of the existing appointment as below
minDays = <per Corp Admin confiuration - Refer to FAAM.IMM.01 >
maxDays = <per Corp Admin confiuration - Refer to FAAM.IMM.01 >
nextDoseNumber = <Populate with dose number of the scheduled appointment>
vaccinationID = ID associated to the prescription
upcomingAppointmentDateTime = Promised DateTime associated to the prescription
scheduleType = 3 – Reschedule IMZ
For remaining Rx appointments, populate NextDoseinfo section for each Rx with details of the existing appointment as below
minDays = <Not Populate>
maxDays = <Not Populate>
nextDoseNumber = < Populate with dose number of the scheduled appointment >
vaccinationID = ID associated to the prescription
upcomingAppointmentDateTime = <Populate with the Promised DateTime associated to the prescription>
scheduleType = 2 – Cancel
If the dose number does not match any of the appointments OR the dose numbers matches on more than one appointment then the system (only one new Rx NextDoseInfo will be sent)
Populate NextDoseinfo section for new appointment as below: 
minDays = <per Corp Admin confiuration - Refer to FAAM.IMM.01 >
maxDays = <per Corp Admin confiuration - Refer to FAAM.IMM.01 >
nextDoseNumber = <per FARx.DE.01>
vaccinationID = <Not populated>
upcomingAppointmentDateTime = <Not populated>
scheduleType = 1 – New Rx only
Populate NextDoseinfo section for ALL existing appointments as below: 
minDays = <Not Populate>
maxDays = <Not Populate>
nextDoseNumber = < Populate with dose number of the scheduled appointment >
vaccinationID = ID associated to the prescription
upcomingAppointmentDateTime = <Populate with the Promised DateTime associated to the prescription>
scheduleType = 2 – Cancel
Proceeded FARx.DE.01.3292",
FARx.DE.01.3292,"If NDC on the next appointment for the same IMZ RX  does not match NDC on the just administered IMZ Rx, then NDC on future appointment shall be updated with the NDC on the prescription being shared with Ironman for administration (backend edit will be performed to change the NDC)",
FARx.DE.01.2855,"Identify Next Immunization Dose in RxConnect Backup flow
When user completes (credential or auto-credentials) from the Accuracy Scan screen (Refer to FARx.PD.04) and selects ‘NO’ to the uestion ""Use Ironman to complete immunization after veriication?"" on the Immunization Verification screen (Refer to FARx.PD.04.721)* for a Non-COVID Immunization Rx within a Non-Clinic and the following is true:
If the AppOption, 'Enable R60 IMZ Enhncements' i se to 'Yes' (Refer to FAAM.AP.01b Corp option # 2226) and
The AppOption, 'Enable Auto Scheduling of Next Dose Apointment' is Enabled/Checked for the IMZ Type value of Patient Initiated Resupply Questionnaire is set as Enabled (Refer to FAAM.AP.01b Regulatory Root #1829).
DME Resupply Questionnaire responses has not been provided for Rx fill.
Refer to Alternate Flow 29",
FARx.DE.01.3295,"Upon the completion of Data Entry, if ‘Manual Data Entry Completion Alert for Real Time Data Streaming’ configuration (Corp Admin App Option #2235, FAAM.AP.01b) AND Technica switch 'Enable Real-Time Data Streaming Waiting Bin Inormation' (Refer to FAAM.TC.01) is enabled, the system shall share real time data enter information with RxPersonalization (RxP) as per FARx.RTDS.12.",No
FARx.DE.01.462,Finish,
Post Condition,"The Rx status is updated depending on the path (exception / no exception taken) and the Rx can be viewed and processed further from the QV/QA/QP/QR/QI queue.
In case of successful the DUR is performed.
If the user chooses to Exit from the New RX screen, the Rx is not saved in the system.",
Screen Navigation,,
Alternate Flow 1,"Place Rx On Hold
An Rx may only be On Hold if it has no previous fill history.  Once an Rx has a fill record, the On Hold function will not be available. In other words, the ON HOLD function will only be available for the initial fill of an Rx.

The system shall not allow On Hold functionality available for cancelled items that already have an RX record
The system shall allow the script to be put on hold ONLY after the mandatory fields have been filled (Refer to FARx.DE.01.04).",
Sr. No.,Action,Offline
FARx.DE.01.141,"The system shall determine the method for the prescription be placed on hold and behave as indicated:
When the Rx is placed on-hold using the On-Hold function from the Prescriber Validation Exception(s) dialog (Refer to Alternate Flow 10), continue to FARx.DE.01.50
When the Rx is placed on-hold using the On-Hold function from the Help Desk Request / Rph Review detail screen (Refer to FARx.QR.25) – continue to FARx.DE.01.50
When the Rx is placed on-hold using the On-Hold function from the Regulatory Validations dialog (Refer to Alternate Flow 10), continue to FARx.DE.01.50
When the Rx is placed on-hold using the On-Hold function from the main menu or patient profile, continue to FARx.DE.01.50
When the Rx is placed on-hold using the On-Hold option from the data entry navigation line or Promised Time option, continue to FARx.DE.01.50
When the Rx is placed on-hold due to a future Do Not Fill Before date, 
the system shall:
Capture the On Hold Reason for the Rx as “Do Not Fill Before” only when the ‘Enable Systematic Capture of On Hold Reason’ (Refer to FAAM.AP.01b Application Options Corporate Root # 2169) is set to ‘Yes’.
Perform Credential processing 
 (Refer to FARx.DE.01.45 to 47)
Continue FARx.DE.01.143
When Transfer fill option for Fill 00 is selected and user continues from the Insufficient Quantity/OOS dialog (FARx.EAN.01), continue to FARx.DE.01.50",No
FARx.DE.01.2104,"If an Rx for CRP Workflow (Refer FARx.CRP.01), is placed on hold, then the Rx is not routed to CRP Workflow.",No
FARx.DE.01.2959,"When a New eRx is shared at Central Pharmacy and the Central Pharmacy user selects New eRx and selects On Hold navigation option, system shall display the On Hold Data Entry screen with the below modification:
System shall not display “Transfer In” option in the navigation options.",No
FARx.DE.01.1026,"When the Master Switch for the ‘Automatically Apply Credentials’ (Refer to FAAM.AP.01b,  Regulatory  App Option # 1672) is Enabled AND the credentials of the user logged into the workstation is valid.Then the system shall-
Automatically capture the credential for the user logged into the terminal(See point # 3 for all of the activity/credential data that needs to be captured

When any one of the condition mentioned in point # 1 is NOT true, the system 
Display the standard credentials prompt to capture the credentials. – See point # 3 for all of the activity/credential data that needs to be captured.
If the user provides the Invalid Credentials and continues from the standard credentials prompt, the system displays standard Invalid Credentials Message 
The user can hit exit from the standard credentials prompt which will take them back to the Transfer In Data Entry screen
The system continues to capture data for audit/credential activity format. (Refer to FAIN.DW.11 for activity/credential attributes)
 Checks for hardcopy scanning (from QV Transfer In processing) – Yes/No according to existing functionality (refer to FARx.TF.01, FARx.DE.01.48)
Continues to capture Competitor Transfer Prescription details (refer to FAIN.DW.41)
(Note:  The prescription will be pushed into the workflow as per existing functionality after performing all the data entry-continue processing (refer to FARx.DE.01)
Continue (Enter)
When selected, system shall continue to FARx.DE.01.50",
FARx.DE.01.2960,"When the New eRx is shared to Central Pharmacy and Central Pharmacy user selects New eRx and subsequently selects to put the prescription On Hold, then upon completing Enter On Hold system shall proceed as mentioned in FARx.ASVS.03.",No
FARx.DE.01.3200,"When “Biologic Master Batch Configuration” is set to ‘Enable’ (Refer to FAIN.DL.01) and a Biologic product has been data entered and selected in the Drug field on On Hold Prescription data entry screen when placing an Rx On Hold,then the system shall display On Hold data entry screen product information as mentioned above but with below additional biologic product details and verbiage:
System shall display Purple Book Code attribute in read only text to right of Drug field.
Value for field shall be the Purple Book Code abbreviation (Refer to FAAM.BP.01).
Note: System shall display this in place of Orange Book Code used for non-biologic product.",No
FARx.DE.01.50,"When the user selects to place the prescription “On Hold”, the system shall perform the following steps:
Perform DEA checks for C1 drugs as per DE.01.900
Determine if the ‘Enable store to perform prescriptive authority validations’ (Refer to Corp Root App Option # 919 – FAAM.AP.01b) option configuration and behave as follows
If it set to ‘Yes’, the system shall continue to perform the Supervising Prescriber association check to determine if a supervising prescriber is required (refer to FARx.PAE.01.9), however no other PAE validations shall be performed when placing an Rx On Hold.
Note 1: The system shall perform the Pre-PAE functionality – no change in the order of the check (Refer to FARx.PAE.01 – Alternate Flow 1)
Note 2: This supervising prescriber check shall be performed on the prescriber field when the user changes or reselects the prescriber.  This check is applicable to all the data entry screens (e.g. Edit, TI screens) when placing the Rx On Hold.
If it set to ‘No’, the system shall continue to perform the Supervising Prescriber Association check as per the existing functionality mentioned in the FARx.DE.01.29 
Note 1: The system shall perform the rest of the prescriber checks as per the Pre-PAE functionality (Refer to FARx.PAE.01 – Alternate Flow 1)
Determine if State Regulatory prompting is required 
(Refer to FARx.SRD.01A Capture State Regulatory Data and FARx.SRD.01B Capture State Regulatory Data)
Display Quality Alert Messages (Refer to FARx.DE.01.59)
Display Critical Event (Refer to FARx.DE.01.692)
When “Enable Call to RPHAI CHAD” is set to ‘Yes’ for the state/store (Refer to FAAM.AP.01b, Corp Root option # 2207), the system shall suppress the check nor display the Critical Event alerts.
Perform device settings checks (Refer to DE.01.2321)
If the prescription being  placed on-hold is due to 
Prescriber (including CSR) and or composite checks  (once the checks have been performed – e.g. from Prescriber and or Regulatory Exception dialogs / data entry screen / Help Desk Request detail FARx.DE.01 / FARx.QR.25), the system shall
NOT display the Linking screen
AND
NOT perform Linking 
Else, continue to step h below Composite checks failure (Refer to FARx.CSM.01)Inquiry, the system shall perform the following: 
NOT display the Linking screen
AND
NOT perform Linking 
For prescriptions placed On-Hold from the Regulatory Validations / Prescriber Validation Exception(s) dialog / Help Desk Request screen / Data Entry screen (once the prescriber (including CSR) checks with or without CSM checks have been performed and failed), determine if Action Note prompting is to be displayed (Refer to FAAM.EAN.01) and Refer to DE.01.725
Identify linking candidates via automated linking logic ((Refer to FARx.LNK.02) except when the following conditions are true: 
1. DME Device and Supply Maintenance Master switch is set to Enabled for the store (Refer to Reg App option # 1803)
2. Rx being place on hold has a drug whose NDC is on the DME Devices and Supplies List (Refer to FAAM.DME.02)
If any matched active Rx found system shall 
Link the matched Rx to the current Rx being placed on Hold 
Save the corresponding linking attributes mentioned in the FARx.LNK.02 
Execute 90 Day pediatric validations per FARx.DE.01.1950 – DE.01.1953 
Check if the linked to Rx has an 90 Day Rx Level Status (Refer to DE.01.1454) 
Continue with step k 
If no match found, system shall continue from the below step j for Manual Linking.
Prompt the user to perform the following Manual Linking functions – for Linking logic (Refer to FARx.LNK.01) except when the following conditions are true:
1. DME Device and Supply Maintenance Master switch is set to Enabled for the store (Refer to Reg App option # 1803)
2. Rx being place on hold has a drug whose NDC is on the DME Devices and Supplies List (Refer to FAAM.DME.02)

Link Rx for Therapy Replacement
Link Rx for Continuation of Therapy 
Continue Without Linking 
When the Prescriptions are linked via above manual linking logic, the system save the linking attributes as mentioned in the FARx.LNK.01
When the Prescriptions are linked via above manual linking logic, the system shall check if the linked to Rx has an 90 Day Rx Level Status (Refer to DE.01.1454)
Determine REMS / iPLEDGE Authorization Details (Refer to DE.01.511)
Display Immunization Prescription place on hold reason prompt (Refer to FARx.DE.01.2906)
Display a “On Hold Reason” prompt over the On Hold screen to the user to capture On Hold Reason (Refer to FARx.DE.01.3094) when any of the following condition is True:
“Enable Manual Capture of On Hold Reason” (Refer to FAAM.AP.01b Application Options Corporate Root # 2170) is set to ‘Yes’ and “Enable Systematic Capture of On Hold Reason” (Refer to FAAM.AP.01b Application Options Corporate Root # 2169) is set to ‘No’.
(OR)
“Enable Manual Capture of On Hold Reason” (Refer to FAAM.AP.01b Application Options Corporate Root # 2170) is set to ‘Yes’ and “Enable Systematic Capture of On Hold Reason” (Refer to FAAM.AP.01b Application Options Corporate Root # 2169) is set to ‘Yes’.
System is unable to systematically capture On Hold Reason.
Perform Credential processing 
 (Refer to FARx.DE.01.45 to 47)
Recalculate Rx Quantity Remaining (Refer to FARx.REC.01 Recalc Rx Quantity Remaining)  
Continue to FARx.DE.01.1284 ONLY if the prescription is placed On Hold and there is No link established**


** Note: Applicable only when the corp admin setting “Enable Script Sync 2.0” is set to ‘ON’ (Refer to FAAM.AP.01b Corporate setting #1397)",No
FARx.DE.01.3213,"When the user selected “Continue Without Linking”, the system shall systematically capture on Hold reason as Proactive/Linked and when the following conditions are true:
“Enable Systematic Capture of On Hold Reason” is set to Yes. (Refer to FAAM.AP.01b Corp Root # 2169)
The Rx is new fill = 00 
A user is performing data entry and user select to place an Rx On Hold from one of the following:
Manual New Rx
Manual Generate Rx
Data Entry New eRx
The system has prompted the user the following linking options when the user has successfully completed Data Entry of an Rx that has been placed On Hold (Refer to FARx.LNK.01.02)
Link Rx for Therapy Replacement
Link Rx for Continuation of Therapy
Continue Without Linking",No
FARx.DE.01.3214,"When the user selected “Continue Without Linking”, the system shall systematically capture on Hold reason as Proactive/Linked and when the following conditions are true:
“Enable Systematic Capture of On Hold Reason” is set to Yes. (Refer to FAAM.AP.01b Corp Root # 2169)
The Rx is new fill = 00 
A user is performing Manual Edit Rx and selects to place an Rx On Hold
The system has prompted the user the following linking options when the user has successfully completed Data Entry of an Rx that has been placed On Hold (Refer to FARx.LNK.01.02)
Link Rx for Therapy Replacement
Link Rx for Continuation of Therapy
Continue Without Linking",No
FARx.DE.01.3094,"On Hold Reason Prompt:
System shall display the below fields on the ‘On Hold Reason’ Prompt:
Reason For On Hold 
System shall provide an ability to user to select any of the below values:
Return To Stock
Refill Too Soon
Medication Not Covered
Plan Limitations Exceeded
Prior Authorization Required
Pharmacy Not Contracted
Prescriber Not Covered
Out Of Stock
Patient Requested
Proactive/Linked
Other
Comments
This shall be an Optional field. System shall allow the user to enter any additional comments if required for the On Hold.
This field shall allow the user to enter maximum of 200 characters.
System shall display the below Navigation options on the prompt:
Change Line (#) : System shall move the focus to the line number entered.
Continue (Enter) : On Selecting Continue, system shall perform as below:
If Reason For On Hold and Comments (If applicable) are entered, then 
System shall associate the attributes to the On Hold Rx.
System shall capture the credentials once the On Hold Reason is captured.
If the Reason For On Hold is not selected, then the system shall display a message to the user to indicate that On Hold reason is required.
System shall return the user to the On Hold Reason Prompt when continuing from the message.
Exit (X) : System shall return the user to the screen of origin.
Note: System shall display this Manually Prompt On Hold Reason Dialog When user selects continue from Alert Disposition dialog after selecting Action Required/Disposition as ‘Do Not Fill’ (Refer to FARx.QA.02.1240) and placing an Rx On Hold from the ‘Initial Fill – Do not fill disposition’ Question Dialog. (Refer to FARx.QA.02.1246)",No
FARx.DE.01.1950,"The system shall check if the Corp Admin switch “Enable 90 Day Pediatric Program” is set to “Yes”.
If the switch is set to “Yes”, the system shall proceed to check if the patient is a pet, as defined in DE.01.1951
Else proceed to check if linked to Rx has a 90 Day Rx level status, as defined in DE.01.1454",No
FARx.DE.01.1951,"The system shall check if the patient is a pet.
If the patient is a pet, the system shall continue to check if the linked to Rx has a 90 Day Rx level status, as defined in FARx.DE.01.1454
If the patient is not a pet, the system shall procced to determine patient’s age, as defined in FARx.DE.01.1952",No
FARx.DE.01.1952,"The system shall check if the patient is less than 18 years of age.
If the patient is greater than or equal to 18 years of age, the system shall continue to check if the linked to Rx has a 90 Day Rx level status, as defined in FARx.DE.01.1454
If the patient is less than 18 years of age, and the GCNSEQNO of the new Rx is present in the 90 day Pediatric GCNSEQNO Inclusion List, the system shall continue to check if the linked to Rx has a 90 Day Rx level status, as defined in FARx.DE.01.1454
If the patient is less than 18 years of age, and the GCNSEQNO of the new Rx is not present in the new Pediatric GCNSEQNO Inclusion list, proceed to FARx.DE.01.1953",No
FARx.DE.01.1953,"If the patient is less than 18 years of age and the GCNSEQNO of the Rx is not present in the 90 day Pediatric GCNSEQNO Inclusion List, the system shall perform the following:
The system shall not run 90 Day Auto Conversion Processing on the  Rx.
The system shall make no changes to the 90Day Rx level status of the Rx.
The system shall capture an indicator that the Rx Fill is ineligible for 90 Day and send it to RxDW as defined in xxx
If no match found, system shall continue with step I for Manual Linking per DE.01.50
 If match found, the system shall continue with step j for REMs/iPledge Authorization per DE.01.50.
When the drug fails the eligibility validation up above proceed to FARx.ND.22 for capturing ineligibility reasons",No
FARx.DE.01.1454,"The system shall check if the linked to Rx has an 90 Day Rx Level Status:
If a 90 Day Rx Level Status is found, the system shall 
Update the On Hold Rx with the same 90 Day Rx Level Status
If the 90 Rx Level Status is updated to any Accepted Value (Accepted, Accepted – High CoPay, Accepted – MD Not Approved, Accepted – TP Rejected, or Accepted – 90 Day Pending) and Enable 90 Day eSig Enhancements is set to Yes (Refer to FAAM.EE.01) the system shall set the 90 Day Rx Level eSig Indicator to Pending for the On Hold Rx.
Capture the required attributes as defined in FARx.ND.12
Continue with step j per DE.01.50.
If no 90 Day Rx Level Status is found, the system shall continue with step j per DE.01.50.",No
FARx.DE.01.725,"When any of the following action note type is set to prompt for Action note (FAAM.EAN.01)
On Hold – Prescriber Validation Exceptions
On Hold – Prescriber / Regulatory Validation Exceptions
On Hold – Regulatory Validation Exceptions
On Hold – Help Desk Request

For prescriptions placed On-Hold due to composite checks failure (Refer to FARx.CSM.01), determine if Action Note prompting is to be displayed (Refer to FAAM.EAN.01 – Flow 55) and Refer to DE.01.725
For prescriptions placed On-Hold due to Prescriber (including CSR) checks (Refer to FARx.PAE.02–- Main Flow) failure with or without Composite checks failure (Refer to FARx.CSM.01), determine if Action Note prompting is to be displayed (Refer to FARx.EAN.01 – Flow 60) – (once the prescriber (including CSR) and or Composite checks have been performed – e.g. from Prescriber and or Regulatory Exception dialogs / data entry screen FARx.DE.01)
For prescriptions placed On-Hold from the Help Desk Request screen (Refer to FARx.QR.25), determine if Action Note prompting is to be displayed (Refer to FARx.EAN.01 – Flow 63) – applicable for CSR exceptions as well

Once disposition is captured, return to perform the other checks mentioned in FARx.DE.01.50

When any of the following action note is set NOT to prompt for Action note
On Hold – Prescriber Validation Exceptions
On Hold – Prescriber / Regulatory Validation Exceptions
 On Hold – Regulatory Validation Exceptions
On Hold – Help Desk Request,
the system shall continue processing in the above requirementDE.01.50",No
FARx.DE.01.511,"System will determine whether the REMS or iPLEDGE attributes are currently associated with the prescription fill.
If No, system shall continue processing in the above requirement (DE.01.50)
If Yes, system shall continue processing from DE.01.512",No
FARx.DE.01.512,"The system shall determine if the store configuration is set to perform REMS Checks (Refer to Corp App option # 668), 

If store is set to ‘No’, the system shall continue processing in the above requirement (DE.01.50)
If store is set to ‘Yes’, the system shall display below message to the store user based upon the authorization associated with the prescription fill:

Title: REMS Message

Message: 
For iPLEDGE REMS Authorization
“Before placing this prescription on hold, the below iPLEDGE Authorization number must be reversed. Contact iPLEDGE at 1-866-495-0654 to request reversal.
Below are the associated iPLEDGE details:
Patient iPLEDGE ID: <iPLEDGE ID>
REMS Authorization Number: <REMS Authorization Number>
Do not dispense after date: <Date>
Enter/scan credentials upon completion of authorization reversal”

For other REMS Authorization
“Before placing this prescription on hold, the below REMS Authorization number must be reversed. Contact the applicable REMS Administrator to request reversal. Below are the associated authorization details:
REMS Authorization Number: <REMS Authorization Number>
Enter/scan credentials upon completion of authorization reversal”

Navigation Options:
Enter/Scan Credentials: Upon selection of this option from the message box, the system shall prompt the user for the credentials.
Upon entering valid credentials (Refer to FAAM.RD.01 & FAAM.RD.02), system shall continue processing in DE.01.50
Exit(X): Upon selection of this option from the message box, the system shall take the user back to the data entry screen with the cursor focus on the navigation Bar.",No
FARx.DE.01.143,"Once credentials (Auto-Applied or Manual) are validated as per FARx.DE.01.46, the system generates a new Rx number and associates it to the Rx. 
The RX number is valid for the original fill and all refills associated to the prescription (Refer to FARx.OH.01 Fill On-Hold Rx)",No
FARx.DE.01.503,"Moved the requirements to FARx.LNK.02 for saving linking attributes for automated linking
Moved the requirements to FARx.LNK.01 for saving linking attributes for Manual linking",
FARx.DE.01.2906,"Display Immunization Prescription Place On Hold Reason Prompt
If the conditions mentioned below ar true:
‘'Enable In-Store Workflow IMZ Enhncement’' option is setto “Yes’' (Refer to FAAM.AP.01b Corporate Root option #2154).
The immunization prescription is either In-Store prescriptions or Clinic prescriptions.
The immunization prescription is either COVID or non-COVID.
The source of the immunization prescription is either of the following with Rx Origin Code as 5:
Walk-In
Digital
IVR
POS
Pharmacy-GAP prompt 
AND
The user selects the option to put the immunization prescription On Hold, then the system shall displays an On Hold Reason prompt that includes list of reasons for placing immunization prescription On Hold:
The Title of the prompt shall be:
On Hold Reason 
The prompt shall allow selection of a reason for placing On Hold. 
The following selectable reasons for Placing On Hold are allowed:
Unresolved Third-party Rejection
Product Issue/Incorrect BOH
Patient Requested
Duplicate Appointment
Not Clinically Appropriate
Emergency/Critical Store Issue
Temporary store closure
Other
A free form text field for entering Comments (200 characters).
If reason ‘Other’ is selected then the text field is mandatory, otherwise text is optional.
Navigation Option:
Change Line (#)–- to navigate to fields within the prompt dialog.
Continue (Enter)–- System shall return to the originating screen to capture the selected reason and text and continue On Hold action.
Exit (X)–- System will return to the originating screen without capturing a reason, and user will not be able to continue On Hold action.
Continue to FARx.DE.01.2097",No
FARx.DE.01.2907,"Capture Reason for Placing an Immunization Prescription On Hold
When user selects one of the reasons for placing immunization prescription On Hold (Refer to FARx.DE.01.2906), then the system shall perform the following:
Captures the reason and text from the prompt.
System shall send notification with the reason and text.
To RxDW (Refer to FAIN.DW.171).
To Digital (if Vaccination ID exists) (Refer to FARx.DE.01.2908).
If the reason selected is ‘Unresolved Third-party Rejection’.
System shall include the TP Reject Code when sending to RxDW and Digital.
If there is no TP Reject code then notification shall supply null or blank.
Continue with On-Hold processing as per FARx.DE.01 Alt Flow 1.
Immunization information associated to the prescription shall be maintained when placed On-Hold.",No
FARx.DE.01.2908,"Sending the Reason for Placing IMZ Rx On Hold to Digital
When the IMZ Rx has been successfully placed On hold or Deleted (Refer to FARx.DEL.01),then the system shall sends a Realtime notification to Digital of the IMZ Rx being placed On Hold or Deleted (Refer to FAIN.RTL.106).",No
FARx.DE.01.145,"When entering a new prescription based upon an e-prescription and once credentials are validated and the system has generated a new Rx number, the system shall send e-prescription and prescription data to the RxDW (when the prescription originated from a new e-prescription (PPI) NewRx or RefRes).
(Refer to FARx.DE.01.108)",No
FARx.DE.01.146,"Once Credential Processing is completed (Refer to FARx.DE.01.45 to 47) successfully , the system shall prompt the user to scan the hard copy (Refer to FARx.DE.01.48–- 49).
Once the scan is complete the system shall then post the prescription to the patient’s record (RxProfile)

 - The Rx will then be On Hold and will NOT move forward past Data Entry to Pricing, Pre-Edits, DUR, TP Adjudication, Dispensing, etc.

The system shall retain, for the life of the prescription, the original hardcopy scanned image associated to the prescription for the On Hold transaction.",No
FARx.DE.01.147,"Once Credential Processing is completed (Refer to FARx.DE.01.45 to 47) successfully, the system shall save the prescription to the patient’s record (RxProfile) 
Set the status of prescription = 
“On Hold – Prescriber Exceptions” if the prescription is placed on-hold from the Prescriber Validation Exception dialog(s) (if Rx failed only Prescriber (including CSR) checks)–- (once the prescriber (including CSR) checks have been performed – e.g. from Prescriber and or Regulatory Exception dialogs / data entry screen FARx.DE.01)
“On Hold – Prescriber / Regulatory Exceptions” if the prescription is placed on-hold from the Regulatory Validations dialog (if Rx failed Prescriber (including CSR) and Regulatory checks)–- (once the prescriber (including CSR) and Composite checks have been performed – e.g. from Prescriber and or Regulatory Exception dialogs / data entry screen FARx.DE.01)
 “On Hold – Regulatory” if the prescription is placed on-hold from the Regulatory Validations dialog
For any other “On Hold” scenarios (includes placing Rx On Hold from Help Desk Request screen as well), the system shall continue to FARx.DE.01.975. 
Retain ALL prescription level data
NDC (Prescribed Drug)
DAW Code
Rx Origin Code
SIG
Prescribed Quantities
- Original Fill Quantity
- Refill Quantity
Refills prescribed (i.e. Number of Refills Allowed)
Dispensed Quantity
Days Supply
Prescriber
Prescription Written Date
Prescription Expiration Date
Drug Expiration Date
Do Not Fill Before Date
Specialty Connect Fill Code
Needs By Date
Retain the ‘Specialty Connect’ indicator, if previously set.
Retain ‘DME’ flag and/or ‘Medical Billing’ indicator, if previously set (Refer to DE.01.2346 and DE.01.2347)
Retain any bundling information associated with the prescription (Refer to FARx.BUN.01)
System shall consider the script as a Normal Rx for specialty prescriptions (remove the Specialty Rx tag) once it has been placed On Hold for the script that has field PAE–- Prescriber exceptions
Note: While filling this On Hold prescription, the script will be considered as the Specialty Rx again.
System shall clear the  SRD data values that are maintained at the prescription fill level 
(Note: EXCEPT after HCH – Verify Ready or Data Entry Review for a High Cost Hold Rx)
System shall NOT clear the  SRD data values that are maintained at the prescription level
System shall clear the iPLEDGE REMS or Other REMS attributes  that are maintained at the prescription fill level.
Note – When the Corp Option #668 – “Store performs the REMS Check” is set to No, if a prescription requires iPledge processing (authorization or reversal) this will be identified during the Adjudication Process by Relay Health and all necessary authorization attributes Risk Management Authorization (RMA) and Do Not Dispense Date (DNDA) or applicable iPledge messaging will be returned within the Adjudication Response message field and retained using the existing RMA/DNDA fields.
System shall NOT save any Immunization information, if entered by the user on immunization information screen (FARx.IMM.04) during prescription data entry. 
If the NDC selected is configured as an Immunization (refer to FAAM.IMM.01) AND the value of Share Immunization Dispositions to Orchestration Layer – Technical Switch (Refer to FAAM.AP.01b Regulatory Root #1762) is Yes at the Store level where the data entry is completed the system shall perform the processing in Alternate Flow 18.
System shall disassociate the Help Desk Ticket if the Rx is selected to be placed On Hold and to which the Help Desk Request is associated
Refer to FARx.QR.25 for ‘Remove the Help Desk History’ requirements
When Transfer fill option is selected, the system shall display the Patient Profile screen with the Transfer Out (CVS) dialog (Refer to FARx.TF.02)
System shall check if the corp admin configuration ‘Enable Technical Master Switch Numeric Waiting Bin’ is Enabled (refer to FAAM.AP.01b Corporate Root #1608) 
If yes, release the Waiting Bin Slot location/value, Refer to FARx.RWB.01
If no or there is no communication with WB engine, do not take any action for Numeric Waiting Bin
When the system has already captured the DME Resupply Questionnaire Responses (completed or partially completed) and the Rx is placed on hold, the system shall discard all captured DME Resupply Questionnaire dialog data at the Patient/fill level.
 System shall evaluate the master switch ‘‘Enable Display of the Comman Center’' (Refer to FAAM.AS01.315)“""Enable Display of Command Center Upon Selcting QT"" switch .
If both the switches are set to ‘Yes’, system shall Return to command center with the focus on respective QT/QV panel and cursor on QT/QV navigation bar. (Refer to FARx.CMC.01).
If any of the switches is set to ‘No’, then the system shall take the user back to the queue view.(Refer to FARx.QU.01, FARx.QT.01)
When the user has accessed option to place Rx On hold from work item such as ‘Help Desk Request’ from Check Fill Status’ Screen, the system shall return the user to CS view upon successful completing to place the Rx On Hold. Refer to FARx.CS.01",No
FARx.DE.01.975,"The system shall determine the ‘Require On Hold Data Entry Verification’ (Refer to Corp Root App Option # 1076–- FAAM.AP.01b) option configuration and behave as follows:
If set to ‘Yes’, the system shall:
Continue to FARx.DE.01.980 
If set to ‘No’, the system shall:
Set the prescription status = “On Hold”
Return to FARx.DE.01.147 and continue from point b.",No
FARx.DE.01.980,"When Data Entry Verification is required (DE.01.975 # 1), the system shall determine if  the prescription will be sent to Data Entry Verification 

When any of the below conditions are true the prescription will not be sent for On Hold Data Entry Verification and the system shall NOT display the new information message (refer to DE.01.977 # 1) that the prescription has been placed On Hold 
When a Batch RTS is initiated, and the prescription is selected to be Placed On Hold.
A 00 prescription is selected to be placed on hold and has one of the following pending requests:
Hard copy request
Diagnosis code request
Help Desk request
Prescriber Consult request 
The user selects to Edit a prescription which has achieved Waiting Bin status but does not change any data, and selects to place it On Hold.
A compound is selected to be placed On Hold.
When a prescription is placed On Hold with any one of the statuses listed below:
“On Hold” (specific to deletion from the Help Desk Request flow – action note or detail screen) 
“On Hold–- Regulatory” prescription (when Composite Checks failed) 
“On Hold – Prescriber Exceptions” prescription (when Prescriber (including CSR) Checks failed)
“On Hold – Prescriber / Regulatory Exceptions” (when both Composite and Prescriber (including CSR) Checks failed)

Note:  for above use existing messaging if messaging exists.  If no message exists, do not show a message.  
When none of the conditions above are true continue to DE.01.976",No
FARx.DE.01.976,"When data entry verification is required (DE.01.975) and none of the conditions in DE.01.980 are true, the system shall check if the prescription was tagged with a scheduled date

If any of the below conditions are true (the prescription was tagged with a scheduled date), the system shall continue to FARx.DE.01.978

the user selects to schedule a prescription for later fill (places On Hold) and the prescription has not already been DE verified
A Schedule Rx process was initiated from elsewhere within RxConnect

If any of the above conditions are NOT true (the prescription was NOT tagged with a scheduled date), the system shall continue to FARx.DE.01.979",No
FARx.DE.01.977,"The system shall display a message when the prescription is being processed by a user (not during autoprocessing) as follows: 
Message Title: “Message” 
Message text: 
For case when prescription is being inducted into QV for On Hold verification: “The prescription has been sent for On Hold Data Entry Verification ”
When the user continues from the message, the system shall close the message and return focus to the point of initiation.
Note: Refer to DE.01.998 for rules to display /not display this message",No
FARx.DE.01.978,"If any of the conditions in DE.01.976 are true (the prescription was tagged with a scheduled date), the system shall continue to:
Tag, at the prescription level, the script as “In Process” 
Maintain the scheduled date with the prescription 
Set the Promise date/time (Refer to FARx.DE.01.982)
The system shall set the status of the script depending on value present in Enable Verification Disaggregation configuration
When the Enable Verification Disaggregation configuration (Refer to FAAM.AP.01b – Corp Root 1529) is set to ‘No’, the system shall induct the script into QV with a status of “Verify Ready” (Refer to FARx.QA.01a)  
When the Enable Verification Disaggregation configuration (Refer to FAAM.AP.01b – Corp Root 1529) is set to ‘Yes’, the system shall induct the script into QV with a status of “Data Entry review” (Refer to FARx.QA.01)  The system shall not execute DEV and WAVE Bypass rules
Use message for when prescription is being inducted into QV for On Hold verification–- FARx.DE.01.977.
Waiting Bin Slot shall be released when a prescription is marked “On Hold Data Entry review” or “On Hold Verify Ready” 
System shall check if the corp admin configuration ‘Enable Technical Master Switch Numeric Waiting Bin’ is Enabled (refer to FAAM.AP.01b Corporate Root #1608) 
If yes, release the Waiting Bin Slot location/value, Refer to FARx.RWB.01
If no or there is no communication with WB engine, do not take any action for Numeric Waiting Bin.",No
FARx.DE.01.979,"If any of the conditions in DE.01.976 are NOT true (the prescription was NOT tagged with a scheduled date), the system shall continue to 
Tag, at the prescription level, the script as “In Process” 
Set the Promise date/time for QV processing (Refer to FARx.DE.01.982)
The system shall set the status of the script depending on value present in Enable Verification Disaggregation configuration
When the Enable Verification Disaggregation configuration (Refer to FAAM.AP.01b – Corp Root 1529) is set to ‘No’, the system shall induct the script into QV with a status of “Verify Ready” (Refer to FARx.QA.01a )
When the Enable Verification Disaggregation configuration (Refer to FAAM.AP.01b – Corp Root 1529) is set to ‘Yes’, the system shall induct the script into QV with a status of “Data Entry review” (Refer to FARx.QA.01). The system shall not execute DEV and WAVE Bypass rules

Use message for when prescription is being inducted into QV for On Hold verification–- FARx.DE.01.977.
Waiting Bin Slot shall be released when a prescription is marked “On Hold Data Entry review” or “On Hold Verify Ready” 
System shall check if the corp admin configuration ‘Enable Technical Master Switch Numeric Waiting Bin’ is Enabled (refer to FAAM.AP.01b Corporate Root #1608) 
If yes, release the Waiting Bin Slot location/value, Refer to FARx.RWB.01
If no or there is no communication with WB engine, do not take any action for Numeric Waiting Bin

Note: This requirement is also applicable when ‘Do not fill before date’ dialog is displayed.",No
FARx.DE.01.982,"The system shall calculate Promise Date/Time Calculation when Sending On Hold Rx to QV, as follows: 
When a prescription is being placed On Hold and is required to be inducted into QV for data entry verification, the system shall ensure that the promise date/time does not fall within one (1) hour before the Pharmacy Close time or one (1) hour after the pharmacy open time.
Initial Promise date/time = Current Local (system) Date/Time when the On Hold is being sent to QV Plus the corp admin setting value for Promise Date/Time 
If the initial promise date/time falls within 1 hour of the pharmacy close time, the system shall move the promise date/time to the next open pharmacy time period plus one hour.
If the initial promise date/time falls within 1 hour after the pharmacy open time, the system shall move the promise date/time to be pharmacy open time plus one hour.
If “Enable Scheduled MealBreak Time” (Refer to FAAM.AP.01b, Regulatory Root #1822) master switch is set to Yes, when all existing calculations have been executed, the final promised date and time will be set as per FARx.TT.02 Alternate Flow 2 (if applicable)",No
FARx.DE.01.2000,"When sending a prescription for On Hold Data Entry Verification, the system shall check the Master Switch for Enable Home/Facility Prescription Delivery for the corresponding store (refer to FAAM.AP.01b, Reg Root option 1713)
If set to Yes:
maintain the Rx Delivery–- Rx Preference
maintain the 00 Rx Delivery–- Fill Preference 
maintain the Discounted Delivery indicator
If set to No:
Set the Rx Delivery–- Rx Preference to null (no preference)
Set the Rx Delivery–- Fill Preference to null (no preference)
Set the Discounted Delivery indicator to null",No
FARx.DE.01.1284,"If the prescription is being placed On Hold is ScriptSync enrolled, If the ap option‘'Enable ScriptSync 3.’' (Refer to Corp Root App Option # 2117) is Enabled then Refer to FARx.DE.01.2850. Else the system shall perform as below and once complete, shall return to the initiation point :


If the prescription being placed On Hold is a Full Fill with a status prior to Waiting Bin
Not make any changes to  Prescription ScriptSync Status and ReadyFill Status 
Maintain ScriptSync attributes associated with the Prescription Fill
Check if Current date is greater than or equal to SyncDate
If Yes, system shall not recalculate the schedule date
If No (i.e. Current date is less than SyncDate), the system shall recalculate the Scheduled Next Fill Date as (Sync Date – ReadyFill Lead Time)

If the prescription being placed On Hold is a Full Fill with a status = Waiting Bin
Set the ScriptSync status = “Never Asked”
Not make any changes to  Prescription ReadyFill status
Perform checks mentioned in FARx.AF.19

	If the prescription being placed On Hold is an Alignment Fill with a Full Fill scheduled (including Refill Renewal Request), the system shall update as below (i.e. system shall consider to dispense the next fill as a Full Fill and not as an Alignment Fill):
Update the Scheduled date with the Full Fill schedule date
Update the Days Supply to the Full Fill Days Supply
Update the Quantity to the Full Fill Quantity
Not make any changes to  Prescription ScriptSync status and ReadyFill status
Maintain ScriptSync attributes associated with the Prescription Fill
Remove the Alignment Fill related attributes (i.e. system will no longer dispense Alignment Fill)


Otherwise, (i.e. the prescription being placed On Hold is NOT ScriptSync enrolled), the system shall return to the initiation poin.

When‘'Enable ScriptSync 3.’' (Refer to Corp Root App Option # 2117) is Enabled then system shall perform the below additional cheeks-

The Script Sync Rx shall be removed from the existing order and marked as ‘Pending Sync’
System shall perform existing last in order checks specified in FARx.AF.19
Note: Applicable only when the corp admin setting “Enable Script Sync 2.0” is set to ‘ON’ (Refer to FAAM.AP.01b Corporate setting #1397)",No
FARx.DE.01.119,"For CEE opportunity handling while creating an On Hold prescription, the system shall behave as follows: *
No real time request shall be sent to ‘‘Opportuniy Sourc’' (COE).
No CEE opportunity screen shall be displayed.
Open Action Item indicator on data entry shall be displayed if applicable. (refer to FARx.DE.01.116)
* These requirements shall not apply if the corporate root application option “Enable CEE” (Refer to FAAM.AP.01b – tab CORPORATE (Consolidated) – item # 261) is set to “Disabled” for the corresponding store",No
FARx.DE.01.1100,"System shall check if the Master Switch for RTS functionality “Enable/Disable Enhanced RTS Processes” is set to “On” (Refer to FAAM.AP.01b – Corp Root # 483)
If “On” and if the prescription being placed On Hold: 
Is NOT a ‘Specialty Connect Intake’ 
AND 
Has a Prescription fill status of either :
“Verify Ready” or 
Production Review or
“Active” or 
If the prescription fill was subsequently edited and all of the following occurred: 
Rx is being edited after having a previous status of “Verify Ready” or Active (not sold)
Rx being edited did not trigger an RTS (when it was previously edited in either VR or WB state) 
The current edit is to a non-RTS triggering field (refer to FARx.DEL.01, Appendix E) 
While editing the Rx, both of the above conditions in point a & b occurred

The system shall display the “Return to Stock Pill Image Verification” dialog – FARx.QA.01.162 (RTS Product Verification).

If NOT On, Generate the Return To Stock Label only if the prescription fill is already verified. (Refer FARx.RTS.01)
Excludes a never been filled prescription tagged as On Hold which has been data entry verified

The system will then prompt the user to Perform RTS Accuracy Scan
Refer to FAMA.RTS.06 Perform RTS Accuracy Scan",No
FARx.DE.01.1647,"When the Rx is placed On Hold and if the original prescription has an associated Proactive Rx Request Program Outcome value of ‘Accept – Place On Hold’ (i.e. disposition outcome = Defer), the system shall indicate to RxDW that the Rx was Placed On Hold",No
FARx.DE.01.2001,"When placing a prescription On Hold, where data entry verification is not required, the system shall check the Master Switch for Enable Home/Facility Prescription Delivery for the corresponding store (refer to FAAM.AP.01b, Reg Root option 1713).
If set to Yes:
maintain the Rx Delivery–- Rx Preference 
maintain the 00 Rx Delivery–- Fill Preference 
maintain the Discounted Delivery indicator
If set to No:
Set the Rx Delivery–- Rx Preference to null (no preference)
Set the Rx Delivery–- Fill Preference to null (no preference)
Set the Discounted Delivery indicator to null",No
FARx.DE.01.3260,"When the prescription has been either successfully Placed on Hold or sent to QV for On Hold Data Entry Verification (refer to FARx.DE.01.975), AND an RTS did not need to be performed (refer to DE.01.1100) AND the Rx and Rx Fill combination have an OOS indicator = “Yes”, the system shall reset the OOS indicator value to “N/A”.",No
FARx.DE.01.148,Finish,No
Post Condition,Rx put on hold,
Alternate Flow 2,Display DAW Validation Message (New Fill),
Sr. No.,Action,Offline
FARx.DE.01.2450,"The system shall display the DAW Invalid message with the below information when the product is on the DAW1 Brand Favorable Drug List:
Instructions to the user–- to indicate the DAW = 1 is not eligible on the script and ask the user to select one of the options below as applicable to proceed
Nav Options:
Additional Information: Upon selection, the system shall:
Close the new DAW Invalid message
Capture the Additional Information Disposition*
Display the Additional Information screen per the existing functionality (Refer to FARx.DE.03 for the details regarding the functionality on the Additional Information screen)
Prescriber Request: Upon selection, the system shall:
Close the new DAW Invalid message
Capture the Initiate Prescriber Request Disposition*
Display the Initiate Prescriber Request screen (refer to FARx.IPR.01)
Fill with DAW 0: Upon selection, the system shall:
Capture the Fill with DAW 0 Disposition*
Close the new DAW Invalid message
Display back the Data Entry/Edit Rx screen, applying DAW Default value of 0
Place the cursor focus on the Navigation bar of the Data Entry/Edit Rx screen
*Dispositions:
The system shall capture the disposition as soon as the navigation option is selected from the DAW Invalid message. 
The system shall capture this disposition at the script level and at the prompt level (Product is on the DAW1 Brand Favorable Drug List) along with the timestamp (in a standard date/time format). 
The system shall capture the disposition for each instance if the message appears multiple times on the data entry/Edit Rx screen. 
The disposition shall be stored in the system regardless of the ending workflow on this script (e.g. such as user is successfully complete the Data entry or create PR or goes in the other alternate path like sending the script-fill to RPh Review Exception (in case of Prescriber/Regulatory exception), etc.)",No
FARx.DE.01.2451,"The system shall display the DAW Invalid message with the below information when the product is NOT on the DAW1 Brand Favorable Drug List:
Instructions to the user–- to indicate the DAW = 1 is not eligible on the script and ask the user to select one of the options below as applicable to proceed
Nav Options:
Additional Information: Upon selection, the system shall:
Close the new Improper DAW 1 message
Capture the Additional Information Disposition*
Display the Additional Information screen per the existing functionality (Refer to FARx.DE.03 for the details regarding the functionality on the Additional Information screen)
Prescriber Request: Upon selection, the system shall:
Close the new DAW Invalid message
Capture the Initiate Prescriber Request Disposition*
Display the Initiate Prescriber Request screen (refer to FARx.IPR.01)
Fill with DAW 0: Upon selection, the system shall:
Capture the Fill with DAW 0 Disposition*
Close the new DAW Invalid message
Display back the Data Entry/Edit Rx screen, applying DAW Default value of 0
Place the cursor focus on the Navigation bar of the Data Entry/Edit Rx screen
*Dispositions:
The system shall capture the disposition as soon as the navigation option is selected from the DAW Invalid message. 
The system shall capture this disposition at the script level and at the prompt level (Product is NOT on the DAW1 Brand Favorable Drug List) along with the timestamp (in a standard date/time format). 
The system shall capture the disposition for each instance if the message appears multiple times on the data entry/Edit Rx screen. 
The disposition shall be stored in the system regardless of the ending workflow on this script (e.g. such as user is successfully complete the Data entry or create PR or goes in the other alternate path like sending the script-fill to RPh Review Exception (in case of Prescriber/Regulatory exception), etc.)",No
FARx.DE.01.72,"When eligible for challenge, the system shall display a dialog with the following challenge:
DAW CHALLENGE TEXT
Company policy mandates accurate DAW coding based upon the prescriber’s instructions. Please confirm DAW/DRUG combination against hardcopy. 

The user shall have the option to: “Scan/Enter Credentials to Accept the non-0 DAW” or “Accept the Non-0 DAW (A)”
IF the Master Switch for “Automatically Apply Credentials” (Refer to FAAM.AP.01b, Regulatory App Option# 1672) is enabled and Regulatory Switch for “Allow Automatic Credentialing for Phase 3 Credentials” (Refer to FAAM.AP.01b, Regulatory App Option# 1800) is set to Yes, then display “Accept the Non-0 DAW (A)” as navigation option.
When this option is selected, System shall automatically apply the credential of the user logged in to this credential point and proceed. (FARx.DE.01.73)
Else, system shall display “Scan/Enter Credentials Accept the non-0 DAW” as navigation option
When this option is selected, System shall prompt the user to enter/scan credentials and proceed. (FARx.DE.01.73)

  2) Select Generic (DAW 0) (Enter)",No
FARx.DE.01.3201,"When eligible the system shall display the DAW Confirmation dialog with following additional/changed Biologic product details and verbiage:
Title: DAW Confirm  
Text: “Company Policy mandates accurate DAW coding based upon the prescriber’s instructions. Please confirm DAW/DRUG combination against ardcopy”""
Nav Options:
Scan/Enter Credentials to Accept the non-0 DAW – Refer to FARx.DE.01.72
Select Interchangeable Biologic Product (DAW 0) (Enter)
View Hardcopy Image (VH) – If performing a Manual Refill scenario -  include this Nav option in ‘‘DAW halleng’' dialog ( Refer to FARx.DE.02.106).",No
FARx.DE.01.73,"When credentials are entered or scanned or auto-applied:
System shall validate the entered credentials (FAAM.RD.02)
Once valid credentials have been entered, the system shall:
1) set dispensed product = Written Product
2) increment the credential counter of the prescription when the DAW is not = 4 or 8
3) continue with next step of data entry (Rx Origin Code)",No
FARx.DE.01.74,"When the user chooses to “Select Generic”:
The system shall:
1) Set Rx DAW = 0
2) Continue with new fill process with the product check (continue thru FARx.DE.01.70)",No
Alternate Flow 3,Product has an Associated Adjudicated Cash Plan and the fill is a standard Cash Fill,
Sr. No.,Action,Offline
FARx.DE.01.175,"The system shall display the following Hard-stop error message:
“**** This medication requires an adjudication process for Cash prescriptions **** 

Please use TP Plan Number <#####> for Cash fills.  
Select “Third Party,” add the TP plan to the patient’s profile and override billing order to adjudicate this plan for Cash fills.” 
Where <#####> represents the Adjudicated Cash Plan associated to the product.
The system shall populate the Adjudicated Cash Plan associated to the product into the message.
The only option on the error dialog is enter.
Upon selecting enter, control will be returned to the Third Party field.

Note: The user will not be able to move past Data Entry until an adjudicated cash plan is selected or a product that does not  have an associated adjudicated cash plan is selected",No
FARx.DE.01.176,"*OFFLINE ONLY*
The system will block the filling of a product that requires the fill to be adjudicated.
The system shall display the following Hard-stop error message:
 “**** This medication cannot be filled while in Offline mode **** 
This medication may only be dispensed while the system is in Uptime and all validation checks can be performed.”",Yes
FARx.DE.01.177,"When the exception window is closed, the focus will return to the drug field.",Yes
Post Condition,The system clears the credential dialog and continue the new fill process,
Alternate Flow 4,‘New Prescription’ screen display when accessed from the Triage Queue,
Sr. No.,Action,Offline
FARx.DE.01.236,"System shall display the fields on New Prescription screen as follows:
Display the scanned prescription hardcopy image in a panel on the ‘LEFT’ side of this screen (Refer to DE.01.237)

Display data entry fields on the ‘RIGHT’ side of this screen (Refer to DE.01.238)",No
FARx.DE.01.237,"System shall display prescription hardcopy image, if it is available.
If the image is not available, the system shall display the following  message in the image placeholder:
“Please retrieve the hard copy from <location> and complete the data entry accordingly.
On completion of data entry, scan the retrieved hard copy.”
Where <location> = “Drive Thru” or “Verification” or “Queue Prescriber Contact” depending on where the particular item was pre data entered",No
FARx.DE.01.1224,Patient Alert Message check: The system shall perform ‘Patient Alert Message’ checks as per the requirements mentioned in DE.01.1223 to determine whether the message needs to be displayed or not.,No
FARx.DE.01.238,"The user shall have the ability to enter data into the following fields:
Drug*
DAW* (Refer to DE.01.10, DE.01.11)
Rx Origin Code* (Refer to DE.01.30)
SIG* – The SIG field’s count value info. shall display at the right end top of the SIG text box
Prescribed Quantity*
Refill Quantity*
Refills prescribed*
Dispensed Quantity*
Days Supply*
Prescriber*
Third Party (Refer to FATP.PP.01)
Rx Date Written* (Refer to DE.01.30)
Rx Expires On* (Refer to DE.01.68)
Number in order (Refer to DE.01.34)

*Denotes fields required when entering an On-Hold prescription (i.e. data entering a triage item whose Promised Time wa et as“""”"" during pre data entry at Drive Thru)

The remainder of fields will not be required and not prompted for during data entry of an On-Hold prescription.",No
FARx.DE.01.239,"The system shall automatically populate the following fields providing the user the ability to change the data once the mandatory fields have been entered

Rx Origin Code
System shall default the value based upon the manner in which the prescription was provided


DAW (default to zero)
Rx Date written (Refer to DE.01.30)
Rx Expires On (Refer to DE.01.68)
Third Party
Number in Order 
 This field is non editable
Rx Ready fill enrollment – Default to Never Asked
This field is non editable as it is not displayed on screen
Rx Script Sync enrollment – Default to Never Asked
This field is non editable as it is not displayed on screen",No
FARx.DE.01.240,System shall list all the patient’s active third parties between the ‘Third Party’ and the ‘Rx Date Written’ field when new Rx data entry is carried out via Triage Queue,No
FARx.DE.01.241,System shall set focus on the drug field.,No
FARx.DE.01.242,System shall display “Zoom Functions” block on right side of the navigation bar. Refer to FARx.ZM.01 Zoom Functions,No
FARx.DE.01.243,System shall continue to DE.01.116,No
Post Condition,System displays ‘New Prescription’ Screen,
Alternate Flow 5,Selection of ‘Order Summary’ Navigation Option,
Sr. No.,Action,Action
FARx.DE.01.247,"When navigation option “Order Summary” is selected, system shall display the “Order Summary” dialog.","When navigation option “Order Summary” is selected, system shall display the “Order Summary” dialog."
FARx.DE.01.248,"The ‘Order Summary’ dialog shall have fields to view and update Promised Date and Time. 
When the Corp Root#1203 is set to Enable and Corp Root#1204 is set to Enable-New, the system shall populate the non-editable text ‘Home Delivery’ next to Promise Time field
If the fill was enrolled in Home Delivery during pre-data entry (via entering D into Promise Time field) (Refer to FARx.DE.04), 
If the patient is enrolled in Home Delivery (Refer to FARx.PA.03), and
If the drug is not on the Home Delivery Restriction List (Refer to FAAM.HD.01)
If promised time is already populated, and the user selects the promise time field:
If the fill is flagged for Home Delivery, the system shall highlight the time portion of the field. 
If the user selects the back space, the system shall remove the highlighted time and shall disly the“""”"" in the promise time field. If the user selects the backspace again, the system shall remove the “D”, and shall display the home delivery un-enrollment message (Refer to FARx.DE.01.994)
If the user directly enters a new time without entering a “D” and without selecting the back space, and the patient is enrolled in Home Delivery, than the system shall remove the highlighted time and shall display the home delivery un-enrollment message (Refer to FARx.DE.01.994). If the patient is not enrolled in Home Delivery, no message will be displayed.

This dialog shall have following navigation options
Change Line (#)
Continue (Enter) – When user selects the continue option, the system shall
validate the entered value (Refer to DE.01.249)
save the changes (if any)
close this dialog
return the user back to the screen, from which the OS option was selected, with the focus on navigation bar","The ‘Order Summary’ dialog shall have fields to view and update Promised Date and Time. 
When the Corp Root#1203 is set to Enable and Corp Root#1204 is set to Enable-New, the system shall populate the non-editable text ‘Home Delivery’ next to Promise Time field
If the fill was enrolled in Home Delivery during pre-data entry (via entering D into Promise Time field) (Refer to FARx.DE.04), 
If the patient is enrolled in Home Delivery (Refer to FARx.PA.03), and
If the drug is not on the Home Delivery Restriction List (Refer to FAAM.HD.01)
If promised time is already populated, and the user selects the promise time field:
If the fill is flagged for Home Delivery, the system shall highlight the time portion of the field. 
If the user selects the back space, the system shall remove the highlighted time and shall disly the“""”"" in the promise time field. If the user selects the backspace again, the system shall remove the “D”, and shall display the home delivery un-enrollment message (Refer to FARx.DE.01.994)
If the user directly enters a new time without entering a “D” and without selecting the back space, and the patient is enrolled in Home Delivery, than the system shall remove the highlighted time and shall display the home delivery un-enrollment message (Refer to FARx.DE.01.994). If the patient is not enrolled in Home Delivery, no message will be displayed.

This dialog shall have following navigation options
Change Line (#)
Continue (Enter) – When user selects the continue option, the system shall
validate the entered value (Refer to DE.01.249)
save the changes (if any)
close this dialog
return the user back to the screen, from which the OS option was selected, with the focus on navigation bar"
FARx.DE.01.249,"When updating Promised Date / Time through the OS option, system shall have the following check: 

System shall check if patient is enrolled in DeliveRx service
When patient is enrolled in DeliveRx service and the prescription is eligible for DeliveRx (Refer to DE.01.630)  the system shall display the Promised Time and Date pursuant to requirements listed in FARx.DE.01.633.

System shall allow the user to edit item’s Promise Date / Time forward (i.e. sooner than existing promised date/time) but not further out
System shall validate the patient delivery preference as described in FARx.DE.01.338
In case the value is not correct, the system shall give standard error messaging
If user attempts to remove the pre-populated ‘D’ from Promise Time field the system shall display following pop up
Title: Un-Enrollment
Message: This patient/fill is enrolled in Home Delivery. Are you sure this fill should not be delivered?
Navigation Options: 
Yes (Y): System shall prompt for credentials. Once valid tech/pharmacist credentials are entered the system shall:
Close the pop-up message
Remove the D in Promised Time
Un-enroll the fill in Home Delivery
Remove “Home Delivery” field next to Promised Time
No (N): System shall:
Close the pop-up message
Keep the D in Promised Time
Allow a user to enter a D in Promised Time if patient is not enrolled in Home Delivery. The system shall perform all of the validations in DE.01.991 except for the check that the patient is actively enrolled in the Home Delivery program.
If the validation passes, the system shall perform the steps in DE.01.992
If the validation fails, the system shall not allow user to enter a D in Promised Time field
If the validation fails because the drug for the prescription is on the Home Delivery Restriction List, the system shall perform the steps in DE.01.993","When updating Promised Date / Time through the OS option, system shall have the following check: 

System shall check if patient is enrolled in DeliveRx service
When patient is enrolled in DeliveRx service and the prescription is eligible for DeliveRx (Refer to DE.01.630)  the system shall display the Promised Time and Date pursuant to requirements listed in FARx.DE.01.633.

System shall allow the user to edit item’s Promise Date / Time forward (i.e. sooner than existing promised date/time) but not further out
System shall validate the patient delivery preference as described in FARx.DE.01.338
In case the value is not correct, the system shall give standard error messaging
If user attempts to remove the pre-populated ‘D’ from Promise Time field the system shall display following pop up
Title: Un-Enrollment
Message: This patient/fill is enrolled in Home Delivery. Are you sure this fill should not be delivered?
Navigation Options: 
Yes (Y): System shall prompt for credentials. Once valid tech/pharmacist credentials are entered the system shall:
Close the pop-up message
Remove the D in Promised Time
Un-enroll the fill in Home Delivery
Remove “Home Delivery” field next to Promised Time
No (N): System shall:
Close the pop-up message
Keep the D in Promised Time
Allow a user to enter a D in Promised Time if patient is not enrolled in Home Delivery. The system shall perform all of the validations in DE.01.991 except for the check that the patient is actively enrolled in the Home Delivery program.
If the validation passes, the system shall perform the steps in DE.01.992
If the validation fails, the system shall not allow user to enter a D in Promised Time field
If the validation fails because the drug for the prescription is on the Home Delivery Restriction List, the system shall perform the steps in DE.01.993"
Post Condition,Post Condition,Action taken from “Order Summary” dialog
Alternate Flow 6,"‘Process Hard Copy Request’ from Hard Copy Request item
OR ‘Process Diagnosis Code Request’ for Diagnosis Code Request item",
Sr. No.,Action,Offline
FARx.DE.01.359,"This flow enters when the user selects: 
“Process Hard Copy Request” from Hard Copy Request Detail View (Refer to FARx.QR.17 Alternate Flow 1) for a request created via Hard Copy Checks or via Pre-Edit for Diagnosis Codes
OR
“Process Diagnosis Code Request” from Diagnosis Code Request Detail View (Refer to FARx.QR.22 Alternate Flow 4) for a request created via Pre-Edit for Diagnosis Codes",No
FARx.DE.01.368,"System shall display the fields on New Prescription screen as follows:
Display the scanned prescription hardcopy image in a panel on the ‘LEFT’ side of this screen (Refer to DE.01.237)
Display data entry fields on the ‘RIGHT’ side of this screen (Refer to DE.01.238)
To retain the original hard copy image, refer to FARx.DE.01.2904",No
FARx.DE.01.2904,"Retain Original Written Hard Copy Image of Rx

When the following are true: 
Corp Roo # 2293 ""Enable Enhanced IMZ Scheduling Functionality Phas 1) is ""Yes""
Immunization is from a written prescription

Then, 

The system shall provide the ability to scan the original hard copy per existing logic (FARx.DE.01.48) after IMZ appointment is confirmed and credentials are entered
The system shall keep the original hard copy image when 
Prescription is NOT dispense only:
A patient has missed their appointment or appointment date is past due and Immunization Workflow Batch picks up the appointment
Also retain the Origin Code
The system sends the new Rx number along with the Image ID information to RxDW when the Rx is a written prescription and reschedule. (See #3 below)
If the system is unable to process systematically and the user takes an action on the missed appointment, QT item gets created (See #2 below)
The user has scheduled an immunization appointment in their store through data entry and the Suspended Batch inducts the Rx into the workflow from suspended status
If the system is unable to process systematically, QT item gets created (See #2 below)
Patient has arrived for their appointment and the user is checking in a future appointment from Patient Profile
If the system is unable to process systematically, QT item gets created (FARx.DE.01.2904)
Dsplay ""S"" Schedule Navigation option on the DE screen
The immunization is from a written prescription and the systematic suspended batch process fails and creates an auto process QT item.
The system creates a new Rx when rescheduling an appointment (refer to FARx.IMM.20 Alt Flow 2), RxC shall send the new Rx number along with the Image ID information to RxDW",
FARx.DE.01.1225,Patient Alert Message check: The system shall perform ‘Patient Alert Message’ checks as per the requirements mentioned in DE.01.1223 to determine whether the message needs to be displayed or not.,No
FARx.DE.01.360,"The system shall display the New Prescription screen behaving as follows:

Standard Patient Header (Refer to FARx.PA.01.18)

The system shall pre-populate the following information from the original prescription information entered during initial data entry from which the Hard Copy request or the Diagnosis Code Request was created as follows:

Drug 
DAW 
SIG 
Prescribed Quantity 
Refill Quantity
Dispensed Quantity
Days Supply 
Prescriber

The system shall also calculate the following information as indicated:
Rx Ready fill Enrollment = Default to Never Asked
This field is non editable as it is not displayed on screen
Rx Script Sync Enrollment = Default to Never Asked
This field is non editable as it is not displayed on screen
Promised Date & Time – This value shall be autopopulated based on the promised date & time value associated with that request
This is viewable and editable via ‘OS’ option in the navigation bar
Number in Order
This field be defaulted to ‘1’

The system shall also populate the following information as it would for any new prescription (FARx.DE.01):
Rx Date Written = Today’s date.
Rx Expires On  
Third Party (from the selected patient’s profile)

The system shall set the Rx Origin Code to blank.",No
FARx.DE.01.361,"The system shall display the space for the new Hard Copy on the left side of the New Prescription Data Entry screen:
System shall display the Hard Copy Image when available
System shall display the following message on the screen when the Hard Copy Image is not available:
“Scan the New Hard Copy after completion of Data Entry”
The above message shall be displayed in RED and Bold.",No
FARx.DE.01.362,The system shall set the focus in the Origin Code field of the New Prescription screen unless there is an exception with any of the previous Data Entry fields.,No
FARx.DE.01.363,"User shall have the ability to update any/all of the pre-populated fields.
If the drug is changed, the system shall re-calculate the drug’s DEA schedule. (Refer to the Main Flow in FARx.DEA.01). 
If calculated as a CI  refer FARx.DE.01.900.",No
FARx.DE.01.364,The system shall follow the prescription fulfillment as per the new Rx fill process (Refer to FARx.DE.01.43),No
FARx.DE.01.365,"Upon successful credentials automatically applied (when the Master Switch for the ‘Automatically Apply Credentials’ (Refer to FAAM.AP.01b,  Regulatory  App Option # 1672) is Enabled and Regulatory Switch ‘Allow Automatic Credentialing for Delete Prescription/fill’ (Refer to FAAM.AP.01b,  Regulatory  App Option # 1801) is set to Yes) or manually applied on the new prescription screen, the system shall delete the original prescription and remove its associated Hard Copy Request or Diagnosis Code Request (based on FARx.DE.01.359) from the configured queue after the new prescription is created.",No
Post Condition,New Prescription is created,
Alternate Flow 7,Med B Third Party Association Checks,
Sr. No.,Action,Offline
FARx.DE.01.350,"The system shall determine if the following conditions are met:
The drug associated to the prescription is a Medicare B eligible drug (i.e. Drug is on the list of GCN Seq No. on Medicare B Inclusion list at the Global Level (Refer to FATP.GS.01.05))
An Active Medicare B plan is in the patient profile (Refer to FATP.PA.04.10)

If BOTH of the above conditions are met, the system shall continue with Med B Third Party associated checks as described in FARx.DE.01.351.

If one or both of the above conditions are NOT met, the system shall continue with prescription processing (Refer to FARx.DE.01.472)",No
FARx.DE.01.351,"The system shall determine if a Medicare B plan is associated to the prescription-fill.
If yes, the system shall continue with prescription processing (Refer to FARx.DE.01.472)
If no, the system shall continue from FARx.DE.01.358)
(e.g. a COB override was performed and the Medicare B plan was removed from the prescription-fill at any point during the data entry),",No
FARx.DE.01.358,"The system shall determine if the Refusal to Request Payment form is configured to be printed (Refer to Corp Admin # 443)
If no, the system shall continue with prescription processing (Refer to FARx.DE.01.472)
If yes, the system shall determine where the data entry of the prescription was initiated:
If the data entry was initiated via Main Menu/Patient Profile system shall continue from FARx.DE.01.352 
If the data entry was initiated via the Triage Queue system shall continue from FARx.DE.01.356",No
FARx.DE.01.352,"The system shall display the following prompt:
Title: Signature Required
Message: 
Bill Medicare B or Obtain Signature on “Refusal to Request Payment” form.
Navigation Options:
Print After Credentials (P) (Refer to FARx.DE.01.353)
Print with Label at Production (Space) ©fer to FARx.DE.01.354)
Change Third Party) (Refer to FARx.DE.01.355)",No
FARx.DE.01.353,"Print After Credentials (P)
When this option is selected, the system shall continue as follows:
Close the Signature Required prompt
Take the focus back to the navigation bar
Continue with prescription processing (Refer to FARx.DE.01.472)
The “Refusal to Request Payment” form shall be printed after the final credentials on the data entry screen are entered (Refer to FARx.PRT.01 Alternate Flow 3), given that the Medicare B plan is does NOT become associated with the prescription-fill.",No
FARx.DE.01.354,"Print with Label at Production (Space)
When this option is selected, the system shall continue as follows:
Close the Signature Required prompt
Take the focus back to the navigation bar
Continue with prescription processing (Refer to FARx.DE.01.472)
The “Refusal to Request Payment” form shall be printed as follows:
If the fill is a Normal or a Partial fill, form shall be printed with the integrated label during production (Refer to FARx.PRT.01 Alternate Flow 3) of that specific fill, given that the Medicare B plan does NOT become associated with the prescription-fill.
If the fill is a Complete Out Of Stock fill, form shall be printed with the integrated label during production (Refer to FARx.PRT.01 Alternate Flow 3) of its next partial or completion fill (whichever occurs first), given that the Medicare B plan does NOT become associated with the prescription.",No
FARx.DE.01.355,"Change ThiParty (C)
When this option is selected to override the system identified existing sequence, system shall follow the existing requirements for Override COB Billing Sequence (Refer to FATP.CS.01 Alternate Flow 4)
Upon selecting to Continue from the navigation bar of the Data Entry screen, system shall behave as follows:
If a Medicare B plan gets associated to the prescription fill, system shall continue with prescription processing (Refer to FARx.DE.01.472)
If a Medicare B plan is NOT associated to the prescription fill, system shall again display the Signature Required prompt (Refer to FARx.DE.01.352).",No
FARx.DE.01.356,"When the data entry of the prescription is initiated via Triage Queue, system shall continue with prescription processing (Refer to FARx.DE.01.472)
The “Refusal to Request Payment” form shall be printed as follows:
If the fill is a Normal or a Partial fill, form shall be printed with the integrated label during production (Refer to FARx.PRT.01 Alternate Flow 3) of that specific fill, given that the Medicare B plan is does NOT become associated with the prescription-fill.
If the fill is a Complete Out Of Stock fill, form shall be printed with the integrated label during production (Refer to FARx.PRT.01 Alternate Flow 3) of its next partial or completion fill (whichever occurs first), given that the Medicare B plan is does NOT become associated with the prescription-fill.",No
FARx.DE.01.463,Finish,
Post Condition,System performs Med B Third Party Association Checks,
Alternate Flow 8,Selection of ‘Force COOS’ Navigation Option,
Sr. No.,Action,Offline
FARx.DE.01.634,"When navigation option “Force COOS” is selected, system shall display the “Specialty Connect Inventory Received” dialog.",No
FARx.DE.01.635,"The ‘Specialty Connect Inventory Received’ dialog shall be displayed with following information. 

TITLE: Specialty Connect Inventory Received
Message: 
“Is the Specialty Connect drug product available for prescription dispensing?”
Navigation Options: Yes (Y), No (N) (Refer to DE.01.636)",No
FARx.DE.01.636,"Upon selecting any of the above option, system shall: 

Close the ‘Specialty Connect Inventory Received’
Capture the disposition and associate it with the prescription fill
Override this disposition value with any previously associated value, if both are different.
Place the cursor focus back on the navigation bar.",No
FARx.DE.01.639,"When the following conditions are met:
Upon selecting the following navigation option from the data entry new Rx screen:
Force Partial> Not enough to fill > Complete OOS 
Insufficient quantity/OOS dialog shall be displayed
If the current pharmacy time is Sunday thru Thursday, auto populate Promised Date and Time For Rx as per FARx.PF.01.500
If the current pharmacy time is Friday thru Saturday, auto populate Promised Date and Time For Rx as per FARx.PF.01.501",
FARx.DE.01.637,Finish,
Post Condition,Action taken from “Specialty Connect Inventory Received” dialog,
Alternate Flow 9,Quality Alert,
Sr. No.,Action,Offline
FARx.DE.01.694,"For the NDC being selected from “Generic Substitution List” OR “Brand List” dialog, the system shall identify all the product messages to be displayed during Drug Selection workflow step which are defined at the NDC level and all the inherited product messages from other sources (GCNSEQNO, HICL, HICSEQNO).",Yes
FARx.DE.01.695,"If there are no product messages identified to be displayed, the system shall not display Product Messages.",Yes
FARx.DE.01.696,"If at-least one product message is identified to be displayed, the system shall determine if it needs to be displayed as Hard Stop or Soft Stop.",Yes
FARx.DE.01.697,"If none of the Drug Selection Hard Stop checkbox (at NDC level and all other associated levels) is set as checked, the system shall display the messages as Soft Stop.",Yes
FARx.DE.01.698,"If at-least one of the Drug Selection Hard Stop checkbox (at NDC level and any other associated levels) is set as checked, the system shall display the messages as Hard Stop.",Yes
FARx.DE.01.699,The system shall display “Quality Alert” message box on the “Generic Substitution List” OR “Brand List” dialog.,Yes
FARx.DE.01.700,The Product Message text shall be displayed in the RED.,Yes
FARx.DE.01.701,The “Quality Alert” message box shall be outlined with RED border.,Yes
FARx.DE.01.702,The product messages should display as per the “Priority” assigned to each message by the Administrator user. Priority “1” on the top and Priority “4” at the bottom.,Yes
FARx.DE.01.703,"If to be displayed as Soft Stop
The system shall provide following navigation options on the “Quality Alert” dialo
Continue (C) – Selecting this option the system shall close the “Quality Alert” message box and shall continue procesg.
Reselect (R) – Selecting this option the system shall close the “Quality Alert” message box and the pharmacy staff members shall navigate back to the “Generic Substitution List” OR “Brand List” dialog.",Yes
FARx.DE.01.704,"If to be displayed as Hard Stop
The system shall provide following navigation options on the “Quality Alert” dialog:
Enter / Scan Crntial
Reselect (R)",Yes
FARx.DE.01.705,"Enter / Scan Credentials
The pharmacy staff members shall be able to scan the credentials or enter credentials to continue. 
Once credentials are validated (Refer to FAAM.RD.02), 
the system shall close the “Quality Alert” message box and shall continue processing.
The system shall capture and retain credentials for this action. The system shall maintain the workflow step at which the credentials were captured.",Yes
FARx.DE.01.706,"If invalid credentials are entered
The product message shall disappear and an error message shall display indicating that incorrect credentials were entered.
The pharmacy staff members shall acknowledge the error message (presses Enter)
The error message shall disappear and the product message shall re-display requesting credentials to be entered.",No
FARE.01.707,"Reselect (R)
Selecting this option will close the “Quality Alert” message box and the pharmacy staff members shall navigate back to the “Generic Substitution List” OR “Brand List” dialog.",Yes
Post Condition,Quality Alert is displayed,
Alternate Flow 10,"Prescriber and or Regulatory Validations Dialog(s)

On completion of data entry, the system shall run the PAE Prescriber (including CSR) (based on the specific conditions) and composite checks and if any prescriptions fail Prescriber (including CSR) and or Composite Checks this dialog shall appear. This dialog shall trigger for  New Fill, Refill and Edit Fill

Note: For Exception Reason and Detail displayed on each category of the Prescriber Validation Exception Dialog(s), refer to corresponding Appendix as mentioned below

Appendix A – FARx.PA.02 for–-  ‘Prescriber - Do Not Allow’ category
Appendix B – FARx.PAE02 is f–r ‘Third Party - Do Not Allow’ category
Appendix C – FARx.PAE.02 is for ‘Blocked Prescriber’ category
Appendix D – FARx.PAE.02 is for ‘Prescriber – Allow with Credentials’ category",
Sr. No.,Action,Offline
FARx.DE.01.787,"Once the PAE – Prescriber (including CSR) and Composite checks have been performed upon continuing from the data entry, if any checks failure occurred, the system shall follow the requirementsmention–d in DE.01.788 - 790 display each of the Prescriber and or Regulatory exception dialog(s)",No
FARx.DE.01.7,"When the presciption-–ill failed PAE - Prescriber (including CSR)  (with the Exception Reason and Detail described in Appendix A and or  B and or C and or D – FARx.PAE.02 – Single or Multiple category) and or CSM  checks (FARx.CSM.01), the system shall display each of the exception message / dialog(s) as per the below functionality 
Help Desk Request Message (see the conditions mentioned in DE.01.797) – this message shall be displayed on top of the prescriber exception dialog whichever is the first as mentioned below
Prescriber Validation Exception(s) dialog 
Refer to DE.01.791 (Prescriber – Do Not Allow)
And Or
Refer to DE.01.794 (Third Party – Do Not Allow)
And Or
Refer to DE.01.795 (Blocked Prescriber)
And Or
Refer to DE.01.796 (Prescriber – Allow Credentials)
And or
Regulatory Validation dialog (refer to DE.01.718)",No
FARx.DE.01.789,"When the prescription-fill has failed  PAE – Prescriber (including CSR) (with the Exception Reason and Detail described in Appendix A and or B and or C and or – – FARx.PAE.02 - Single or Multiple category) ONLY, the system shall display each of the exception message / dialog(s) as per the below functionality
Help Desk Request Message (see the conditions mentioned in DE.01.797) – this message shall be displayed on top of the prescriber exception dialog whichever is the first as mentioned below with the focus on the navigation bar of the message
Prescriber Validation Exception dialog 
Refer t DE.01.–91 (Prescriber - Do Not Allow)
And Or
Refer to DE.01.794 (Third Party – Do Not Allow)
And Or
Refer to DE.01.795 (Blocked Prescriber)
And Or
Refer to DE.01.796 (Prescriber – Allow Credentials)",No
FARx.DE.01.790,"When the prescription-fill failed Composite checks (FARx.CSM.01) ONLY, the system shall display the “Regulatory Validation” dialog mentioned in DE.01.718",No
FARx.DE.01.797,"The system display the Help Desk Request informational message as mentioned in DE.01.798 if all of the below mentioned conditions are true 
‘Help Desk Request functionality’ app option is set to ‘On’ (Refer to Cor Root A–p Option # 942 - FAAM.AP.01b)
‘Help Desk Request informational message display’ app option is set to ‘All’ or ‘Data Entry’ or ‘Data Entry & Rph Review Exception’ or ‘Data Entry & Prescriber Consult Request’ (Refer to Cor Root A–p Option # 943 - FAAM.AP.01b)
The Rx has failed the same prescriber and Supervising prescriber (including CSR) checks (if associated) & there is Help Desk ticket (pending a help desk response currently) already been raised for the corresponding prescriber exceptions as mentioned per the below requirements
When the help desk ticket has been raised for same exact prescriber and supervising prescriber (if associated) exceptions in ‘X’ days where X days is configurable (Where X = number of days configured in Cor Root A–p Option # 932 - FAAM.AP.01b)
Appendix 8 describes the prescriber and supervising prescriber  exception categories as follows
Prescriber State License Level
Prescriber Address Level
Prescriber Level
Supervising Prescriber State License Level
Supervising Prescriber Address Level
Supervising Prescriber Level
Prescriber CSR level
Supervising Prescriber CSR level
There are corresponding exception types listed in the each of the above mentioned category. The system shall consider the prescriber exceptions as the same when any single or combination of the exception categories is/are matched on this Rx and Help Desk ticket is already created for the same exception category(ies) for any other existing Rx. 
Note: if any one or all conditions are not true, the system shall continue to display Prescriber Validation Exception dialog as per the order mentioned in DE.01.788 or 789",No
FARx.DE.01.798,"The system shall display Help Desk Request informational message as mentioned below
Title: Help Desk Request Message
Message Text:
Refer to message configured for  “Help Desk Request Messge – Da–a Entry” label - FAAM.PMC.01.04
Navigation Options 
Continue (Enter) – Upon selection of this option, the system shall display the Prescriber Validation Exception dialog (whichever is the first) as per the order mentioned in DE.01.788 or 789.",No
FARx.DE.01.791,"The system shall display ‘Prescriber Validation Exception(s)’ dialog as mentioned below.
Instructions (in Green Box):
“RxConnect Prescriber Database has identified prescriber validation exception(s).  Validate you selected the correct prescriber. The Prescriber Exception Reasons are provided below. Please take the necessary action and select the appropriate navigation option.”
Prescriber Information:
Prescriber Name (Last, First)
Address
City
State
ZIP
Phone Number
NPI #
DEA #
Exception Details (in Tabular format with the following headings)*:
Exception Reason – (dynamicaly, refer to Appendix A - FARx.PAE.02 – including CSR)
Detail – (dynamicaly, refer to Appendix A - FARx.PAE.02 – including CSR)
If the exception reason is too large to fit in the single line it shall be moved to next line but shall not be truncated)
The system shall provide standard pagination functionality to view all other exceptions right below the table when the exceptions are too large to fit in the single dialog for this category
Next page (Enter)
Previous page (Space)
These requirements are applicable to all the prescriber validation exception dialog
Navigation Options (refer to FARx.DE.792)
*Sort Order of the exceptions shall be as mentioned in Appendix A with the additions to below – Supervising Prescriber exceptions followed by the Corresponding Prescriber selected",No
FARx.DE.01.792,"The system shall display navigation options based on the following conditions.
If the prescription has failed any other prescriber checks mentioned Appenix B an– or C and or D - FARx.PAE.02 categories and or CSM checks, the system shall display the following nav options until they move to the last exception dialog
Next Exceptions (N)– Upon selection, the system shall display the next Prescriber or Regulatory exception dialogs
This option is available only if any other (Prescriber/Regulatory) exception dialog to be displayed
View Supervising Physician (VS) – DE.01.793
This option is available only if any of the Supervising Prescriber checks (including CSR) (of any category) has been failed 
Exit (X) – Upon selection, the system shall close the dialog and display back the previous data entry screen with the focus on the navigation bar from where the dialog was opened
If there is no other Prescriber or CSM checks(s) failure present(no other dialog to be displayed), the system shall display the following additional navigation options on this first exception dialog
Send to RPh (RP) –  DE.01.723
On-Hold (H) – refer to Alternate Flow 1
This option shall only be available for New fills
View / Associate Help Desk Requests (HD) – (refer to FARx.QA.10.83)
This option is displayed only if the conditions mentioned in DE.01.797 point # 1, 3 are true (if any of the conditions are NOT true, the system shall not display this option)
Once the user has successfully associated the Help desk ticket number and created Help Desk request for this Rx OR place Rx On Hold from the Help Desk Request flow (Once the credentials has been entered) , the system shall continue from DE.01.799

Note: The system shall keep displaying On Hold (H) and Send to RPh (RP) nav options if the user chooses to move back to the previous exception dialog by selecting Previous Exceptions (P) once these nav options are displayed",No
FARx.DE.01.793,"View Supervising Physician (VS) – Upon selection, the system shall display the Recent Supervising Physician Results dialog (refer to FARx.PM.01  - Alternate Flow 4) dialog to allow the user to view / search / re-select supervising prescriber  with the following exceptions
The title of the dialog shall be renamed as “View Supervising Physician” here
The system shall display ONLY currently associated supervising physician in the table displayed on this dialog
The dialog size shall be dynamic based on the size of the table
The system shall not display line number column on this dialog
Nav Option functionality:
Exit (X): Upon selection, the system shall display back the previous dialog/ screen from which it was displayed
Search Prescriber: (refer to FARx.PM.01 – Alternate Flow 4) – Upon user search and select the supervising physician from the Search Prescriber dialog, the system shall display back the data entry screen with the focus on navigation bar",No
FARx.DE.01.794,"The system shall display ‘Prescriber Validation Exception(s)’ dialog with the same attributes in DE.01.791 with following exceptions.
Instructions(in Green Box):
“RxConnect Prescriber Database has identified prescriber validation exception(s).  Validate you selected the correct prescriber. The Prescriber Exceptions Reasons are provided below. Please take the necessary action and select the appropriate navigation option.
If Type 2 NPI error obtain Type 1 NPI from the prescriber and contact CVS Help Desk.”
Table:
Exception Reason – (dynamicaly, refer to Appendix B - FARx.PAE.02)
Detail – (dynamicaly, refer to Appendix B - FARx.PAE.02)
Navigation Options: As per the functionality mentioned in DE.01.792 with the following exceptions
The system shall provide an additional navigation option on this dialog if the exception dialog as mentioned in FARx.DE.01.791 displayed previously 
Previous Exceptions (P) – Upon selection, the system shall display back the previous prescriber validation exception dialog

*Sort Order of the exceptions shall be as mentioned in Appendix B with the additions to below – Supervising Prescriber exceptions followed by the Corresponding Prescriber selected",No
FARx.DE.01.795,"The system shall display ‘Prescriber Validation Exception(s)’ dialog with the same attributes in DE.01.791 with following exceptions.
Instructions (in Green Box):
Refer to FARx.DE.01.791 
Table:
Exception Reason – (dynamicaly, refer to Appendix C - FARx.PAE.02)
Detail – (dynamicaly, refer to Appendix C - FARx.PAE.02)
Navigation Options: As per the functionality mentioned in DE.01.792 with the following exceptions
The system shall provide an additional navigation option on this dialog if the exception dialog as mentioned in FARx.DE.01.791 / 794 display previously 
Previous Exceptions (P)– Upon selection, the system shall display back the previous prescriber validation exception dialog

*Sort Order of the exceptions shall be as mentioned in Appendix C with the additions to below – Supervising Prescriber exceptions followed by the Corresponding Prescriber selected",No
FARx.DE.01.796,"The system shall display Exception dialog as per the functionality mentioned in FARx.DE.01.791 with following exceptions.
Instructions (in Green Box):
Refer to FARx.DE.01.791 
Table:
Exception Reason – (dynamicaly, refer to Appendix D - FARx.PAE.02 – including CSR)
Detail – (dynamicaly, refer to Appendix D - FARx.PAE.02 – including CSR)
Navigation Options: As per the functionality mentioned in DE.01.792 with the following exceptions
The system shall provide an additional navigation option on this dialog if the exception dialog as mentioned in FARx.DE.01.791 / 794 / 795 displayed previously 
a) Previous Exceptions (P)– Upon selection, the system shall display back the previous prescriber validation exception dialog
*Sort Order of the exceptions shall be as mentioned in Appendix D with the additions to below – Supervising Prescriber exceptions followed by the Corresponding Prescriber selected",No
FARx.DE.01.718,"The system shall display “Regulatory Validations” dialog with the following:
Instruction Text in Green Box:
“Your State Regulations and/or CVS/pharmacy policy do not recommend filling this prescription. The Regulatory Failure Reasons are provided below. Please take the necessary action and select the appropriate navigation option.” 
Failure Reasons (FARx.DE.01.719)
Navigation Options (Refer to FARx.DE.01.721)",No
FARx.DE.01.719,"Failure Reasons: The system shall display a list of all possible regulatory exception reasons that fail in the fulfillment of the prescription
The system will use configurable Lookback Period # of Days configuration and use value set to include scripts in criteria calculation (refer to FAAM.CSM.0, FARx.CSM.02). If the ""Max # of Days Early Looback Period (# of Days)"" is disabled, system uses 180 day lookback as described in FAAM.CSM.02). 
The Failure Reasons shall be in a tabular format with the following heading:
Exception Reasons: Shall display the attribute for which the prescription failed
Associated Allowable Values: Shall display the value against which the exception occurred 

Based on the possible failure reasons occurred, the“Regulatory Validations"" dialog shall be dynamic in nature. 

The maximum failure reasons that can possibly occur for Composite Checks Failure are 9 
(Refer to Appendix 7 to view the order of display of Exception Reasons & Associated Allowed values)",No
FARx.DE.01.720,"Validation Rules against Failure Reasons

The following attribute values shall all be left justified and shall display only NUMERIC values
Max. Fills Allowed
Max. number of Refills allowed
Days from Date written to Set Expiration Date
Maximum Days Supply Allowed (Fill) 
Maximum Days Supply Allowed (Rx) 
Phone CII Days Supply Limit (Rx)
Maximum Dispensed Quantity Allowed (Fill) 
Maximum Dispensed Quantity Allowed (Rx) 

For “Next Allowable Fill Date” field, the system shall comply with the below mentioned rules:  
The format of this attribute shall be as follows: “Month Date, year”
The Date and Year shall be numeric while the month shall be in alphabets
This field is left justified

The system shall not display any associated values in the ‘Associated Allowable Values’ column for the following Exception Reason: 
“This Rx was issued by an out-of-state prescriber. [Prescriber Type] from [Prescriber Address State] cannot prescribe this drug in your state”(This exception reason is displayed when one of the border state checks have failed).",No
FARx.DE.01.721,"Navigation Options
The system shall display the following navigation options:
Send to RPh (RP) – Refer to FARx.DE.01.723
On Hold (H) – Refer to Alternate Flow 1
This option shall display if the fill is a New Fill 
Schedule Rx (S) (Refer to FARx.EAN.01, Alternate Flow 3)
This option shall display if the prescription fails ONLY Early FiIl checks (refeo FARx.CSM.02).
Edit (E) – On selection, the system shall return to data entry screen with focus on the navigation bar.
When this is a New prescription (00 fill), this option shall display only if Border State validations fails  
When this is a Refill prescription (>00 fill), this option shall display only if Drugs of Concern validations fails or correspoding Reg App options (787 - 810) fail
Delete (D) – 
When the Regulatory Validations dialog display on Data Entry of New Fill or Data Entry of Refill, the system shall follow the behavior  mentioned in FARx.DE.01.722
When the Regulatory Validations dialog display on Edit of a fill, the system shall follow the behavior  mentioned in FARx.DEL.01
Exit (X) – On selection, the system shall return to data entry screen with focus on the navigation bar.
This option shall display if Regulatory Root App Option #812 is Enabled
Previous Exceptions (P)– Upon selection, the system shall display back the previous prescriber validation exception dialog 
This option is displayed ONLY if both of the following conditions are true
Prescription has failed the PAE Prescriber checks and the Prescriber Exception dialog displayed previously
Exit (X) option is displayed on the regulatory exception dialog
View / Associate Help Desk Requests (HD) – (refer to FARx.QA.10.83)
This option is displayed only if the conditions mentioned in DE.01.797 point # 1, 3 are true (if any of the conditions are NOT true, the system shall not display this option)
Once the user has successfully associated the Help desk ticket number and created Help Desk request for this Rx OR place Rx On Hold from the Help Desk Request flow (Once the credentials has been entered), the system shall continue from DE.01.799",No
FARx.DE.01.722,"Delete: When this option is selected, the system shall perform the following:
Exit out from the data entry screen 
Discard all the data entry fields captured
Return the user to location from where the data entry was initiated",No
FARx.DE.01.723,"Send to RPh: When this option is selected, the system shall display “Add/Edit Notes” dialog 
Following Instruction Message at the top: “Please enter any notes to RPh below” 
Text Box – To capture user notes
The system shall allow the user to enter a maximum of 150 characters
The above captured notes shall be associated to the Fill and shall be available to view as part of Fill Notes
The system shall check if Regulatory Root App Option #811 is set to “Required”
If Yes and user doesn’t provide any notes, display the following error message with “OK” as navigation options
“This field is Mandatory; enter details to continue”
The system shall keep this notes as ‘Optional’ if the prescription fails only Prescriber Checks (no need to read the above app option configuration)

The navigation options shall be:
Select (#) – Focus shall go to the text box
Exit (X) – Shall return the user to the previous screen
Continue (Enter) – On selection, continue to FARx.DE.01.724",No
FARx.DE.01.724,"On Continuation from the “Add/Edit Notes” dialog, the system shall display the standard credential dialog
From the credentials dialog, if the user selects Exit (X), the system shall: 
Return the user back to the first Prescriber Validation Exception dialog if Send to Rph nav option was initiated from the Prescriber Validation Exception dialog
Return the user back to Regulatory Validation dialog if Send to Rph nav option was initiated from the Regulatory Validation dialog
On capturing the credentials, the system shall perform the following:
For New fill scenarios, 
Generate a new Rx number 
Associate it to the Rx 
Update the Promise Date & Time (Refer to FARx.DE.01. 730)
Create a RPh Review Exception item (Refer to FARx.QA.10)
Continue to FARx.DE.01.108
For Refills scenarios or Edit scenarios, the system shall:
Update the Promise Date & Time (Refer to FARx.DE.01. 730)
Create a RPh Review Exception item (Refer to FARx.QA.10)
If “Enable Scheduled MealBreak Time” (Refer to FAAM.AP.01b, Regulatory Root #1822) master switch is set to Yes, when all existing calculations have been executed, the final promised date and time will be set as per FARx.TT.02 Alternate Flow 2 (if applicable)",No
FARx.DE.01.730,"Promise Date and Time updates:
The system shall set Anticipated PD&T to be System Time (Time when valid Credentials are entered) + ‘x’ mins (Refer to FAAM.AP.01b – Reg App option # 814)

If the Rx Fill actual PD&T is greater than Anticipated PD&T, the system shall update the PD&T of the fill with the Anticipated PD&T

If the Rx Fill actual PD&T is less than or equal to Anticipated PD&T, the system shall NOT update the
 PD&T of the fill 

The system shall follow existing Promise Date and Time rules for the above scenarios where the PD&T is systematically updated


Example:
Pharmacy open hours 9 AM to 6 PM 
A customer comes at  5:30 PM  for an Rx. on 09/08 
Corp adin setting for app option 'Set Promise Date and Time forRPh Review Exception items'  is 30 mins 
System time entered during Data Entry is 12 PM on 09/09 
Assuming that at 5:45 PM, user selected Send to RPh and credentials, so anticipated time for RPh Review Exception item becomes  5:45 PM +30 mins  = 6:15 PM
System compares 6:15 PM with Store close times i.e. 6PM and since anticipated time exceeds store close time, the system shall add the configurable time to the next day store open hours
So the anticipated PD&T = 9 AM  + 30 mins = 9:30 AM 09/09 
As per the Functional Activity Document, comparing the user entered time and the anticipated time, system shall set the PD&T for RPh Review Exception item to 9:30 AM 09/09 in QV
If “Enable Scheduled MealBreak Time” (Refer to FAAM.AP.01b, Regulatory Root #1822) master switch is set to Yes, when all existing calculations have been executed, the final promised date and time will be set as per FARx.TT.02 Alternate Flow 2 (if applicable)",No
FARx.DE.01.799,"When the user associated the Rx to any existing Help Desk ticket and created Help Desk Request for this Rx (from the action note after the credentials has been entered), the system shall perform the following:
For New fill data entry scenarios, 
Generate a new Rx number 
Associate it (ticket) to the Rx 
Create a Help Desk Request item (Refer to FARx.QR.01)
Continue to DE.01.108 to perform the additional steps (e.g. hard copy scan)
For all other data entry scenarios, the system shall create a Help Desk Request item (Refer to FARx.QR.01) and continue to perform existing activities after credentials.

When the user has successfully placed Rx On Hold (from the action note after credentials has been entered), the system shall perform the following steps
Generate a new Rx number  
Place Rx On Hold (Displayed in patient profile)
Continue to DE.01.145 to perform the additional steps (e.g. hardcopy scan)",
FARx.DE.01.804,End Process,
Post Condition,Prescription fill have been moved to appropriate status,
Alternate Flow 11,Creating a new prescription from TP Plan Benefit Consult Request screen,
Sr. No.,Action,Offline
FARx.DE.01.1059,"This flow enters when the user selects: 
“Create New Prescription” from TP Plan Benefit Consult Request Detail View (Refer to FARx.QR.28)",No
FARx.DE.01.1060,"The system shall display the New Prescription screen behaving as follows:

Title bar – Displayed as: “Generate Prescription – TP Plan Benefit Consult”

Standard Patient Heade
r (Refer to FARx.PA.01.18)

The system shall pre-populate 
the following information:
Rx Origin Code shall be auto-populated with “4 – FAX” if generated via Fax Response, otherwise, leave blank
Promised Date & Time: 
If the request was originally initiated from Action Queues, set Promise Date and time as the request Promise Date and Time (Refer to FARx.OR.02)   
Otherwise, set the Promise Date and time as POS Date + Days Supply of the original Rx (for which this Request was initiated). If the POS Date is unavailable, use the last fill date in place of the POS date
If “Enable Scheduled MealBreak Time” (Refer to FAAM.AP.01b, Regulatory Root #1822) master switch is set to Yes, when all existing calculations have been executed, the final promised date and time will be set as per FARx.TT.02 Alternate Flow 2 (if applicable)

The system shall display the remaining information as it would for any new prescription (FARx.DE.01.04) with blank fields.",No
FARx.DE.01.1061,The system shall follow the prescription fulfillment as per the new Rx fill process (Refer to FARx.DE.01.04),No
FARx.DE.01.1062,"Upon successful credentials automatically applied (when the Master Switch for the ‘Automatically Apply Credentials’ (Refer to FAAM.AP.01b,  Regulatory  App Option # 1672) is Enabled) or manually applied from the “Generate Prescription – TP Plan Benefit Consult” screen, the system shall:
Perform force reversal for all the TPs which sent a paid claim for the Rx fill for which TP Plan Benefit Consult request was created
If new prescription is generated from a Fax response, the system shall check the regulatory root option for ‘Suppress auto hardcopy printing for <drug class> Fax Rx (refer–to Reg Root #1664 - 1669 FAAM.AP.01b Application Options) corresponding to DEA class of the drug
If set to No, the system shall: 
Print the Hard Copy and Back tag with the dispensed information
the system shall display the following message: “Hard copy has been printed.” 
If set to Yes the system shall:
Suppress automatic printing of the hardcopy and the back tag 
Not display the message indicating the hardcopy has been printed
The system shall check if the prescription fill is fill 00 
If Yes, the system shall place the Rx On Hold 
No linking shall be performed to the On-Hold 
Associate the original prescription with the new generated prescription and automatically inactivate the original prescription after the new prescription is generated
Set the inactivation reason as “Inactivated due to TP Plan Benefit Consult New Rx”
Otherwise, the system shall delete the prescription fill 
Associate the original prescription with the new generated prescription and automatically inactivate the original prescription after the new prescription is generated
Set the inactivation reason as “Inactivated due to TP Plan Benefit Consult New Rx”
If “Promise Date – ReadyFill Lead Time*” is greater than current date and time, the system shall Schedule (Place Rx On Hold) the prescription. Otherwise, the system shall continue processing the Rx
If scheduled, Set the Scheduled fill reason = “TP Benefit Consult Response” and display the following message post hardcopy print message
“This prescription is not currently due to be filled and has been placed on-hold.  It is scheduled to be automatically filled on <promise date – ReadyFill Lead Time >”
ReadyFill Lead Time* - For NOCM prescriptions, the system shall use the ReadyFill NOCM Lead Time (Days) – Refer to FARx.AP.01b – Regulatory option #1714)
Upon Successful completion of the process, the system shall return to Check Fill status view , when the user has selected the TP benefit Consult Request Line item from Check Fill Status Screen. Refer to FARx.CF.01",No
Post Condition,New Prescription is created,
Alternate Flow 12,New Rx – Script Sync Link (Refill Renewal),
Sr. No.,Action,Offline
FARx.DE.01.1285,"If the Rx associated to the Refill Renewal request is enrolled in Script Sync, the system shall perform the following:
Carry forward Script Sync attributes (Script Sync Status, Schedule Date, Alignment Fill Association (if any) and Order associated) from Refill Renewal Request Rx to the new Rx
Continue to FARx.DE.01.1286

Otherwise (i.e. the Rx associated is NOT enrolled in Script Sync), the system shall continue with remaining data entry checks – refer to FARx.DE.01.472",No
FARx.DE.01.1286,"The system shall compare the Prescribed Quantity entered by the prescriber with the following ‘Calculated Value’ (this shall be the first validation)

Calculated Value = ‘Units Used per Day’ * Days Supply value of the Order

If the ‘Prescribed Quantity’ is less than the ‘Calculated Value’, the system shall continue with remaining data entry checks – refer to FARx.DE.01.472
After credentials, system shall
Script Sync status as Never Asked for previous Rx (for which Refill Renewal Request was sent)
For the previous Rx, clear the schedule date (if available)
Set the “Reason for Unenrollment” as “Linked/Generated” for the previous Rx
Run the “Rx in Last In Order processing” in FARx.AF.19

If the Prescribed Quantity is greater than or equal to the ‘Calculated Value’ above, the system shall continue to FARx.DE.01.1350",No
FARx.DE.01.1350,"The system shall check if the current date is less than ARDD for the corresponding Rx (for which Refill Renewal Request was created)
If Yes, the system shall continue to FARx.DE.01.1288
If No, the system shall continue to FARx.DE.01.1303

Refer to FARx.SS.01 Appendix 1 for ARDD calculation",No
FARx.DE.01.1288,"The system shall display the below prompt:
Message indicates this is a ScriptSync enrolled prescription due MM/DD/YYYY and if user would like the prescription to be scheduled for the ScriptSync date? (<MM/DD/YYYY> refers to the ARDD) 
Navigation options:
Yes (Y) -  If the user selects this option, the system shall continueto FARx–DE.01.1289
No (N) - If the user selects this option (i.e. user wants to fill the Rx now and not put it on-hold), the system shall continue to FARx.DE.01.1295",No
FARx.DE.01.1289,"The system shall check the value of the master switch for “Require On Hold Data Entry Verification”

If the master switch for “Require On Hold Data Entry Verification” is set to Yes, continue to FARx.DE.01.1290

If the master switch for “Require on Hold Data Entry Verification” is set to No, then the system shall determine if Alignment Fill Quantity is associated with the request:














If Yes, (Alignment Fill Quantity is associated with the request), the system shall continue to FARx.DE.01.1294
If No, Alignment Fill Quantity is not associated with the request) the system shall continue to FARx.DE.01.1292",No
FARx.DE.01.1294,"The system shall display credential dialog and upon valid credentials (Refer to FAAM.RD.02), perform the below actions:
Update the Days Supply based on Alignment Fill Quantity Captured 
For subsequent fills, the system shall revert Days Supply back to the Order Days Supply value (Refer to FAAM.SS.01)
Update the Dispensed Quantity for the “00” fill as the Days Supply of Alignment Fill * Units used per Day 
For subsequent fills, the system shall revert Dispensed Quantity back to the ‘‘Units Used per Day’ * Days Supply value of the Order’ 
Place the Prescription On Hold (i.e. Schedule the Rx)
Set the Schedule Date as ARDD – ‘ReadyFill Lead Time (Days)’ (Refer to FARx.AP.01b – Corp Root #198)
Set the Schedule Reason as “Script Sync”
Set the Schedule Date for the full fill as later of the following two dates:
Order Sync Date – ‘ReadyFill Lead Time (Days)’ 
ARDD of the Rx + “(100 – X% of Days Supply Value)% of (Alignment Fill Quantity / Units Used Per Day)
Script Sync status as Never Asked for previous Rx (for which Refill Renewal Request was sent)
For the previous Rx, clear the schedule date (if available)
Set the “Reason for Unenrollment” as “Linked/Generated” for the previous Rx
Continue to FARx.DE.01.48

Note : The Value of X shall be calculated as follows:
For 30 Day Supply Refer FARx.SS.01 – Alt Flow 4.
For 90 Day Supply Refer FARx.SS.01 – Alt Flow 5.",No
FARx.DE.01.1290,"If the master switch for “Require On Hold Data Entry Verification” is set to Yes, then the system shall determine if Alignment Fill Quantity  is associated with the request:
If Yes (Alignment Fill Quantity is associated with the request), then the system shall display credential dialog and upon valid credentials (Refer to FAAM.RD.02), perform the actions mentioned in FARx.DE.01.1291

If No (Alignment Fill Quantity is not associated with the request), the system shall continue 
to FARx.DE.01.1293",No
FARx.DE.01.1291,"The system shall perform the below actions:
Update the Dispensed Quantity for the “00” fill as the Alignment Fill Quantity captured 
For subsequent fills, the system shall revert Dispensed Quantity back to the ‘‘Units Used per Day’ * Days Supply value of the Order’
Update the Days Supply equal to the below calculation:
Days Supply for the “00” fill = Alignment Fill Quantity/  ‘Units Used per Day’
For subsequent fills, the system shall revert Days Supply back to the Order Days Supply value (Refer to FAAM.SS.01)
Send the Prescription for On Hold data entry verification (i.e. Schedule the Rx) – continue to FARx.DE.01.978
Set the Schedule Date as ARDD – ‘ReadyFill Lead Time (Days)’ (Refer to FARx.AP.01b – Corp Root #198)
Set the Schedule Reason as “Script Sync”
Set the Schedule Date for the full fill as later of the following two dates:
Order Sync Date – ‘ReadyFill Lead Time (Days)’ 
ARDD of the Rx + “(100 – X% of Days Supply Value)% of (Alignment Fill Quantity / Units Used Per Day)
Script Sync status as Never Asked for previous Rx (for which Refill Renewal Request was sent)
For the previous Rx, clear the schedule date (if available)
Set the “Reason for Unenrollment” as “Linked/Generated” for the previous Rx
Continue to FARx.DE.01.48

Note : The Value of X shall be calculated as follows:
For 30 Day Supply Refer FARx.SS.01 – Alt Flow 4.
For 90 Day Supply Refer FARx.SS.01 – Alt Flow 5.",No
FARx.DE.01.1292,"The system shall display credential dialog and upon valid credentials(Refer to FAAM.RD.02), perform the below actions:
Update the Dispensed Quantity with the ‘‘Units Used per Day’ * Days Supply value of the Order’ 
Update the Days Supply equal to the Order Days Supply value (Refer to FAAM.SS.01)
Place the Prescription On Hold (i.e. Schedule the Rx)
Set the Schedule Date as follows:
If Alignment Fill was NOT associated to the original Rx just prior to processing this response, set the Schedule Date for the full fill as the later of the following two dates:
Order Sync Date – ‘ReadyFill Lead Time (Days)’ (refer to FARx.AP.01b – Corp Root #198)  
Pickup Date of the previous Rx from which the Prescriber requet was sent + (Days Supply - “X% of Days Supply Value”) (refer to FARx.SS.01 Appendix 2 for X% of Days Supply Value calculation)
If Alignment Fill was associated with the original Rx just prior to processing this response, set the Schedule Date for the full fill as later of the following two dates:
Order Sync Date – ‘ReadyFill Lead Time (Days)’ (refer to FARx.AP.01b – Corp Root #198)  
Fill Date of the Alignment Fill + “(100 – X% of Days Supply Value)% of (Alignment Fill Quantity / Units Used Per Day) (refer to FARx.SS.01 Appendix 2 for X% of Days Supply Value)
Set the Schedule Reason as “Script Sync”
Script Sync status as Never Asked for previous Rx (for which Refill Renewal Request was sent)
For the previous Rx, clear the schedule date (if available)
Set the “Reason for Unenrollment” as “Linked/Generated” for the previous Rx 
Continue to FARx.DE.01.48

Note : The Value of X shall be calculated as follows:
For 30 Day Supply Refer FARx.SS.01 – Alt Flow 4.
For 90 Day Supply Refer FARx.SS.01 – Alt Flow 5.",No
FARx.DE.01.1293,"The system shall continue to FARx.DE.01.48 and after credentials, perform the following:
Set Dispensed Quantity to ‘‘Units Used per Day’ * Days Supply value of the Order’
Set Days Supply equal to the Order Days Supply value 
Set the Schedule Reason as “Script Sync”
Set the Schedule Date based on the below logic:
If Alignment Fill was NOT associated to the original Rx just prior to processing this response, set the Schedule Date for the full fill as the later of the following two dates:
Order Sync Date – ‘ReadyFill Lead Time (Days)’ 
Pickup Date of the previous Rx from which the Prescriber requet was sent + (Days Supply - “X% of Days Supply Value”)
If Alignment Fill was associated with the original Rx just prior to processing this response, set the Schedule Date for the full fill as later of the following two dates:
Order Sync Date – ‘ReadyFill Lead Time (Days)’ (refer to existing Corp Root #198)  
Fill Date of the Alignment Fill + “(100 – X% of Days Supply Value)% of (Alignment Fill Quantity / Units Used Per Day)
Induct the prescription into QV for On Hold data entry verification – perform FARx.DE.01.978
Script Sync status as Never Asked for previous Rx (for which Refill Renewal Request was sent)
For the previous Rx, clear the schedule date (if available)
Set the “Reason for Unenrollment” as “Linked/Generated” for the previous Rx

Note : The Value of X shall be calculated as follows:
For 30 Day Supply Refer FARx.SS.01 – Alt Flow 4.
For 90 Day Supply Refer FARx.SS.01 – Alt Flow 5.",No
FARx.DE.01.1295,"The system shall determine if Alignment Fill Quantity is associated with the request:














If Yes, the system shall display the below prompt: 
Message indicates this prescription is for an alignment fill.  Would you like to continue with the alignment fill quantity?” 
Navigation options:
If Yes, the system shall continue to DE.01.1297
If No, the system shall continue to DE.01.1296
If No, the system shall continue to DE.01.1298",No
FARx.DE.01.1296,"If No, the system shall not update the Dispensed Quantity and continue with Data Entry Checks – refer to FARx.DE.01.472 (System shall NOT re-run any linking prompts) 

After successful credentials, system shall
Script Sync status as Never Asked for previous Rx (for which Refill Renewal Request was sent)
For the previous Rx, clear the schedule date (if available)
Set the “Reason for Unenrollment” as “Linked/Generated” for the previous Rx
Run the “Rx in Last In Order processing” in FARx.AF.19",No
FARx.DE.01.1297,"The system shall perform the following:
Update the Dispensed Quantity for the “00” fill as the Alignment Fill Quantity captured 
For subsequent fills, the system shall revert Dispensed Quantity back to ‘‘Units Used per Day’ * Days Supply value of the Order’ 
Update the Days Supply equal to the below calculation:
Days Supply for the “00” fill = Alignment Fill Quantity/  ‘Units Used per Day’
For subsequent fills, the system shall revert Days Supply back to the Order Days Supply value (Refer to FAAM.SS.01)
Continue with Data entry checks (Refer to FARx.DE.01.472)
System shall NOT re-run any linking prompts
After successful credentials, set the Schedule Date for the full fill as later of the following two dates:
Order Sync Date – ‘ReadyFill Lead Time (Days)’
ARDD of the Rx + “(100 – X% of Days Supply Value)% of (Alignment Fill Quantity / Units Used Per Day)
Script Sync status as Never Asked for previous Rx (for which Refill Renewal Request was sent)
For the previous Rx, clear the schedule date (if available)
Set the “Reason for Unenrollment” as “Linked/Generated” for the previous Rx

Note : The Value of X shall be calculated as follows:
For 30 Day Supply Refer FARx.SS.01 – Alt Flow 4.
For 90 Day Supply Refer FARx.SS.01 – Alt Flow 5.",No
FARx.DE.01.1298,"The system shall check if the Days Supply (Prescriber Prescribed) is equal to the Order Days Supply value (Refer to FAAM.SS.01)
If Yes, the system shall continue with Data entry checks (Refer to FARx.DE.01.472)
System shall NOT re-run any linking prompts
If No, the system shall continue to FARx.DE.01.1299 and FARx.DE.01.1300",No
FARx.DE.01.1299,"If the Rx is associated to 30 Day Order, the system shall display the below prompt: 
Message to indicate to user if they would like to change days supply to 30 to keep enrolled in ScriptSync?
Navigation options:
If the user confirms, the system shall continue to FARx.DE.01.1301
If the user declines, the system shall continue to DE.01.1302",No
FARx.DE.01.1300,"If the Rx is associated to 90 Day Order, the system shall display the below prompt: 
Message to indicate to user if they would like to change days supply to 90 to keep enrolled in ScriptSync?
Navigation options:
If the user confirms, the system shall continue to FARx.DE.01.1301
If the user declines, the system shall continue to DE.01.1302",No
FARx.DE.01.1301,"The system shall:
Update Days Supply to the Order Days Supply value (Refer to FAAM.SS.01)
Update Dispensed Qty = Order Days Supply * Units used per Day 
Continue with Data entry checks (Refer to FARx.DE.01.472)
System shall NOT re-run any linking prompts
After successful credentials, system shall
Script Sync status as Never Asked for previous Rx (for which Refill Renewal Request was sent)
For the previous Rx, clear the schedule date (if available)
Set the “Reason for Unenrollment” as “Linked/Generated” for the previous Rx
Run the “Rx in Last In Order processing” in FARx.AF.19",No
FARx.DE.01.1302,"The system shall continue with remaining Data entry checks (System shall NOT r-run an– linking prompts) - Refer to FARx.DE.01.472
After successful credentials, system shall
Script Sync status as Never Asked for previous Rx (for which Refill Renewal Request was sent)
For the previous Rx, clear the schedule date (if available)
Set the “Reason for Unenrollment” as “Linked/Generated” for the previous Rx
Run the “Rx in Last In Order processing” in FARx.AF.19",No
FARx.DE.01.1303,"The system shall check if the ARDD is equal to Order Sync Date
If Yes, the system shall continue to DE.01.1298
If No, the system shall continue to DE.01.1304",No
FARx.DE.01.1304,"The system shall check if Alignment Fill Quantity is associated with the request 
If Yes, the system shall continue to DE.01.1305
If No, the system shall continue to DE.01.1298",No
FARx.DE.01.1305,"If Alignment Fill Quantity is associated with the request, the system shall display the below prompt:
Message indicates this prescription is for an alignment fill.  Would you like to continue with the alignment fill quantity?” 
Naigation– options:
Yes (Y) - if the user selects this option, the system shall coninue to–DE.01.1307
No (N) - if the user selects this option, the system shall not update the Dispensed Quantity and continue to DE.01.1306",No
FARx.DE.01.1306,"The system shall:
Continue with Data entry checks (Refer to FARx.DE.01.472)
System shall NOT re-run any linking prompts
After successful credentials, system shall
Script Sync status as Never Asked for previous Rx (for which Refill Renewal Request was sent)
For the previous Rx, clear the schedule date (if available)
Set the “Reason for Unenrollment” as “Linked/Generated” for the previous Rx
Run the “Rx in Last In Order processing” in FARx.AF.19",No
FARx.DE.01.1307,"The system shall:
Recalculate the dispensed quantity for the “00” fill with the below calculation 
Non Pre Pack: Refer to FARx.DE.01.1308
Pre Pack: Refer to FARx.DE.01.1310
Based on Alignment Fill Qty associated, system shall populate the Days Supply value associated 
For subsequent fills, the system shall revert Days Supply back to the Order Days Supply value (Refer to FAAM.SS.01) 
Continue with Data entry checks (Refer to FARx.DE.01.472)
System shall NOT re-run any linking prompts
After successful credentials, system shall
Set the Schedule Date for the full fill as later of the following two dates:
Order Sync Date – ‘ReadyFill Lead Time (Days)’
Current Date + “(100 – X% of Days Supply Value)% of (Alignment Fill Quantity / Units Used Per Day)
Script Sync status as Never Asked for previous Rx (for which Refill Renewal Request was sent)
For the previous Rx, clear the schedule date (if available)
Set the “Reason for Unenrollment” as “Linked/Generated” for the previous Rx

Note : The Value of X shall be calculated as follows:
For 30 Day Supply Refer FARx.SS.01 – Alt Flow 4.
For 90 Day Supply Refer FARx.SS.01 – Alt Flow 5.",No
FARx.DE.01.1308,"Non Pre Pack:
If Sync Date is less than or equal to ARDD for the corresponding Rx (for which Refill Renewal Request was created), “Dispensed Quantity = (Order Anticipated Sync Date – Current Date) * Units Used per Day”
If Sync Date is greater than ARDD for the corresponding Rx (for which Refill Renewal Request was created), “Dispensed Quantity = (Order Sync Date – Current Date) * Units Used per Day”

Continue to FARx.DE.01.1309

Note: Order Anticipated Sync Date = Order Sync Date + Order Days Supply",No
FARx.DE.01.1309,"If above calculated Dispensed Quantity (Refer to FARx.DE.01.1308) is less than predetermined Alignment Fill Qty, system shall update the Dispensed Qty of 00 Fill with the above calculated Dispensed Quantity. Otherwise, system shall update the Dispensed Qty of 00 Fill with predetermined Qty

For subsequent fills, the system shall revert Dispensed Quantity back to ‘‘Units Used per Day’ * Days Supply value of the Order’",No
FARx.DE.01.1310,"Pre Pack:
If Sync Date is less than or equal to ARDD for the corresponding Rx (for which Refill Renewal Request was created), “Dispensed Quantity = (Order Anticipated Sync Date – Current Date) * Units Used per Day”
If Sync Date is greater than ARDD for the corresponding Rx (for which Refill Renewal Request was created), “Dispensed Quantity = (Order Sync Date – Current Date) * Units Used per Day”

Continue to FARx.DE.01.1311

Note: Order Anticipated Sync Date = Order Sync Date + Order Days Supply",No
FARx.DE.01.1311,"If above calculated Dispensed Quantity (Refer to FARx.DE.01.1310) is less than predetermined Alignment Fill Qty, system shall update the Dispensed Qty of 00 Fill with the above calculated Dispensed Quantity.
If Rx belongs to 30 Day Supply Order, the system shall continue to FARx.DE.01.1312
If Rx belongs to 90 Day Supply Order, the system shall continue to FARx.DE.01.1313

Otherwise, system shall update the Dispensed Qty of 00 Fill with predetermined Qty. 
If Rx belongs to 30 Day Supply Order, the system shall continue to FARx.DE.01.1312
If Rx belongs to 90 Day Supply Order, the system shall continue to FARx.DE.01.1313",No
FARx.DE.01.1312,"Pre-Pack – 30 Day Order:

The system shall check if the “Dispensed Quantity” associated is a multiple of package size of the Dispensed Drug

If Yes, the system shall update the dispensed quantity for the “00” fill , Days Supply = (Dispensed Qty * Units used per day) and continue to FARx.DE.01.1307

If No, the system shall update the dispensed quantity for the “00” fill as the Order Days Supply and update the Days Supply equal to Order Days Supply (i.e. Alignment Fill associated with this Rx will not
 be dispensed and removed)
After successful credentials, system shall
Script Sync status as Never Asked for previous Rx (for which Refill Renewal Request was sent)
For the previous Rx, clear the schedule date (if available)
Set the “Reason for Unenrollment” as “Linked/Generated” for the previous Rx
Run the “Rx in Last In Order processing” in FARx.AF.19

Note : The Value of X shall be calculated as follows:
For 30 Day Supply Refer FARx.SS.01 – Alt Flow 4.",No
FARx.DE.01.1313,"Pre-Pack – 90 Day Order:

The system shall check if the “Dispensed Quantity” associated is a multiple of package size of the Dispensed Drug

If Yes, the system shall update the dispensed quantity for the “00” fill , Days Supply = (Dispensed Qty * Units used per day) and continue to FARx.DE.01.1307

If No, continue 
to FARx.DE.01.1314",No
FARx.DE.01.1314,"The system shall check if the “Dispensed Quantity” associated value fals between 30 days and (30 - X% of 30)

If Yes, the system shall update the dispensed quantity for the “00” fill for 30 Days Supply and continue to FARx.DE.01.1307

If No, continue 
to FARx.DE.01.1315

Note : The Value of X shall be calculated as follows:
For 90 Day Supply Refer FARx.SS.01 – Alt Flow 5.",No
FARx.DE.01.1315,"The system shall check if the “Dispensed Quantity” associated value fals between 60 days and (60 - X% of 60)

If Yes, the system shall update the dispensed quantity for the “00” fill for 60 Days Supply and continue to FARx.DE.01.1307

If No, the system shall update the dispensed quantity for the “00” fill as the Order Days Supply and update the Days Supply equal to Order Days Supply (i.e. Alignment Fill associated with this Rx will not be dispensed and removed). Continue 
to FARx.DE.01.1307

Note : The Value of X shall be calculated as follows:
For 90 Day Supply Refer FARx.SS.01 – Alt Flow 5.",No
FARx.DE.01.280,"System shall validateif 'Enable Script Sync 3.0' (Refer to Corp Root App Option # 2117) is Enabled then system shall perform the following:
Carry forwar the original prescription's script sync status to the new prescription(refer to FARx.GEN.01). 
If the value of the Script Sync status of the original prescription was Pending (P), the system shall run steps for enrollment. (refer to FARx.SS.01) 
Based on enrollment steps, update prescription script sync status frPending (P) to Enrolled (E)
If the script is in the Waiting Bin, then keep the status in Pending (P) Sync.
Check if there is an existing Order for the patient:
If there is an existing order, the system generates the Alignment Fill Days Supply (Refer to FARx.SS.03 for ARDD>sync date scenario and FARx.SS.03 for ARDD<sync date scenario)
Check if the Alignment Fill DS value falls within eithe of the–ranges

(Days Supply - Large AF Qty config) to Day Supply (Refer to FAAM.SS.03 for Large AF Qty config)

0 to Small AF Qty config (Refer to FAAM.SS.03 for
 Small AF Qty config)

If the AF Days Supply value falls in either of the above ranges, reset the AF Days Supply value = 0 (i.e. Rx can be syncable to current Sync Date)

If alignment fill is needed, the system generates the alignment fill and adds it to the order along with the 
original script/fill 
For Non-Pre-Pack, the system adds the original script to the Order
For Pre-Pack, the system checks if the Rx can be syncable to another order
If there are no orders that are syncable (refer to 1.b.ii) and there are two orders in the Patient Profile, the system unenrolls the Rx
If there is NO order existing for the corresponding Rx Days Supply, the system shall create a new order",No
FARx.DE.01.3510,"If ScriptSync status, or script’s basket association, has changed, the system shall trigger a Real Time Data Streaming transaction per FARx.RTDS.13.",No
Post Condition,New Rx (for Refill Renewal request) is linked,
Alternate Flow 13,New Rx – Script Sync Link (90 Day),
Sr. No.,Action,Offline
FARx.DE.01.1316,"If the Rx associated to the 90 Day request is enrolled in Script Sync, the system shall perform the following:
Carry forward Script Sync attributes (Script Sync Status, Schedule Date, Alignment Fill Association (if any) and Order associated) from 90 Day Request Rx to the new Rx
Continue to FARx.DE.01.1317

Otherwise (i.e. the Rx associated is NOT enrolled in Script Sync), the system shall continue with remaining data entry checks – refer to FARx.DE.01.472",No
FARx.DE.01.1317,"If the “90 Day Prescriber Authorization Required” is set to ‘Yes’, continue to FARx.DE.01.1318 else, continue to FARx.DE.01.1319",No
FARx.DE.01.1318,"If the “90 Day Prescriber Authorization Required” is set to ‘Yes’ (i.e. Non Skip State), the system shall check if Prescribed Qty approved by Prescriber is for 90 Days Supply or greater than 90 Days Supply

If No, the system shall continue with remaining data entry checks – refer to FARx.DE.01.472

After credentials have been validated (refer to FAAM.RD.02), system shall
Script Sync status as Never Asked for previous Rx (for which 90 Day Prescriber Request was sent)
For the previous Rx, clear the schedule date (if available)
Set the “Reason for Unenrollment” as “Linked/Generated” for the previous Rx
Run the “Rx in Last In Order processing” in FARx.AF.19

If Yes, continue to FARx.DE.01.1320",No
FARx.DE.01.1319,"If the “90 Day Prescriber Authorization Required” is set to ‘No’ (i.e. Skip State), the system shall check if Prescribed Qty approved by Prescriber (including all refills) is for 90 Days Supply or greater than 90 Days Supply

If No, the system shall continue with remaining data entry checks – refer to FARx.DE.01.472

After credentials, system shall
Script Sync status as Never Asked for previous Rx (for which Refill Renewal Request was sent)
For the previous Rx, clear the schedule date (if available)
Set the “Reason for Unenrollment” as “Linked/Generated” for the previous Rx
Run the “Rx in Last In Order processing” in FARx.AF.19

If Yes, continue to FARx.DE.01.1320",No
FARx.DE.01.1320,"The system shall check if alignment fill was associated to the prescription:
If there is no alignment fill associated proceed to FARx.DE.01.1321

If there is an alignment fill associated, the systems shall check if Alignment Fill associated was dispensed pri
or to processing the response
If Yes, proceed to FARx.DE.01.1321
If No, proceed to FARx.DE.01.1325",No
FARx.DE.01.1321,"When the ScriptSync enrolled prescription being generated from is 
Not associated to an alignment fill 
OR 
there is an Alignment Fill associated but it is dispensed prior,
the system shall check the predetermined Schedule Date for the full fill and continue to FARx.DE.01.1322",No
FARx.DE.01.1322,"The system shall proceed as follows:
If the predetermined Schedule Date of the full fill is greater than the current date proceed to FARx.DE.01.1323
If the Current Date is
Equal to the predetermined Schedule date of the full fill
OR 
Between the predetermined Schedule date of the full fill and the associated 90 Day Order Sync Date
OR
Equal to or Greater than the associated 90 Day Order Sync Date
Proceed to FARx.DE.01.1324",No
FARx.DE.01.1323,"If the predetermined Schedule Date for the full fill is greater than the current date, the system shall update the current fill for the quantity and days supply needed for the full fill

Continue with remaining data entry checks – refer to FARx.DE.01.472",No
FARx.DE.01.1324,"When one of the conditions defined in FARx.DE.01.1322, point 2 is met, the system shall update the current fill for the quantity and days supply needed for the full fill
 
Continue with remaining data entry checks (Refer to FARx.DE.01.472) with the exception of Linking checks (i.e. System shall NOT re-run any linking prompts)",No
FARx.DE.01.1325,"When the ScriptSync enrolled prescription being generated is associated to an alignment fill the system shall check the predetermined Schedule Date for the alignment fill and proceed as follows:
If the predetermined Schedule Date of the alignment fill is greater than the current date proceed to FARx.DE.01.1326
If the current date is equal to the predetermined Schedule Date of the alignment fill OR between [predetermined Schedule Date of alignment fill to (predetermined Schedule Date of the alignment fill + ReadyFill Lead time)], proceed to FARx.DE.01.1327
If the current date is equal to or greater than (predetermined Schedule Date of the alignment fill + ReadyFill Lead time), proceed to FARx.DE.01.1328",No
FARx.DE.01.1326,"If the predetermined Schedule Date for the alignment fill is greater than the current date, the system shall proceed with the following modifications:
Update the current fill for the quantity and days supply needed for the alignment fill. 

Continue with remaining data entry checks – refer to FARx.DE.01.472",No
FARx.DE.01.1327,"If the current date is equal to the Schedule Date of the alignment fill OR between [Schedule Date of alignment fill to (Schedule Date of the alignment fill + ReadyFill Lead time)] the system shall proceed with the following modifications:
Update the current fill for the quantity and days supply needed for the alignment fill. 

Continue with remaining data entry checks (Refer to FARx.DE.01.472) with the exception of Linking checks (i.e. System shall NOT re-run any linking prompts)",No
FARx.DE.01.1328,"If the current date is equal to or greater than (Schedule Date of the alignment fill + ReadyFill Lead time) the system shall proceed with the following modifications:
If the medication is NOT a pre-pack medication, proceed to FARx.DE.01.1329
If the medication is a pre-pack medication, proceed to FARx.DE.01.1330",No
FARx.DE.01.1329,"If the medication is not a pre-pack medication:
Update the current fill for the quantity and days supply needed for the alignment fill as follows:
Days Supply = Associated 90 Day Order Sync Date – Current Date
If Days Supply calculated is greater than Precalculated value, then system shall use precalculated value only
Dispensed Quantity = Days Supply (Determined above) x Units per day

Continue with remaining data entry checks (Refer to FARx.DE.01.472) with the exception of Linking checks (i.e. System shall NOT re-run any linking prompts)",No
FARx.DE.01.1330,"If the medication is a pre-pack medication, 
Determine the quantity and days supply needed for an alignment fill as follows and update the below values:
Days Supply = Associated 90 Day Order Sync Date – Current Date
Dispensed Quantity = Days Supple (Determined above) x Units per day
Determine if the Days Supply needed for an alignment fill (above) is multiple of package size 
OR
it is in between [(30-X% of DS) to 30],or [(60-X% of DS) to 60]
If yes, continue to FARx.DE.01.1331
If no, continue to FARx.DE.01.1332",No
FARx.DE.01.1331,"If Yes, the system shall follow as follows:
Update the current fill for the quantity and days supply needed for the alignment fill
If Days Supply falls between [(30-X% of DS) to 30], system shall treat it as 30 Days Supply Alignment Fill
If Days Supply falls between [(60-X% of DS) to 60], system shall treat it as 60 Days Supply Alignment Fill
Refer to FARx.SS.01 – Alternate Flow 4 for 30 Days Supply.
Continue with remaining data entry checks (Refer to FARx.DE.01.472) with the exception of Linking checks (i.e. System shall NOT re-run any linking prompts)",No
FARx.DE.01.1332,"If No, the system shall follow as follows:
Update the current fill for the quantity and days supply as:
Days supply = 90
Quantity = Days Supply * Units used per Day

Continue with remaining data entry checks (Refer to FARx.DE.01.472) with the exception of Linking checks (i.e. System shall NOT re-run any linking prompts)",No
FARx.DE.01.2801,"Update ScriptSync Attributes whe processing 90 Days Response - Approved or Apprved w/ changes
When a 90 Day - Approved (or Approved w/ Changes) Rsponse ‘as been receive and '’enable Script Sync 3.0' (Refer to Corp Root App Option # 2117) is Enabled, the system shall perform following:
Carryforward original prescription's script sync status to the new prescription.
If the value of Script Sync status of the original prescription was Pending (P), the system runs steps for enrollment. (refer to FARx.SS.01) 
Based on enrollment steps, update prescription script sync statusom Pending (P) to Enrolled (E)
If the script is in the Waiting Bin, then keep the status in Pending (P) Sync.
If the Rx is created:  Check if there is an existing Order for the patient:
If there is an existing order, the system generates the Alignment Fill Days Supply (Refer to FARx.SS.03 for ARDD>sync date scenario and FARx.SS.03  for ARDD<sync date scenario)
Check if the Alignment Fill DS value falls within ether of–the ranges
(Days Supply - Large AF Qty config) to Day Supply (Refer to FAAM.SS.03 for Large AF Qty config)
0 to Small AF Qty config (Refer to FAAM.SS.03 for Small AF Qty config)
If the AF Days Supply value falls in either of the above ranges, reset the AF Days Supply value = 0 (i.e. Rx can be syncable to current Sync Date)
If alignment fill is needed, the system generates the alignment fill and adds it to the order along with the original script/fill 
For Non-Pre-Pack, the system adds the original script to the Order
For Pre-Pack, the system checks if the Rx can be syncable to another order.
If there are no orders that are syncable (refer to 1.b.ii) and there are two orders in the Patient Profile, the system unenrolls the Rx
If there is NO order existing for the corresponding Rx Days Supply, the system shall create a new order
If a bypass error and QT line item is created:
User selects QT line item to complete manual DE and Rx # is created, then execute 1.a and 1b. above.
When the 90 Day Response has been received as Denied, the system shall perform following: 
Reverse the script to 30 day supply (w/ quantity remaining)
Remains in Pending Sync status
Reverse the script to 30 day supply (w/out quantity remaining)
Keep the Pending Status and send QR Request for 30 Day Supply",No
FARx.DE.01.2802,System shall follow FARx.DE.01–2801 for RefillRenewal‘- Replace Respnse When 'Enable Script Sync 3.0' (Refer to Corp Root App Option # 2117) is set to ‘Yes’,No
FARx.DE.01.3511,"If ScriptSync status, or script’s basket association, has changed, the system shall trigger a Real Time Data Streaming transaction per FARx.RTDS.13.",No
Post Condition,New Rx (for 90 Day Request) is linked,
Alternate Flow 14,View/Add Fill Notes,
Sr. No.,Action,Offline
FARx.DE.01.1560,"The system shall display a View Fill Notes message as follows:
Fill Notes table – refer to DE.01.1561
Navigation options:
View Detail – refer to DE.01.1565
Add – refer to DE.01.1566
Production Review Note* - refer to DE.01.1568
Exit – returns user to point of initiation

* This option is not available in Offline",Yes*
FARx.DE.01.1561,"Moved from DE.01.43
Fill Notes from previous fills will display (informational only on the Refill screen and Rx Fill Detail Screen (FARx.CS.01)",Yes
FARx.DE.01.1562,"When populating the Fill Notes table, the system shall include only existing fill notes which are not designated as a Production Review Note.",Yes
FARx.DE.01.1563,"The system shall display the following columns in the Fill Notes table:
Ln. No.
Date / Time – date timestamp when the note was credentialed
Fill# - Fill number of the fill the note is associated to
Store – refer to DE.01.1564
User – the credential of user or system
Notes – note",Yes
FARx.DE.01.1564,"The system shall:
Display the store number of the store at which the Fill Note was entered.
If there is no store associated with the Fill Note, the system shall display the store number from where the prescription originated.
When a user view a Fill Note which is added at Central Pharmacy during the processing of Air Support Shared New Rx – Prescriber eRx/Production Review item OR Offsite Filtered Central Pharmacy Workgroup JNLP 9, system shall display the Fill Note with the following modifications:
Store Number shall display ‘Central’ to reflect Central Pharmacy indicator.
System shall display the credentials of the Central Pharmacy user OR Offsite Filtered Central Pharmacy Workgroup JNLP9.
Note– When the Shared New Rx - Prescriber eRx item is selected N Key logic at the processing pharmacy (RxC Workstation) and that pharmacy is different than the Source Pharmacy, then the system shall associate the Fill Note data to Processing Pharmacy instead of Central Pharmacy.
When a user view a Fill Note which is added at Processing Pharmacy during the processing of Air Support Shared Production Review item selected via N-Key logic, system shall display the Fill Note with the following modifications:
System shall display Processing Store Number to reflect Processing Pharmacy indication.
System shall display the credentials of the Processing Pharmacy user",Yes
FARx.DE.01.1565,"Moved from DE.01.43
View Detail
The user will have the ability to view fill notes details",Yes
FARx.DE.01.1566,"Moved from DE.01.43
Add
The user can enter a note and associate it to the current prescription-fill. 
A maximum of 200 characters can be entered 
Fill Notes are specific to the prescription-fill on which the data is entered.
Selecting to save the note will prompt for standard credentials – refer to DE.01.1567",Yes
FARx.DE.01.1567,"Moved from DE.01.43 and updated
When a fill note is entered, upon successful credentialing, the system will capture the users credentials entered to complete Data Entry, the date and time of the entry, and the Store # where the note was created.
When a Central Pharmacy user adds a Fill Note during processing of Air Support Shared New Rx – Prescriber eRx/Production Review item, system shall save the Fill Note with an indication that it was added at Central Pharmacy.
When a Processing Pharmacy user adds a Fill Note during processing of Air Support Shared Production Review item via N-Key logic and that pharmacy is different than Source Pharmacy, system shall save the Fill Note with an indication that it was added at Processing Pharmacy.",Yes
FARx.DE.01.1568,"Production Review Note
Upon selection of the Production Review Note navigation option, the system shall check if a Production Review Note exists for the prescription (not the fill)
If no (Production Review Note does not exist for the prescription), the system shall display the Add message (refer to DE.01.1566 modified per DE.01.1591
If yes (Production Review Note exists for the prescription), the system shall display the Production Review Note message (continue to DE.01.1569)",No
FARx.DE.01.1569,"The system shall display the Production Review Note message asfollows–
Production Review Note - Refer to DE.01.1570
Instruction – indicating what the user can do
Attributes
Current Production Review Note - refer to DE.01.1572
Crrent Production Review details - refer to DE.011573
Ne– Production Review Note - refer to DE.01.1574
Navigation Options:
Edit Current Note – refer to DE.01.1577
Continue – refer to DE.01.1579
Exit – refer toDE.01.1–87
Convert to Fill Note - refer to DE.01.1588",No
FARx.DE.01.1570,The system shall indicate the user is viewing/adding the Production Review Note on the message.,No
FARx.DE.01.1571,The system shall place cursor focus on the navigation bar on initial load of the Production Review Note message.,No
FARx.DE.01.1572,"The system shall display a Current Production Review Note and an accompanying, non-editable grayed out (display only) text box field (refer to DE.01.1573).",No
FARx.DE.01.1573,"The system shall display the following non editable details related to the existing Current Production Review Note:
Date Entered – date/time stamp
Store # - Store number (of the store where the note was entered)
Credentials – credentials (same as displayed on the View Fill Detail message) of the pharmacist",No
FARx.DE.01.1574,The system shall display the New Production Review Note field as an editable text box (refer to DE.01.1575).,No
FARx.DE.01.1575,"The system shall allow up to a maximum of 200 characters to be entered.
The system will display a standard max characters limit reached message when the user tries to exceed the 200 character limit.",No
FARx.DE.01.1576,"Deleted
When focus is on the New Production Review Note field, the system shall:
Provide help text representing available short codes to use when entering the Production Review Note (refer to DE.01.1592)",No
FARx.DE.01.1577,"Edit Current Note: When this option is selected, the system shall pre-populate the existing Production Review Note in the New Production Review Note text box field with cursor focus after the last character without highlighting the available text in the New Production Review Note field (to allow the user to make any edits).
The system shall provide the following help text: Enter freeform text.
Cursor arrow behavior shall perform as defined for the Extended SIG text box (refer to DE.01.1621)",No
FARx.DE.01.1579,"Continue
The system shall disable this navigation option on initial load of the message.
The system shall enable this navigation option only once the Edit Current Note navigation option has been selected – continue to DE.01.1580",No
FARx.DE.01.1580,"Upon continuing from the Production Review Note message, the system shall check if any characters have been entered in the New Production Review Note field
If true (any characters exist with the exception of only space(s)), the system shall check if there has been any change between the Current Production Review note and the New Production Review note – continue to DE.01.1583
If false (the field is empty), the system shall display an error message (refer to DE.01.1581)",No
FARx.DE.01.1581,"The system shall display an error message as follows:
Message:  indicating the field cannot be empty
Navigation option:  Continue – refer to DE.01.1582",No
FARx.DE.01.1582,"When selected Continue is selected, the system shall:
Close the error message
Return cursor focus on the New Production Review Note text box field",No
FARx.DE.01.1583,"The system shall perform as follows:
If true (change was detected), the system shall prompt for standard credentials – refer to DE.01.1584
If false, the system shall:
Close the Production Review Note message 
Return focus to the screen from where Fill Not option was selected.",No
FARx.DE.01.1584,"Scan/Enter Credentials:
When the store user enters invalid credentials and continues, the system shall continue from DE.01.1585
When the store user enters valid credentials and continues, the system shall continue from DE.01.1586",No
FARx.DE.01.1585,"When the store user enters an invalid credentials and continues, the system shall display standard credential error message.
Upon continuing from the error message, the system shall display back the Production Review Note message with the cursor focus on the navigation bar.",No
FARx.DE.01.1586,"When the store user has entered valid credentials, the system shall perform as follows:
Change the existing Production Review note: 
Change the prior/existing Production Review Note to a regular (existing) Fill Note (i.e. it is no longer a Production Review Note)
Capture the associated data (as it is currently captured when creating a new fill note)
Add a New Production Review note – capture:
The note as a Production Review Note
The store number from where the note was entered
The user credentials of the user who added the note
Date/time when the note is added
Close the Production Review Note message
Return focus to the screen from where the Fill Note option is selected",No
FARx.DE.01.1587,"Exit
When selected, the system shall:
Close the message
Return focus to the originating screen from where the View Fill Notes message was initiated",No
FARx.DE.01.1588,"Convert to Fill Note
Upon selection, the system shall prompt a credential message
When the store user enters invalid credentials (invalid RPH or any Tech credentials) and continues, the system shall continue from DE.01.1589
When the store user enters valid RPH credentials and continues, the system shall continue from DE.01.1590",No
FARx.DE.01.1589,"When the store user enters an invalid credentials and continues, the system shall display standard credential error message.
Upon continuing from the error message, the system shall display back the Production Review Note message with the cursor focus on the navigation bar.",No
FARx.DE.01.1590,"When the store user has entered valid credentials, the system shall change the existing Production Review note as follows: 
Change the prior/existing Production Review Note to a regular (existing) Fill Note (i.e. it is no longer a Production Review Note)
Capture the associated data (as it is currently captured when creating a new fill note) including store number
Close the Production Review Note message
Return focus to the screen from where the Fill Note option is selected",No
FARx.DE.01.1591,"Add message for Production Review Note
The system shall display the existing Add message modified as follows:
Indicate the user is adding a Production Review Note
Instruction – specific to roduction Review Note
Help Text - representing available short codes to use when entering the Production Review Note (refer to DE.01.1592)
Place cursor focus on the Note field",No
FARx.DE.01.1592,"When the user enters one of the following short codes, the system shall automatically populate the note field with the associated text:
A – Tell patient to make appt with prescriber (add note to label)
B – Call patient when RX is ready
C – Ask patient for new insurance (add note to label)
D – Attach FlavorRX sheet to label",No
FARx.DE.01.1593,"Upon successful credentialing, when the Add message was initiated from the Production Review Note navigation option (when no existing Production Review Note was detected), the system shall perform as follows:
Capture below information for the Production Review Note
The note as a Production Review Note
The store number from where the note was entered
The user credentials of the user who added the note
Date/time when the note is added
Close the Add message
Return focus to the screen from where the Fill Note Option was selected.",No
FARx.DE.01.1594,"Within RxConnect when Fill Note is added from any other places except via View Fill Note function, the system shall automatically save the Store number as the store which is adding or updating the note.
Note: Capturing Store number from the View Fill Note functions requirements have been already captured in the above requirements.",Yes
FARx.DE.01.1595,"In all places within RxConnect that Fill Notes are embedded (such as in a table) on a screen or message, the system shall NOT include Fill Notes which have been designated as a Production Review Note.",No
FARx.DE.01.1596,"Moved from DE.01.43 and updated
Fill Note cannot be printed. 
Production Review Note cannot be printed
Fill Notes and Production Review Notes will not be available to print if the user elects to perform a Screen Print

* Note: Production Review Note not available in Offline.",Yes*
Alternate Flow 15,Enter / View SIG and or Extended SIG,
Sr. No.,Action,Offline
FARx.DE.01.1597,"Moved from DE.01.12
SIG Field:
When data entering a new fill, the user can perform one of the following on the SIG field based upon the administrative options:
Enter a SIG Code*
Enter free-text SIG
Choose from suggested SIGs*

*Not available in Offline",Yes*
FARx.DE.01.1597,"Moved from DE.01.12
SIG field Help Text:
When the focus is on the SIG field, the system shall display the help text as given below:
The system shall check if the dispensed drug has any active suggested SIG association at the GCNSEQNO level or NDC level (Refer to FAAM.SG.02 – Associate suggested SIG)*. 
The active SIGs associations at the NDC level take precedence over the SIGs associated at the GCNSEQNO level. 
If there are active SIG associations at both the NDC and GCNSEQNO level and the “Remove SIG association for this NDC” option is NOT set to true, then the suggested SIGs at the NDC level shall be used by the system
If there are active SIG associations at the NDC level, but no associations or active associations at the GCNSEQNO level, and the “Remove SIG association for this NDC” option is NOT set to true, then the suggested SIGs at the NDC level shall be used by the system.
If there are active SIG associations at the GCNSEQNO level, but no SIG association or active SIG associations at the NDC level and the “Remove SIG association for this NDC” option is NOT set to true, then the suggested SIGs at the GCNSEQNO level shall be used by the system. 
If there are no associations or active SIG associations at the NDC level and at the GCNSEQNO level or if the “Remove SIG association for this NDC” option is set to true for the dispensed NDC, then the system shall determine that there are no active suggested SIG associations for the drug. 
If there are active suggested SIG associations for the dispensed drug, the system shall display the following help text.
“Enter SIG Code OR Freeform SIG text
               OR
Select suggested SIG code
X - <SIG 1>
Y - <SIG 2>
Z - <SIG 3>”
Where <SIG 1>, <SIG 2> and <SIG 3> are expanded text of the SIG codes in English associated at the NDC level if any or at the ,GCNSEQNO level if there are no suggested SIG associations at the  NDC level.
If there are suggested SIGs associated to the drug, it can be a minimum of one to a maximum of three. Depending on the number of associations, the system shall display the SIGs against X, Y and Z.
When the system checks for SIG associations, the system shall check only the associations that are active.
Refer to FAAM.SG.02 Associate suggested SIG.doc.
If there are no suggested SIG associations at the GCNSEQNO or NDC level or if at the NDC level, the option “Remove SIG associations” is set to true, the system shall display the help text given below:
“Enter SIG Code OR Freeform SIG text”
If the “Initiate Prescriber Request” option is set to “Enable” for the store (Refer to FAAM.AP.01b Corp Root #1294) the system shall include the following*: 
“To initiate a prescriber request enter: 
 -  /PR”
When entered here the system shall skip any field validations and proceed to the prescription request. (Refer to FARx.IPR.01)
The system shall include the help text to open Extended SIG message* 
Help Text – “/ EXT”
When the store user enters ‘/EXT’ (/EXT is the only text in the SIG field) and selects to enter, the system shall display extended SIG message mentioned in DE.01.1610
The above help text shall display without disrupting or blocking any other information on the screen (e.g., eRx information)*.
In Offline, the system shall display the help text for the user to enter free form SIG text.

*Not available in offline",Yes*
FARx.DE.01.1598,"Moved from DE.01.12
Character Counter
The system shall display an indicator of the number of characters used in the SIG in the form X / Y. Where X is the number of character used and Y is the maximum number of characters allowable.
    Example: 85 /100",Yes
FARx.DE.01.1599,"Moved from DE.01.12
Enter a SIG code
The system validates the code and then displays the complete instruction.*
The user shall have the ability to string multiple SIG codes together by using a semi-colon (e.g. 1t;po;qid;prnp    - which translates to: Take 1 tablet by mouth four times daily as needed for pain)*
The system must allow a combination of both SIG code and free-text in the SIG text box.  The values must be separated by using a semi-colon.*",No
FARx.DE.01.1600,"Moved from DE.01.12
Choose from Suggested SIGs*
If there are suggested SIGs associated to the drug, the system shall display those in the help text*. (refer to DE.01.1599)
The suggested SIGs are marked X, Y and Z depending on the number of associated SIGs. The user will use one of these short codes to select the suggested SIG*.
When the user selects a code (X, Y or Z) and moves on to the next field, the system shall treat it similar to the user entering the actual SIG code associated to the selection and expands the code and does days supply calculation as needed*. This involves translating to Spanish if required (refer to DE.01.14)
The system shall also record against the suggested SIG code associated to the GCNSEQNO or NDC level, depending on what was used, that the code was selected by the user. The system shall record this data in the form of incrementing the usage number of the associated SIG*.
Once a suggested SIG is selected, the system shall follow the same rules as given when a user chooses to “Enter a SIG code” and treat it similar to user entering the actual SIG code (Refer to DE.01.1601)*.",No
FARx.DE.01.1601,"Moved from DE.01.12
When a user enters a SIG code or uses a suggested SIG short code and enters off of the field (regardless of user has entered free form SIG text or not), the SIG code shall be converted to expanded text (refer to DE.01.1602 for SIG Code expansion checks):
When the user enters a particular SIG code or text string, the results should be dynamic.*
For example, if the drug is Atenolol 50mg tablets and the user enters QD in the SIG field, the results will be returned as: Take 1 tablet by mouth daily.
The system shall auto populate the correct value: verb, route, and unit if a SIG code is entered and does not include such values.  These values will be derived from the Dispensed Product and will be used as system defaults. *",No
FARx.DE.01.1602,"Moved from DE.01.12 and updated for Retail Workload Sharing project
When expanding the SIG codes, the system shall perform thebelow validations:
Q24 SIG code - Refer to DE.01.1605
Invalid SIG code – Refer to DE.01.1629
When the validations passes, the system shall continue from DE.01.1603
When the validations fails, the system shall display corresponding error message mentioned in DE.01.1605 / 1629",No
FARx.DE.01.1603,"The system shall validate if the expanded SIG value exceed 100 characters
When the expanded SIG characters exceed 100, the system shall display an extended SIG message as mentioned in DE.01.1610
When the expanded SIG characters do not exceed 100, the system shall continue from DE.01.1604",No
FARx.DE.01.1604,"The system shall perform the additional SIG validations (CA state) mentioned in DE.01.1629
When the validations passes, the system shall place the cursor focus on the next available empty data entry field (refer to the main flow for the data entry field requirements)
In case there isn’t any empty data entry field available on the data entry screen, the system shall move the cursor focus on the navigation bar of the data entry screen
When any one of the validation fails, the system shall display corresponding error message
*Not available in Offline",No
FARx.DE.01.1605,"Moved from DE.01.12 and updated for Retail Workload Sharing project
Q24 Validations:
The system shall check to see if there is a consecutive occurrence of the characters “Q”, “2” and “4” in that order anywhere in the SIG (both sig code and the expanded/free form sig) in which case, the system shall 
Display an error message indicating Q24 is not an acceptable SIG
Upon continuing from the error message, the system shall place the cursor focus back to the SIG / Extended SIG field
Note: The actual Q24 error message text is NOT changed here, the exact error text is removed from here as it should not mentioned in the FAD.",No
FARx.DE.01.1606,"Moved from DE.01.12 and updated for Retail Workload Sharing project
Enter a free-text SIG
The SIG field shall allow for a maximum of 100 characters. 
When in Offline* the user attempts to enter 101st character in existing SIG field, the system shall 
Display an error a message the user to inform that the maximum number of characters has been exceeded when the maximum character length (100 characters) has been exceeded.
Or
Display an error message to the user if failed Q24 validations mentioned in DE.01.1605 
When in Uptime the user attempts to enter 101st character in existing SIG field (without a SIG code), the system shall display SIG character length message as mentioned in DE.01.1607",Yes*
FARx.DE.01.1607,"When the user attempts to enter 101st character in existing SIG field, the system shall display SIG character length message as mentioned below:
Instructions: Instructions for SIG characters length
Navigation Options:
Continue (refer to DE.01.1608)
Exit (refer to DE.01.1609)",No
FARx.DE.01.1608,"When the store user selects to continue from SIG character length message, the system shall:
Close the SIG character length message
Display an Extended SIG message as mentioned in DE.01.1610",No
FARx.DE.01.1609,"When the store selects to exit from SIG character length message, the system shall:
Close the SIG character length message
Return focus to existing SIG field in originating Data Entry Screen
Retain the original SIG information that was entered prior to coming to updated SIG Error Message
Place the cursor focus after the last character in the SIG field
Highlight the SIG field text",No
FARx.DE.01.1610,"Extended SIG message
The system shall display Extended SIG message with following characteristics:
Instruction: Instructions for the user to enter/view an Extended SIG
Field :
Etended –IG: refer to DE.01.1612 - 1623
Navigation Options :
Select Line: refer to DE.01.1633 (this option not available  when this message is opened during Refill data entry / Error Review view / applicable Request Detail View when opened in un-editable mode)
Continue: refer to DE.01.1634 (this option not available  when this message is opened during Refill data entry/Error Review View /  applicable Request Detail View when opened in un-editable mode)
Exit: refer to refer to DE.01.1638

When the prescription being data entered is an electronic Rx (Refer to FARx.GEN.01. Alternate Flow 5 for manual eRx or FARx.ARx.08 for Automated eRx), the system shall the display extended SIG message exceptions listed in DE.01.1804

NOTE: Refill (Fill# >00) data entry will include one of the followings, but not limited to: 
Manual Refill
Transfer In – CVS Refill
Fill acquired file by
Edit Refill
Electronic Transfer from other CVS pharmacy",No
romptFARx.DE.01.1611,The system shall ensure that the Drug field on the data entry screen is NOT covered by the Extended SIG message when the Extended SIG message is displayed.,No
FARx.DE.01.1612,"The system shall display the character counter right next to the Extended SIG field as listed below.
<Actual number of the characters present in the Extended SIG field>/100",No
FARx.DE.01.1613,The system shall display help text to enter the extended SIG information next to the Extended SIG field.,No
FARx.DE.01.1614,The system shall place the cursor focus after the last character highlighting the available text within the Extended SIG field.,No
FARx.DE.01.1615,"When an extended SIG is not available on the current prescription prior to coming to the Extended SIG message (e.g. the store user comes on this screen first time during new Rx data entry, etc.), the system shall display the text entered in the existing SIG field on the new Rx screens.",No
FARx.DE.01.1616,"When an extended SIG is already available on the current prescription prior to coming to the Extended SIG message (e.g. during Generate from existing Rx or request, Data Entry eRx or during New Rx data entry, etc.), the system shall display the extended SIG text within the Extended SIG field.
For eRx-Data Entry scenario (FARx.ARx.08) , the system will pre-populate the information received in the eRx transaction when opened during eRx-data entry.",No
FARx.DE.01.1617,The system shall wrap text entered in the Extended SIG field and bring cursor focus on next line.,No
FARx.DE.01.1618,The system shall allow the store user to enter up to 15 lines to be entered in the Extended SIG field.,No
FARx.DE.01.1619,The system shall allow the store user to enter up to 1000 characters in the Extended SIG field.,No
FARx.DE.01.1620,The system shall bring the cursor focus on the next line (a new unique line) when the store user enters <CTRL+ENTER> from the keyboard.,No
FARx.DE.01.1621,"The system shall allow the store user to move up, down, left and right using respective arrow keys within the Extended SIG Field from the keyboard.",No
FARx.DE.01.1622,"The system shall disable the extended SIG field from being edited, when the Extended SIG message is opened from anywhere else except the new Rx (Fill# = 00) data entry screens (e.g. from during Refill data entry or request view, etc.) within an un-editable mode.
NOTE: Refill data entry will include one of the followings, but not limited to: 
Manual Refill
Transfer In – CVS Refill
Fill acquired file by
Edit Refill
Electronic Transfer from other CVS pharmacy",No
FARx.DE.01.1623,"Upon continuing from the Extended SIG field, the system shall check if a Short Code (refer to requirements mentioned in the DE.01.1601 for the SIG code determination) is present within the SIG entered.
When a Short code is present within the SIG entered, the system shall continue from DE.01.1624
When a Short code is NOT present within the SIG entered, the system shall continue from DE.01.1627 to perform additional SIG validations",No
FARx.DE.01.1624,"When a Short code is present within the SIG entered, the system shall expand the SIG as per the functionality mentioned in DE.01.1603 and behaves as below.
When the expanded SIG characters exceeds either max allowed lines (15 lines) OR max allowed characters limit (1000 characters), the system shall display an error message as mentioned in DE.01.1625
When the expanded SIG characters do not exceed max allowed lines (15 lines) and max allowed characters limit (1000 characters), the system shall continue from DE.01.1627 to perform additional SIG validations",No
FARx.DE.01.1625,"When the expanded SIG characters exceeds either max allowed lines (15 lines) or max allowed characters limit (1000 characters), the system shall display below error message.
Instructions: Instructions for Extended SIG character length error
Navigation Options:
Continue:  Refer to DE.01.1626",No
FARx.DE.01.1626,"Upon continuing from the error message, the system shall 
Close the SIG error message 
Retain the expanded SIG characters ONLY up to max allowed lines (15 lines and max allowed characters limit (1000 characters) 
Place the cursor focus after the last character in the Extended SIG field
Highlight the Extended SIG field text",No
FARx.DE.01.1627,"System shall perform the below SIG validations when continuing from the Extended SIG field or upon expansion of the SIG code (when SIG code is present in the extended SIG field).
Invalid Short Code (refer to DE.01.1629)
“Q”, “2” and “4” (refer to DE.01.1605)
CA State (refer to DE.01.1630)
When all of the validations passes, the system shall place the cursor focus on the Extended SIG message
When any one of the validation fails, the system shall display corresponding error message and upon continuing from the error message, the system shall place cursor focus on the Extended SIG field",No
FARx.DE.01.1628,"Moved from DE.01.13 and updated for Retail Workload Sharing project
When the user navigates back to the SIG field or Extended SIG field:
The data shall remain in expanded free-text format. 
The entire SIG text shall be highlighted
The cursor focus shall be after the last character of the SIG / Extended SIG text
For SIG field – 
Allow the store user to move up, down, left and right using respective arrow keys within the SIG Field from the keyboard
If the uer hs the ability toenter S“G""code"" information or ""free text"" information to the expanded text (when the expanded text is added to, partially deleted or entirely deleted). (apply the same rule for SIG code entry / expansion / SIG validations as mentioned above – Refer to DE.01.1601, 1603, 1604, 1627)",No
FARx.DE.01.1629,"Moved from DE.01.14 and updated for Retail Workload Sharing project
The system shall perform the below processing for Spanish Vs. English translation of the SIG text/code.
If the patient’s preferred language is Spanish, and the SIG is entered with a Spanish translation, and the system is configured with Spanish as an accepted language, then the Spanish translation shall be available for printing.  Note:  free-form text will not be translated; therefore it would remain as written. 
If a user selects a SIG that does not have an equivalent translated version based upon the patient preferences, the system shall display an error message indicating the user SIG code translation is not available for the SIG code entered.
Upon continuing from the error message, the system shall bring the focus back to the SIG / Extended SIG field
Note: The actual SIG code translation error message text  is NOT changed here, the exact error text is removed from here as it should not mentioned in the FAD.
The expanded SIG text displayed in Data Entry shall display in Patient’s Preferred Language.",No
FARx.DE.01.1630,"Moved from DE.01.150 and updated for Retail Workload Sharing project
The system shall determine if the following conditions have been met and continue thru DE.01.1631, 1632 
Conditions
Store Address State = CA 
Or 
Dispensing Facility is a Mail Order Facility, refer to (FAAM.FM.01_Facility Maintenance(Administrator).doc) and the patients primary address state = CA
And
The Expanded SIG contains a continuous string of text and special characters that is => 18 characters in length (see below for a list of special characters)

Special Characters:",No
FARx.DE.01.1631,"Moved from DE.01.150 and updated for Retail Workload Sharing project
When appropriate conditions mentioned in DE.01.1630 have been met, the system shall display a dialog with the following text and the option to continue.
Text:
“The SIG contains an entry with 18 or more letters and characters without a space.
Change the SIG to include a space before or after any special characters, such as (  ), &, /, etc.…”
Upon continuing from the dialog, the system shall set the cursor focus in the SIG / Extended SIG field.",No
FARx.DE.01.1632,"Moved from DE.01.150 and updated for Retail Workload Sharing project
When appropriate conditions mentioned in DE.01.1630 have been met, the system shall 
Continue to the next field (if the cursor focus was on the SIG field) 
Or
Extended SIG message navigation bar (if the cursor focus was on the Extended SIG field)",No
FARx.DE.01.1633,"Select Line
When the user has selected a valid line number from the navigation bar of extended SIG message, the system shall
Place the cursor focus after the last characters in the Extended SIG field
Highlight the Extended SIG field text",No
FARx.DE.01.1634,"Continue
When the user select the option to continue from extended SIG message, the system shall check the SIG text entered in the Extended SIG field exceeds 100 characters and behaves as below:
When SIG text entered in the Extended SIG field exceeds 100 characters, the system shall continue processing from DE.01.1635
When SIG text entered in the Extended SIG field do not exceed 100 characters, the system shall continue processing from DE.01.1637
When SIG text entered in the Extended SIG the system will also perform the Credit Card Validation, refer to Alternate Flow 27",No
FARx.DE.01.1635,"When SIG text entered in the Extended SIG field exceeds 100 characters, the system shall  
Close the Extended SIG message
Capture the information mentioned in DE.01.1636
Display back the data entry screen from where the Extended SIG message was opened with the below static tex in the–SIG field
Static Text 1 - SELECT TO VIEW EXTENDED SIG
Empty out the Day’s Supply field (if it was already populated before coming to the Extended SIG message) 
Move the cursor focus to the next available empty data entry field (refer to the Main flow for data entry field requirements)",No
FARx.DE.01.1636,"The system shall record the below information against the prescription. 
Extended SIG Text
Extended SIG codes (if entered in Extended SIG field)
SIG field Text
Static Text 2: Please see attached for detailed directions. (for the existing SIG field)
Note 1: This Static Text 2 shall be displayed on existing RxC screens or label where is displays the SIG text today (in upper case / lower case as applicable)
Note 2: This Static Text 2 shall be reported to any other system (e.g. send to any existing RxC interfaces) to where ever the ‘SIG’ text is currently reported/sent upon.",No
FARx.DE.01.1637,"When SIG text entered in the Extended SIG field do not exceed 100 characters, the system shall 
Close the Extended SIG message
Capture the information mentioned in DE.01.1646
Display back the Data entry screen from where the Extended SIG message was opened with the following text in the SIG field
System shall display the text entered in Extended SIG field (i.e. This will be the normal SIG and will not be considered as extended SIG)
Move the cursor focus to the next available empty data entry field (refer to the Main flow for data entry field requirements)
If no empty data entry field available, then the cursor focus shall go on the navigation bar of the screen",No
FARx.DE.01.1646,"Moved from DE.01.150 and updated for Retail Workload Sharing project
The system shall record against the prescription whether the SIG code was entered, a suggested SIG was used or a free-text SIG was entered.
This information will be captured regardless the user is continuing from the Extended SIG message (when SIG text does not exceed 100 characters) or user is continuing from the SIG field.",No
FARx.DE.01.1638,"Exit 
When the store user selects the option to exit from the Extended SIG message, the system shall 
Close the Extended SIG message
Display back the Data entry screen from where the Extended SIG message was opened
Populate SIG field with the text associated/entered in SIG field (from data entry screen) originally before moving on the extended SIG message (Applicable only for Data Entry screens)
For Automated eRx data entry screen, the system will keep SIG information up to 100 characters if the user decides to exit out from extended SIG error message (i.e. in case when SIG was not interpreted successfully by the system) 
Cursor Focus:
For Data Entry Screen  - Refer to DE.01.1639
For any other screen (e.g. Error Review View / Request Detail View / Control Substance Review)  - Place cursor focus on the navigation bar of the Detail screen from where the View Extended SIG message is opened",No
FARx.DE.01.1639,"The system shall place the cursor focus as per the below functionality, when the store user has selected to exit from the Extended SIG message.
Fr New Fill (Fill # 00) scenario - Refer to DE.01.1640
For Refill (Fill# > 00) scenario: - Refer to DE.01.1641",No
FARx.DE.01.1640,"For New Fill (Fill # 00) scenario: 
If the extended SIG was present earlier before coming to the extended SIG message, the system shall move the cursor focus to the next available empty data entry field (refer to the Main flow for data entry field requirements)
If no empty data entry field available, then the cursor focus shall go on the navigation bar of the screen
If the extended SIG was NOT present earlier before coming to the extended SIG message, the system shall keep the cursor focus within the SIG field
For Automated eRx data entry screen, the system will keep SIG information up to 100 characters if the user decides to exit out from extended SIG error message (i.e. in case when SIG was not interpreted successfully by the system)",No
FARx.DE.01.1641,For Refill (Fill# > 00) scenario: The system shall place the cursor focus on the navigation bar of the data entry screen.,No
FARx.DE.01.1642,"If an extended SIG is already entered/available during data entry of a prescription, the system shall display the Static text 1 within the SIG field/text on New Rx (Fill# 00) data entry screen(s).",No
FARx.DE.01.1643,"When the store user moves the cursor focus back on the SIG field (e.g. by arrow key or selecting line number), the system shall display the extended SIG message (refer to DE.01.1610) directly, if an extended SIG is entered earlier on the New Rx (Fill# 00) data entry screen(s).",No
FARx.DE.01.1644,"The system shall display the Static text 2 (captured in DE.01.1623) within the SIG field/text on any existing RxConnect screen/forms (e.g. on any existing Refill data entry screens, etc.), when following conditions are true:
Extended SIG is available on the prescription
SIG being displayed on the screen/forms is non-editable.",No
FARx.DE.01.1645,"Moved from DE.01.15 
Free form and/or adjusted SIG values apply only to the current prescription and shall NOT be available for use on subsequent new prescriptions.",No
Post Condition,SIG / Extended SIG is successful entered/viewed.,
Alterate Flo– 16,Opioid to OTC Offer - Manually Entered Rx,
Sr. No.,Action,Action
FARx.DE.01.1978,"Manual Data Entry
On completion of manual data entry, just before credentialing, the system shall run the eligibility checks defined in DE.01.1979, to determine if an Opioid to OTC offer shall be triggered.","Manual Data Entry
On completion of manual data entry, just before credentialing, the system shall run the eligibility checks defined in DE.01.1979, to determine if an Opioid to OTC offer shall be triggered."
FARx.DE.01.1979,"Opioid to OTC Eligibility Checks
The opioid prescription must meet all the following conditions to be eligible for the Opioid to OTC Offer:
Fill 00
NDC is found on the Opioid Concurrent risk group table (Refer to FAIN.DL.02)
NDC is identified as an opioid (i.e. Concurrent Risk Group = 1)
Days supply equal to or less than 7 days
Prescriber is identified as a Dentist
Patient’s age is equal to or greater than 12 years 
Patient is NOT a pet
Prescription is NOT a compound","Opioid to OTC Eligibility Checks
The opioid prescription must meet all the following conditions to be eligible for the Opioid to OTC Offer:
Fill 00
NDC is found on the Opioid Concurrent risk group table (Refer to FAIN.DL.02)
NDC is identified as an opioid (i.e. Concurrent Risk Group = 1)
Days supply equal to or less than 7 days
Prescriber is identified as a Dentist
Patient’s age is equal to or greater than 12 years 
Patient is NOT a pet
Prescription is NOT a compound"
FARx.DE.01.1980,"If ALL the eligibility conditions defined in DE.01.1979 have been met and the prescription is manually data entered, the system shall:
Display the Opioid to OTC offer dialog (Refer to DE.01.1981 for dialog details).","If ALL the eligibility conditions defined in DE.01.1979 have been met and the prescription is manually data entered, the system shall:
Display the Opioid to OTC offer dialog (Refer to DE.01.1981 for dialog details)."
FARx.DE.01.1981,"Opioid to OTC Dialog
The system shall display the below prompt to the user for a pharmacist consultation:

Title: Message
Message: 
“Attention: The Pharmacist on duty must perform mandatory consultation with this patient/caregiver
This Rx for acute dental pain is not recommended first line therapy (per American Dental Association). 
If the patient wants to try the recommended OTC therapy prior to this Rx, it will be put on hold for the next 7 days
Visit RxNet Legal and Regulatory page and click on Opioid to OTC for more info.
Would the patient like to accept or decline the OTC therapy instead of the opioid prescription?”

Navigation Options: 
Accept (Refer to DE.01.1982)
Decline (Refer to DE.01.1983)
Exit (Refer to DE.01.198)","Opioid to OTC Dialog
The system shall display the below prompt to the user for a pharmacist consultation:

Title: Message
Message: 
“Attention: The Pharmacist on duty must perform mandatory consultation with this patient/caregiver
This Rx for acute dental pain is not recommended first line therapy (per American Dental Association). 
If the patient wants to try the recommended OTC therapy prior to this Rx, it will be put on hold for the next 7 days
Visit RxNet Legal and Regulatory page and click on Opioid to OTC for more info.
Would the patient like to accept or decline the OTC therapy instead of the opioid prescription?”

Navigation Options: 
Accept (Refer to DE.01.1982)
Decline (Refer to DE.01.1983)
Exit (Refer to DE.01.198)"
–FARx.DE.01.1983,"Decline - Opioid to OTC Offer
On declining the Opioid to OTC offer, the system shall perform the following:
The navigations options shall be replaced with:
Prompt for RPh Employee ID (Refer to DE.01.1984).
Exit (Refer to DE.01.1989)
Capture OTC Rx Disposition as Decline. 
Check the Master Switch for the ‘Automatically Apply Credentials’ (Refer to DE.01.45) .
Display hard copy scan screen, per existing functionality.","Decline - Opioid to OTC Offer
On declining the Opioid to OTC offer, the system shall perform the following:
The navigations options shall be replaced with:
Prompt for RPh Employee ID (Refer to DE.01.1984).
Exit (Refer to DE.01.1989)
Capture OTC Rx Disposition as Decline. 
Check the Master Switch for the ‘Automatically Apply Credentials’ (Refer to DE.01.45) .
Display hard copy scan screen, per existing functionality."
"FARx.DE01.1984–RPh 7 Digit Employee ID - Opioid to OTC Dialog
Upon selection of Accept or Decline, the user will be prompted to enter their employee ID# or exit (Refer to DE.01.1989).
Once the 7 digit employee ID is entered, the system shall validate, in the background, that the ID is associated to a pharmacist.
If an invalid ID or Non-Pharmacist employee ID is entered, a standard error message shall display.
Upon valid pharmacist employee ID, the system shall:
Calculate the Rx expiration date = current system date + 7 calendar days (Refer to DE.01.1985 for exception).
Set the Opioid to OTC Indicator to ‘Y’.
Set the Opioid to OTC Offer Date to current system date.
Capture the OTC offer prescription data (Refer to DE.01.1987-1988).
Close the Opioid to OTC Dialog. 
Return user to Data Entry screen with focus on the navigation bar.
Continue with the existing data entry completion processing per DE.01.472.","FARx.DE01.1984–RPh 7 Digit Employee ID - Opioid to OTC Dialog
Upon selection of Accept or Decline, the user will be prompted to enter their employee ID# or exit (Refer to DE.01.1989).
Once the 7 digit employee ID is entered, the system shall validate, in the background, that the ID is associated to a pharmacist.
If an invalid ID or Non-Pharmacist employee ID is entered, a standard error message shall display.
Upon valid pharmacist employee ID, the system shall:
Calculate the Rx expiration date = current system date + 7 calendar days (Refer to DE.01.1985 for exception).
Set the Opioid to OTC Indicator to ‘Y’.
Set the Opioid to OTC Offer Date to current system date.
Capture the OTC offer prescription data (Refer to DE.01.1987-1988).
Close the Opioid to OTC Dialog. 
Return user to Data Entry screen with focus on the navigation bar.
Continue with the existing data entry completion processing per DE.01.472.",No
FARx.DE.01.1985,"State Regulated Expiration Dates
If a state regulated rule exists (Regulatory Root Options #68 – 72, 294) for expiring an Rx and that Rx is eligible for Opioid to OTC offer: 
If the state regulated number of days to expire is less than 7 days, system shall use the ‘Rx Expired On’ expiration date (Refer to DE.01.68).
If the state regulated number of days to expire is 7 days or greater, the system shall use the calculated expiration date defined in DE.01.1984 #2.a.
System shall capture the Rx expiration date.

For Example:
Regulatory App Option #68 ‘Days from Date Written Specified to Set Expiration Date for CII Rx’ for state of AZ is set to 3 days.
If a CII drug is eligible for the opioid to OTC offer in the state of AZ; the Rx will be expired after 3 days based on Regulatory App Option #68 and not 7 days calculated for opioid to OTC offer.","State Regulated Expiration Dates
If a state regulated rule exists (Regulatory Root Options #68 – 72, 294) for expiring an Rx and that Rx is eligible for Opioid to OTC offer: 
If the state regulated number of days to expire is less than 7 days, system shall use the ‘Rx Expired On’ expiration date (Refer to DE.01.68).
If the state regulated number of days to expire is 7 days or greater, the system shall use the calculated expiration date defined in DE.01.1984 #2.a.
System shall capture the Rx expiration date.

For Example:
Regulatory App Option #68 ‘Days from Date Written Specified to Set Expiration Date for CII Rx’ for state of AZ is set to 3 days.
If a CII drug is eligible for the opioid to OTC offer in the state of AZ; the Rx will be expired after 3 days based on Regulatory App Option #68 and not 7 days calculated for opioid to OTC offer."
FARx.DE.01.2360,"CII Incremental Fill Before Date
When the regulatory switch for Maximum fills allowed for a CII Rx is set to a number greater than 1 for the state/store (Regulatory Root Option #16)
If the dispensed quantity is less than the prescribed quantity (incremental/short fill), system will capture the incremental fill before date as 30 days from the date written to be used on the next incremental fill for the prescription. (Refer to FARx.DE.02.1660)","CII Incremental Fill Before Date
When the regulatory switch for Maximum fills allowed for a CII Rx is set to a number greater than 1 for the state/store (Regulatory Root Option #16)
If the dispensed quantity is less than the prescribed quantity (incremental/short fill), system will capture the incremental fill before date as 30 days from the date written to be used on the next incremental fill for the prescription. (Refer to FARx.DE.02.1660)"
FARx.DE.01.1986,"On Hold Functionality
Rx will be systemically placed on ‘normal’ On Hold, until Rx expiration date is reached (Refer to DE.01.1985), following the standard On Hold functionality, with the following modifications:
System shall NOT link the opioid Rx to any other Rx in patient profile. 
When a partial fill is dispensed, the entire Rx (quantity) will be placed on hold.
When a COOS is encountered on the Rx, the entire Rx (quantity) will be placed on hold.
Expired Rx will remain visible in the patient’s profile, check fill status and prescription fill details screens.
User will be able to manually delete on-hold Rx prior to expiration date, per existing functionality.","On Hold Functionality
Rx will be systemically placed on ‘normal’ On Hold, until Rx expiration date is reached (Refer to DE.01.1985), following the standard On Hold functionality, with the following modifications:
System shall NOT link the opioid Rx to any other Rx in patient profile. 
When a partial fill is dispensed, the entire Rx (quantity) will be placed on hold.
When a COOS is encountered on the Rx, the entire Rx (quantity) will be placed on hold.
Expired Rx will remain visible in the patient’s profile, check fill status and prescription fill details screens.
User will be able to manually delete on-hold Rx prior to expiration date, per existing functionality."
FARx.DE.01.1987,"Capture Opioid to OTC Offer Data
The system shall capture the following data for the Opioid to OTC offer and send to downstream systems:
Opioid to OTC Indicator  
Opioid to OTC Offer Date  
Prescriber (Dentist) Name
Prescriber NPI
RxC Prescriber ID
Opioid NDC
Opioid Drug Name
Opioid Prescription Number
Opioid Prescription Fill Number
Opioid Prescription Days Supply
Opioid Prescription Dispensed Quantity
Opioid Rx Expiration Date   
Opioid Rx Status (used to determine whether the Rx placed on hold, after offer accepted, was ever filled)
Patient RxConnect ID 
Store Number","Capture Opioid to OTC Offer Data
The system shall capture the following data for the Opioid to OTC offer and send to downstream systems:
Opioid to OTC Indicator  
Opioid to OTC Offer Date  
Prescriber (Dentist) Name
Prescriber NPI
RxC Prescriber ID
Opioid NDC
Opioid Drug Name
Opioid Prescription Number
Opioid Prescription Fill Number
Opioid Prescription Days Supply
Opioid Prescription Dispensed Quantity
Opioid Rx Expiration Date   
Opioid Rx Status (used to determine whether the Rx placed on hold, after offer accepted, was ever filled)
Patient RxConnect ID 
Store Number"
FARx.DE.01.1988,"Capture Opioid to OTC Offer Data
The system shall Only capture the following Opioid to OTC offer data for manually data entered prescriptions and shall send to dowstream systems:
RPh Employee ID - OTC Offer (Refer to DE.01.1984)
OTC RxC Disposition (Refer to DE.01.1981, 0.1983)","Capture Opioid to OTC Offer Data
The system shall Only capture the following Opioid to OTC offer data for manually data entered prescriptions and shall send to dowstream systems:
RPh Employee ID - OTC Offer (Refer to DE.01.1984)
OTC RxC Disposition (Refer to DE.01.1981, 0.1983)"
FARx.DE.01.1989,"Exit - Opioid to OTC Offer
On exiting from accepting/declining the Opioid to OTC offer or entering the employee ID, the system shall: 
Close the Opioid to OTC Dialog. 
Return the user to the Data Entry screen with focus on the navigation bar.
No prescription data will be saved.
No OTC offer data will be saved (Refer to DE.01.1987-1988).
Continue with the existing data entry completion processing per DE.01.472.
System shall re-execute the Opioid to OTC eligibility check for this fill (Refer to DE.01.199).","Exit - Opioid to OTC Offer
On exiting from accepting/declining the Opioid to OTC offer or entering the employee ID, the system shall: 
Close the Opioid to OTC Dialog. 
Return the user to the Data Entry screen with focus on the navigation bar.
No prescription data will be saved.
No OTC offer data will be saved (Refer to DE.01.1987-1988).
Continue with the existing data entry completion processing per DE.01.472.
System shall re-execute the Opioid to OTC eligibility check for this fill (Refer to DE.01.199)."
FARx.DE.01.1990,"Escape - Opioid to OTC Offer
On escaping from accepting/declining the Opioid to OTC offer or entering the employee ID, the system shall:
Close the Opioid to OTC Dialog. 
Return the user to the RxC home page, with the focus on navigation bar.
No prescription data will be saved.
No OTC offer data will be saved (Refer to DE.01.1987-1988).
System shall re-execute the Opioid to OTC check for this fill (Refer to DE.01.1979), if data entry for this opioid Rx is re-initiated.","Escape - Opioid to OTC Offer
On escaping from accepting/declining the Opioid to OTC offer or entering the employee ID, the system shall:
Close the Opioid to OTC Dialog. 
Return the user to the RxC home page, with the focus on navigation bar.
No prescription data will be saved.
No OTC offer data will be saved (Refer to DE.01.1987-1988).
System shall re-execute the Opioid to OTC check for this fill (Refer to DE.01.1979), if data entry for this opioid Rx is re-initiated."
FARx.DE.01.1991,"Once the Opioid to OTC offer has been dispositioned (i.e. Accept/Decline), the system shall NOT re-execute the Opioid to OTC eligibility check (Refer to DE.01.1979) for the same opioid Rx.","Once the Opioid to OTC offer has been dispositioned (i.e. Accept/Decline), the system shall NOT re-execute the Opioid to OTC eligibility check (Refer to DE.01.1979) for the same opioid Rx."
FARx.DE.01.1992,"EDIT 
The Opioid to OTC eligibility check (Refer to DE.01.1979) shall NOT be executed during any edit flow.","EDIT 
The Opioid to OTC eligibility check (Refer to DE.01.1979) shall NOT be executed during any edit flow."
Post Condition,Opioid to OTC Offer is displayed and dispositioned and data captured.,
Alternate Flow 17,Decline 90 Day Navigation Option,
Sr. No.,Action,Offline
FARx.DE.01.2005,"Decline 90 Day Supply Navigation Option 
The Decline 90 Day Navigation option shall be displayed when all f the below conditions are et:
""Decline 90 Day prescription"" configuration is enabed (FAA“.AP.01b Reg Rot#1735” 
""Enable 90 Day program"" configuration is set to Yes (FAAM.AP.01b Reg Root#1150) 
Prescription being entered is a 00 fill",No
FARx.DE.01.2006,"When all the above conditions are met, the Decline 90 Day Supply Navigation option shall display on the data entry screen during
Pre-data Entry (FARx.DE.04)
Manual Data Entry (FARx.DE.01)
Data Entry Completion (FARx.DE.01)
Manually generating a prescription (FARx.GEN.01)
Manual data entry of a Chain Transfer In (FARx.TF.01)
Manual data entry of a Competitor Transfer In (FARx.TF.01)
Manual data entry of an On Hold prescription (FARx.OH.01)",No
FARx.DE.01.2007,"Once the Decline 90 Day Navigation option has been selected it shall appear on the screen as disabled to prevent it from being selected again.
For a shared item, when the user selects this nav option, the system shall display an error message indicating this option is not available and instructing the user to identify a 90 day decline as part of dr notes (which would be scanned in). Continuing from this error message, the focus will return to the nav bar of the pre data entry screen.",No
FARx.DE.01.2008,"When the prescription is declined for 90 Day and credentials are successfully captured, the following will occur:
The 90 day patient level status will remain unchanged (for example, if patient status was accepted once the prescription is declined the patient status will remain as accepted).
Set the 90 Day Rx Level Status of the New Rx to Declined.
Capture the required attributes as defined in FARx.ND.12.",No
FARx.DE.01.2009,"When the Decline 90 Day Navigation option has been selected after the dispensed quantity has been updated (i.e. after 90 day autoconversion has occurred and store user exits from the credential prompt), the system shall:
 Revert the dispensed quantity back to the prescribed quantity
Determine if days supply was calculated or manually entered
If days supply was automatically calculated, the system shall recalculate
If days supply was manually entered, the system shall display this as blank",No
FARx.DE.01.2010,The system shall complete data entry per functionality based on the entry point and update the 90 Day Rx Level Status of the New Rx to Declined and capture the required attributes as defined in FARx.ND.12,No
Post Condition,"Prescription has been declined for 90 day supply, the decline disposition has been captured. Prescription will not be autoconverted to 90 days supply.",
Alternate Flow 18,Create Immunization Gap Disposition/Script-fill activity Notification,
Sr. No.,Action,Offline
FARx.DE.01.2020,"New Rx
Upon successful completion of the New Rx Manual data entry (from Patient Profile, unmatched Rx, Fill On Hold, etc.) process on an Immunization Rx-Fill, the system shall 
Update the Immunization Gap / Disposition information as mentioned below: 
RxC Patient ID
Immunization Type associated to the Immunization Rx-fill (refer to FAAM.IMM.01)
Immunization Status Date with the current Date
Store Number
Immunization Gap Status – In Process
Continue to DE.01.2022",No
FARx.DE.01.2021,"Place Rx On Hold
Upon successful completion of a Place On-Hold Rx process for an Immunization Rx-Fill, system shall 
Update the Immunization Gap / Dispositions information as mentioned below:
Immunization Gap ID (if available in the system) 
Immunization Type associated to the Rx placed on Hold (refer to FAAM.IMM.01)
Immunization Status Date with the current Date
Stor Number–Immunization Gap Status - Never Asked
Immunization Gap Status Reason to Rx Placed On-Hold
Continue to DE.01.2022",No
FARx.DE.01.2022,The system shall share the Immunization Gap Disposition/Script-fill Notification with the information captured above via the Immunization Script-fill Notification Request (Refer to FAIN.ROCM.02),No
FARx.DE.01.2023,End Alternate Flow,No
Alternate Flow 19,Vaccine Review Exception Dialog,
Sr. No.,Action,Offline
FARx.DE.01.2110,The Vaccine Review Exception dialog is displayed only when Soft Stop logic triggers an exception (Ref FARx.IMX.01),No
FARx.DE.01.2111,"The ‘Vaccine Review Exception’ screen (a.k.a. Soft Stop message) when displayed, will contain the following screen elements:
Title (Ref DE.01.2101)
Instruction Box (Ref DE.01.2102)
Data Grid (Ref DE.01.2103)
Navigation Options (Ref DE.01.2104)",No
FARx.DE.01.2112,"Title: 
The Soft Stop Dialog will display the following title- “Vaccine Review Exception”",No
FARx.DE.01.2113,"Instruction Box:
The instruction box displayed will contain text specific to one of the following prompts depending on the Soft Stop prompting workflow being triggered (Ref FARx.IMX.01 )
Came in too Soon
“Instructions: Based on available immunization records it appears this DOSE IS TOO SOON.  Schedule this immunization for the expected date of next dose or send to RPh for review.” If you are the pharmacist, use your clinical judgement to determine whether or not to administer this dose early.
Series Completed
“Instructions: Based on available immunization records it appears the patient has already COMPLETED the immunization series for this immunization type.”  
Dose Completed 
“Instructions: Based on available immunization records it appears the patient has already RECEIVED this vaccine.  Review the patient’s immunization profile for appropriate immunization gaps.” 
Check Profile 
“Instructions: Based on available immunization records it appears the patient may have open immunization gaps.  Review the patient’s immunization profile for appropriate immunization gaps.”",No
FARx.DE.01.2114,"Data Grid:
The following data elements will be displayed:
Drug Name: 
Displays name of the drug being filled
Previous Dose Number: 
Displays previous dose number of the dug being filled, Display format - Dose X of Y 
Note: X will be derived from number of history records and Y will be derived from what’s displayed on the screen.
Date Previously Dose Administered: 
Displays date when the last dose was administered, Display format MM/DD/YYYY 
Note: Derived from either Administration date or Create date on latest IMZ history record for that patient for that IMZ type.
Expected Date of Next Dose: 
If the instruction box contains text specific to ‘Came in too Soon’ prompt, date when the next dose is expected will be displayed; Display format MM/DD/YYYY
Note: Date populated by the application when it’s deermined systematcally that the 'Came in too soon' prompt should be displayed.
If the instruction box contains text specific to ‘Series Completed’ prompt, “N/A” will be displayed.
If the instruction box contains text specific to ‘Check Profile’ prompt, “N/A” will be displayed.
If the instruction box contains text specific to ‘Dose Completed’ prompt, “N/A” will be displayed.",No
FARx.DE.01.2115,"Navigation Options:
Navigation options available if the ‘Automatically Apply Credentials’ switch in Corp Admin is ‘Disabled’ OR if a Automatically Apply Credentials’ switch in Corp Admin is ‘Enabled’ and a Technician is signed on workstation OR if the screen is viewed via jnlp:
If the instruction box contains text specific to ‘Came in too Soon’ prompt, display following navigation options:
Send to RPh Review
Place Rx on Hold
Schedule Rx
Exit
If the instruction box contains text specific to ‘Series Completed’ prompt, display following navigation options:
Send to RPh Review
Place Rx on Hold
Exit
If the instruction box contains text specific to ‘Check Profile’ prompt, display following navigation options:
Send to RPh Review
Exit
If the instruction box contains text specific to ‘Dose Completed’ prompt, display following navigation options:
Send to RPh Review
Exit
Navigation options available if the ‘Automatically Apply Credentials’ switch in Corp Admin is ‘Enabled’ AND RPh is signed on workstation :  
If the instruction box contains text specific to ‘Came in too Soon’ prompt, display following navigation options:
Approve Fill As Is
Place Rx on Hold
Schedule Rx
Exit
If the instruction box contains text specific to ‘Series Completed’ prompt, display following navigation options:
Approve Fill As Is 
Place Rx on Hold 
Exit
If the instruction box contains text specific to ‘Check Profile’ prompt, display following navigation options:
Approve Fill As Is 
Exit 
If the instruction box contains text specific to ‘Dose Completed’ prompt, display following navigation options:
Approve Fill As Is 
Exit 
Navigation option Functionality and System behavior:
Approve Fill As Is –
Upon selecting Approve Fill As Is, the ‘Add/Edit Note’ dialog is displayed (Ref FARx.QA.10.09). 

Send to RPh Review –
Upon selecting Send to RPh Review, the ‘Add/Edit Note’ dialog is displayed (Ref FARx.DE.01.723).  

Place Rx on Hold –
Upon selecting Place Rx on Hold, the Immunization Rx will be put on hold. 
Note: Prescription status will be updated to On-Hold.
Schedule Rx –
Upon selecting Schedule Rx, the ‘Schedule Rx’ dialog will be displayed (Ref FARx.QA.10) 

Exit 
Upon selecting Exit, the vaccine Review Exception screen is closed and the user is returned to the screen of origin.

Note: 
Vaccine Info Review Logic will not run in the back ground and No QT /Auto process Exception will be created for the Vaccine Review Exception logic/dialog.
If any logic ran before Vaccine Review Exception and script moved to some other Queue and user Filled As Is / Approved As Is. Background checks will not run Vaccine Review exception
Awaiting DE (created via Immunization Gaps) when picked from QT, then also no need to run Vaccine Review Exception logic",No
Alternate Flow 20,Vaccine Clinic Process,
Sr. No.,Action,Offline
FARx.DE.01.2354,"When the project master switch “Enable Phase 2 (December) Immunization COVID Enhancements” is set as enabled (Refer to FAAM.AP.01b, Corp option #2050)

Once user selects a Vaccine Clinic and Patient for the Vaccine Clinic process (Refer FARx.VCP.01), continue to FARx.DE.01.2355

When the project master switch #2050 is set as disabled continue with FARx.DE.01.2116",No
FARx.DE.01.2355,"For the selected patient and vaccine clinic, check if at least one prescription exists in Suspended state with prescription source as beow:
If source is VCS
The New Rx - Data Entry screen is displayed per FARx.DE.01.2356
Continue with FARx.DE.01.2117
f source is Digital:
The New Rx - Data Entry screen is displayed per FARx.DE.01.2361
If source is neiher VCS nor Digital:
The New Rx - Data Entry screen is displayed per FARx.DE.01.2358",No
FA–x.DE.01.2356,"The New Rx - Data Entry screen is displayed as below:
Title: New Prescription
The following data attributes are auto populated on Data Entry:
Drug
Set as the Immunization Type received from VCS
Refer to DE.01.2404
DAW 
0 = No Product Selection Indicated
Rx Origin Code
5 = ransfer Pharmacy Dispnsing
SIG
""PHARMACY ADMINISTERED""
Prescribed Qty
WhenRx is f–r a COVID original dose - Package size of the drug (Refer FAAM.IMM.01)
When R– is for a COVID Booster - Refer to FARx.ET.01.2629

Refill Quantity
Set as 0
Refills prescribed
Set as 0
Dispensed qty
Follow rules for Prescribed Quantity
Days Supply
Set as 1
Prescriber
Refer to FARx.DE.01.2357
Third Party
No change
Rx Date Written
Current Date if the Clinic Date is in the future
Else Rx Written Date is captured as the Clinic Date
Rx Expires On
One year after Rx Written Date
Number in order
Set as 1
Promise Time
Received from VCS
Promise Date
Received from VCS
Written Product
Leave this as blank
Dispensed Product
Leave this as blank
Date of Service
Rx Date Written
Following Clinic Details are displayed associated to the selected clinic:
Company Name
Following Third Party Details are displayed as received from VCS:
The Third Party information is displayed on the right side of the screen when third party details are received from VCS
Up to two third parties can be displayed when available.
Third Party table #1 is always displayed.
If only one Third Party details are received from Digital platform, they are displayed in Third Party table #1 
If no third party details are received from Digital, a text is displayed on Third Party table #1 indicating patient has no third party.
Third Party table #2 is displayed only when more than one set of third party details are received from VCS.
If more than one third party details are received, display the third party details in the order received
The below information is displayed:
Third Party Plan Name
Is Patient the Policy Cardholder?
Policy Cardholder ID#
Group ID
BIN
PCN
Payer ID
Following information is associated to the prescription fill and is not displayed:
Facility ID 
Set to the store # received in the request from VCS
Clinic ID
Received from VCS
Patient Type
Received from VCS",No
FARx.DE.01.2361,"Display data as populated from the OVID suspended Rx in the New Rx - Data Entry screen as below:
Title: New Prescription
The following data attributes are auto populated on Data Entry:
Drug
Based on NDC received from Digital
DAW 
0 = No Product Selection Indicated
Rx Origin Code
5 = ransfer Pharmacy Dispnsing
SIG
""PHARMACY ADMINISTERED""
Prescribed Qty
WhenRx is f–r a COVID original dose - Package size of the drug (Refer FAAM.IMM.01)
When R– is for a COVID Booster - Refer to FARx.ET.01.2629
Refill Quantity
Set as 0
Refills prescribed
Set as 0
Dispensed qty
Follow rules for Prescribed Quantity
Days Supply
Set as 1
Prescriber
Refer to FARx.DE.01.2357
Third Party
Not required to be set. (Note: COB sequencing rules will run at the time of auto processing the script into the workflow on the day of appointment)
Rx Date Written
Current Date if the Clinic Date is in the future
Else Rx Written Date is captured as the Clinic Date
Rx Expires On
One year after Rx Written Date
Number in order
Set as 1
Promise Time
11:11 PM
Promise Date
For a Booster Dose: Appointment Date received from Digital for the Booster Dose
For an Original Dose: Appointment Date received from Digital for the Original Dose
Written Product
Based on NDC received from Digital
Dispensed Product
Based on NDC received from Digital
Following Clinic Details are displayed associated to the selected clinic:
Company Name
Following Third Party Details are displayed as received from Digital:
The Third Party information is displayed on the right side of the screen when third party details are received from Digital
Up to two third parties can be displayed when available.
Third Party table #1 is always displayed.
If only one Third Party details are received from Digital platform, they are displayed in Third Party table #1 
If no third party details are received from Digital, a text is displayed on Third Party table #1 indicating patient has no third party.
Third Party table #2 is displayed only when more than one set of third party details are received from Digital.
If more than one third party details are received, display the third party details in the order received
The below information is displayed:
Third Party Plan Name
Is Patient the Policy Cardholder?
Policy Cardholder ID#
Group ID
BIN
PCN
Payer ID
Following information is associated to the prescription fill and is not displayed:
Clinic ID
Received from Digital
Patient Type
If received from Digital
Vaccination ID
set this to the value supplied in the request from Digital (for either the Original or Booster dose)
Dose Indicator
set this to the value supplied in the request from Digital
Appointment ID
set this to the value supplied in the request from Digital
Appointment Time
set this to the value supplied in the request from Digital (for either the Original or Booster dose)
Associate the intake data to the prescription fill (from Digital) – refer to FARx.IMM.13",
FARx.DE.01.2404,"Drug
When the user selects an NDC (applies to COVID and Non COVID NDCs), the system shall check if the NDC matches with any of the NDCs configured for the Immunization Type (refer to FAAM.IMM.01) and perform as follows:
If a match is detected, the system allows the NDC to be selected
If a match is not detected, the system shall display a message informing the user of the same
Upon Continuing from the message the system shall close the message and place focus on the Drug field.
Continue to DE.01.2503","Drug
When the user selects an NDC (applies to COVID and Non COVID NDCs), the system shall check if the NDC matches with any of the NDCs configured for the Immunization Type (refer to FAAM.IMM.01) and perform as follows:
If a match is detected, the system allows the NDC to be selected
If a match is not detected, the system shall display a message informing the user of the same
Upon Continuing from the message the system shall close the message and place focus on the Drug field.
Continue to DE.01.2503"
FARx.DE.01.2503,"Drug
When the user selects a COVID NDC AND the Dose # entered indicates the Rx is for a Booster dose, the system shall display the Last Dose Appointment dialog – refer to FARx.LDA.01","Drug
When the user selects a COVID NDC AND the Dose # entered indicates the Rx is for a Booster dose, the system shall display the Last Dose Appointment dialog – refer to FARx.LDA.01"
FARx.DE.01.2357,"Prescriber
For COVID IMZ Type
Populated with the Protocol Physician name configured in Corp Admin by State/Store (Refer to FAAM.IMM.01)
The field is editable
If no Protocol Physician is configured for the state/store, leave this field blank
The field is editable for all IMZ Types
Protocol Prescriber will not require a Supervising Physician.
PAE checks will follow existing process and diplay the existing prompts.
hen ""Enable R61 IMZ Enhancements"" switch is set to “Yes” (refer to Corporate Root #2244 FAAM.AP.01b), the prescriber option is age dependent, the patient’s age falls within min/max age range and the Prescriber Opion is set as (FAA.IMM.01.382)
'Protocol Physician' ppulate with Protocol Physiian 
'RPh Presciptive Authority' opulate with 'pharmacist on dut' as per existing unctionality
'No Auto Population' leave the prescriber field as blank 
For non-COVID IMZ Type
Populated with the Protocol Physician name configured in Corp Admin by State/Store (Refer to FAAM.IMM.01)
The field is non-editable
If no Protocol Physician is configured for the state/store, leave this field blank
The field is editable 
Protocol Prescriber will not require a Supervising Physician.
PAE checks will follow existing process and diplay the existing prompts.
hen ""Enable R61 IMZ Enhancements"" switch is set to “Yes” (refer to Corporate Root #2244 FAAM.AP.01b), the prescriber option is age dependent, the patient’s age falls within min/max age range and the Prescriber Opion is set as (FAA.IMM.01.382)
'Protocol Physician' ppulate with Protocol Physiian 
'RPh Presciptive Authority' opulate with 'pharmacist on dut' as per existing unctionality
'No Auto Population' leave the prescriber field as blak",No
FARx.DE.01.2991,"When The ""Exort Protocol Physicians by State"" is set to Non-Protocol (Refer to FARx.IMM.01) and the following conditions are true,
The ‘Enable R54 Clinic Workflow IMZ Enhancements’ is set to ‘Yes’ (Refer to FAAM.AP.01b corp root app option # 2160)
Auto-populate pharmacist on duty as prescribed non-protocol is triggered per FARx.IMM.13 
Then,
The system shall identify pharmacist with last credentials that matches the store number (logged into to workstation and not JNLP) and with the NPI associated to that employee ID (following data are from employee file)
NPI number
The system shall perform prescriber record match logic on identified pharmacist on duty using the prescriber table
Filter Pharmacology as the prescriber type
Filter by state for the store in which the IMZ Rx  being filled, filter pharmacist prescribers in that state
Match by the Pharmacist NPI 
If a prescriber record is matched (based on Point # 2 logic, single or multiple) to the employee file (point #1), then the system shall use the prescriber record (in case of multiple, pick any record) as the prescriber for the IMZ 
If a prescriber record is NOT matched (based on point # 2)  for pharmacist on duty, the system shall return NO record to intake process 
System shall use the Supervising pharmacist overseeing the RDP Store shall be used for point # 1 and point # 2 for Telepharmacy store",No
FARx.DE.01.2358,"The New Rx - Data Entry screen is displayed with fields pre-populated based on the previous patient with following modification:
Promise Date – Set it to Current Date
When the “Enable Phase 3 (January) Immunization COVID Enhancements” master switch (refer to FAAM.AP.01b #2051) is Enabled, if Prescriber field is pre-populated with a protocol prescriber, the value will be editable for the user to make changes.

If the patient s the first patient, the New Rx - Data Entry screen is displayed as blank.
Continue with FARx.DE.01.2117",No
FARx.DE.01.2116,"When user selects a Vaccine Clinic and Patient for the Vaccine Clinic process(Refer –ARx.VCP.01), the New Rx - Data Entry screen is displayed with the below modifiations.–Title: New Prescription - Vaccine Clinic
Clinic Details: The below clinic information is displayed on the screen for the selected clinic.
Clinic ID
Company Name
Clinic Address (Line 1)
Clinic City
Clinic State
Store Number
Clinic Date",No
FARx.DE.01.2117,System performs all the Vaccine Clinic Immunization as per current functionality for a regular Protocol immunization script except for the scenarios listed in DE.01.2118.,No
FARx.DE.01.2118,"The below prompts are suppressed on the load of Data Entry screen for Vaccine Clinic Process.
Patent Alerts (Refer FARx.DE.01.1223)
Patient Pending Request (Refer FARx.DE.01.02)
Patient of Greater need
Patient Forced Notes",No
FARx.DE.01.2119,"Drug Selection
The system displays the existing Drug selection dialog when user selects line#1 to enter Drug.",No
FARx.DE.01.2120,"Once the drug is selected, system validates the below conditions.
Entered drug’s NDC is ‘included’ on a NDC table for any Immunization Type configured in the state where store resides. (FAAM.IMM.01.33)
Immunization type on which the product NDC is included is configured as ‘Active’. (Refer to FAAM.IMM.01.10)",No
FARx.DE.01.2121,"If either of the validations in DE.01.2120 fail, the system displays an error message on the drug search dialog.
Selecting Continue from the message will return the user to the drug search dialog.",No
FARx.DE.01.2505,"When both of the validation in DE.01.2120 pass, the system shall perform as follows: 
Perform DE.01.2122
Check if the drug is a COVID immunization:
If yes, the system shall perform the same as the in store check – refer to DE.01.1354
If no, the system shall continue to DE.01.2122",No
FARx.DE.01.2122,"The   Rx dialog ""Is this a written Rx"" is suppressed and automatically dispositioned as No. (Refer FARx.DE.01.1352)",No
FARx.DE.01.2123,"System shall auto populate the Data Entry Screen per current functionality for Immunization. (Refer to DE.01.1347)
The below fields are exceptions and will override current pre-population logic.
SIG  = Pharmacy Administered
Promised Time = 11:11 pm
Promised Date 
When the project master switch #2050 is set as disabled (Refer to FAAM.AP.01b), set it to Current Date + 1
When the project master switch #2050 is set as enabled (Refer to FAAM.AP.01b), set it to Current Date
Prescriber = Protocol Prescriber for state/store
This field is non-editable when pre-populated with Protocol Prescriber the state or the store.
If there is no protocol prescriber, then this field should be editable.
Protocol Prescriber will not require a Supervising Physician.
PAE checks will follow existing process and display the existing prompts.
Rx Written date = Current Date if the Clinic Date is in the future. Else Rx Written Date is captured as the Clinic Date.
Rx Expiration Date = one year after Rx Written Date.
Date of Service = Rx Written Date",No
FARx.DE.01.2124,Once the fields are pre-populated focus shifts to the navigation bar.,No
FARx.DE.01.2125,"Te SIG field is pre-poulated ”s ""Pharmacy Administered"" when user navigates to New Rx – Vaccine Clinic Data entry screen in both the below scenarios.
Main Menu -> Search & Select a Patient -> Patient profile -> Space Enter -> New Rx Screen -> Search and Select an Immunization Drug -> Is this a written prescription as “No”.
Main Menu -> V -> Select a Clinic -> Search and select a Patient -> New Rx screen -> Search and select an Immunization Drug.",No
FARx.DE.01.2126,The Vaccine Review Exception (Soft Stop warning) is not displayed for Vaccine Clinic Process.,No
FARx.DE.01.2127,"Navigation Options:
System displays the below navigation options. The remaining nav options of the existing New Rx screen are not displayed. (Refer DE.01.43 for existing behavior of the Nav options.)
Change#
Fill Note 
Additional Info
Exit: When Exit is selected, system will display a message to confirm if the user wants to exit with options Yes and No. 
On selecting Yes, system closes the message as well as the New Rx screen and displays the Vaccine Clinic Details Screen. Any information added on the screen will not be saved.
On selecting No, the message is closed and New Rx screen is displayed.
Continue: Once Data Entry is complete and on selecting Continue, system shall perform below steps.
Process Rx as per DE.0.472 (Existing nav option on DE - Continue)
Exception – the system shall not perform DE.01.2407, point 2.c.
Clinic ID selected for the immunization is associated to the Rx Fill ID.
For a Walk In OR a VCS initiated Clinic Immunization Rx (applies to any Immunization Type), display the Vaccine Clinic Immunization Information views (set of two screens) dynamically based on whether the data attributes in Appendix 10 are required to be displayed (refer to FARx.IMM.04, Alternate Flow 4)
If Rx was initiated from the Digital Platform, this view is NOT displayed.
Once user continues from the Vaccine Clinic Immunization Information views (when displayed) or if the views were not displayed, displays Vaccine Clinic Details screen for user to search & select next patient. (Refer FARx.VCP.01) 
When Enable (Jul) Immunization Workflow Enhancements = Yes (refer to FAAM.AP.01b, corp option # 2079), the system shall display a prompt to capture patient preference for texting the patient Intake Consent form (refer to DE.01.2207)
When the prescription is for a COVID Immunization Type, the system shall perfor the checks in DE.01.1354 
When 'Enable COVAX Booster & Coadministration Enhancements’ = Yes (refer to FAAM.AP.01b, corp option # 2120) AND the Clinic prescription is for the 1st dose AND the prescription is for a COVID immunization, the system shall display an informational message as follows:
Text to inform the patient about the upcoming clinic or to ask them to go to digital to register for the next shot
On continuing from the message the system shall:
Close the message
Continue to DE.01.2128",No
FARx.DE.01.3500,"When the Immunization Rx is data entered through Vaccine Clinic process, AND the four conditions given blow are true:
The master switch ""Enable EnhancedIMZ Schedulng unctionality Ph2"" is set to 'Yes' (refer to FAAM.AP.01b).
User has selected a Vaccine Clinic and Patient for the Vaccine Clinic process (refer to FARx.VCP.01).
New Prescription – Vaccine Clinic screen is displayed (Refer to FARx.DE.01 Alternate flow 20).
The immunization details have been data entered.

Then the system shall:
Run the Vaccine Review Exception soft stop checks (Refer to FARx.IMS.01).
When the checks trigger an exception, the system shall create an RPh Review Exception work item using the existing Vaccine Reviw Exception messaes, including ""Duplicate Vaccine"" reason message.
RPh Review Exception work item shall be displayed in Queue Pending Clinic Immunization.",No
FARx.DE.01.3501,"When the Immunization Rx is data entered through Vaccine Clinic process, AND the two conditions given blow are true:
The master switch ""Enable EnhancedIMZ Schedulng unctionality Ph2"" is set to 'Yes' (refer to FAAM.AP.01b).
Immunization prescription has been received from digital which has Clinic ID (Refer to FARx.DE.01 Alternate flow 20).

Then the system shall:
Run the Vaccine Review Exception soft stop checks (Refer to FARx.IMS.01).
When the checks trigger an exception, the system shall create an RPh Review Exception work item using the existing Vaccine Reviw Exception messaes, including ""Duplicate Vaccine"" reason message.
RPh Review Exception work item shall be displayed in Queue Pending Clinic Immunization.",No
FARx.DE.01.2128,"Associating subsequent patients to the same drug.
When the project master switch #2050 is set as disabled (Refer to FAAM.AP.01b)
Once a patient is selected from Vaccine Clinic Details screen, the Vaccine Clinic New Rx screen is displayed with the fields pre-populated with values selected for the previous patient.
The prescriber field is carried forward from previous patient even if the value is manually entered by the user. This field will be editable.
When the project master switch #2050 is set as enabled (Refer to FAAM.AP.01b)
Once the data entry for the prescription is completed 
If there is another prescription in Suspended state and is associated to the clinic and same patient, New Rx – Data Entry screen is displayed per FARx.DE.01.2356
Else the user is navigated back to the Vaccine Clinic Details view.",No
FARx.DE.01.2129,"A new informational message/prompt “Validate Consent Form” is displayed on load of New Rx screen to request user to validate that data so that the New Rx screen matches the consent form. 
On selecting Continue from the informational message, the New Rx screen is displayed.",No
FARx.DE.01.2130,"The below prompt is suppressed on the New Rx screen for the subsequent patients.
Preferred Immunization Drug 
This prompt is suppressed only for subsequent patients as the drug selected for the first patient is pre-populated for subsequent patients. So there is no need to display this prompt for each patient.",No
FARx.DE.01.2131,"If the user updates the drug (within same or different immunizaton type–) on the Vaccine Clinic - New Rx screen for the next patient, the drug is validated and remaining fields are pre-populated for the selected drug.
Preferred Immunization Drug is suppressed on New Rx screen.",No
FARx.DE.01.2132,"The system behaves as per the below nav options on New Rx screen for the subsequent patients.
Exit: When Exit is selected, system will display a message to confirm if the user wants to exit by giving the options Yes and No.
On selecting Yes, system closes the message as well as the New Rx screen and displays the Vaccine Clinic Details Screen. Any information that is entered on the screen will not be saved.
On selecting No, system closes the message and New Rx screen is displayed.",No
FARx.DE.01.2133,"The system creates Immunization Gap disposition for the immunization drug.
Refer Alternate Flow 18.",No
,,
,,
FARx.DE.01.2134,End Alternate Flow.,
Alternate Flow 21,Capture Data Sharing Consent and Sleep Study Information,
Sr. No.,Action,Offline
FARx.DE.01.2323,"The system shall display Data Sharing Consent and Sleep Study Information dialog when the following conditions are true:
DME Device and Supply Maintenance Master switch is set to Enabled for the store (Refer to Reg app option # 1803)
Drug NDC is on the DME Device and Supplies list (Refer to FAAM.DME.02
NDC Line o Business is set as 'PAP Therapy' (Refer to FAAM.DME.02)
Product Type against that NDC is configured as ‘Device’ (Refer to FAAM.DME.02)
Third Party field is populated with a Medical Plan as part of COB sequencing (Refer to DE.01.31)",No
FARx.DE.01.2324,"The Data Sharing Consent and Sleep Study Information dialog shall be displayed with following details:
Instructions text
“This is a connected device that has the ability to share data. The device data may need to be shared with patient’s insurance(s) to show that they are using the device regularly.  If device data is not shared and use of the device cannot be tracked, the insurance(s) may not pay for the device. Please ask patient if they consent to share device data with insurance(s). If a patient declines to consent, the prescription will be procesed through CASH.”
Input field 1 - Rfer to –E.01.2325
Input field 2 - Refer to DE.01. 2326
Note text 
“If patient provided sleep study, fax a copy to the DME Call Center at 41-287-0–98.”
Navigation Options - Refer to DE.01.2327",No
FARx.DE.01.2325,"Input field 1
Text: “Did patient consent to share device data with applicable insurance(s)?
User shall not be allowed to enter any value other than ‘1’ or ‘2’ or ‘3’
Help Text shall b displyed as follows:
1 -Yes
2 - No
3 - Patient not present
The initial cursor focus shall be on this field.
Upon selecting ‘1’, behave as follows:
Set the value in this field as ‘Yes’
Place the cursor focus on Input field 2 (Refer to DE.01.2326)
Upon selecting ‘2’, behave as follows:
Set the value in this field as ‘No’
Close the ‘Data Sharing Consent and Sleep Study Information’ dialog
Display a message to the user over data entry screen with following text:
“Third Party has been changed to ‘CASH.” 
Upon continuing from the message, the system shall close the message and set Third Party as ‘Cash’
Upon selecting ‘3’, behave as follows:
Set the value in this field as ‘Patient not present’
Place the cursor focus on Input field 2 (Refer to DE.01.2326)",No
FARx.DE.01.2326,"Input field 2
Text: “Did patient provide a copy of their sleep study along with their prescription?”
User shall not be allowed to enter any value other than ‘Y’ or ‘N’
Help Text shall b displayed as follows:
Y -Yes
N - No
Upon selecting ‘Y’, behave as follows:
Set the value in this field as ‘Yes’
Place the cursor focus on navigation bar
Upon selecting ‘N’, behave as follows:
Set the value in this field as ‘No’
Place the cursor focus on navigation bar",No
FARx.DE.01.2327,"Navigation Options:
Change: Upon selection, the system shall place the cursor ocus on–the selected line.
Exit - Refer to DE.01.2328
Continue – Refer to DE.01.2329",No
FARx.DE.01.2328,"Exit
Upon selecting exit on the ‘Data Sharing Consent and Sleep Study Information’ dialog, the system shall:
Close the dialog
Do not associate any information captured on Data Sharing Consent and Sleep Study dialog with the prescription
Continue with next check in data entry processing (Refer to DE.01.472)",No
FARx.DE.01.2329,"Continue: 
Upon selection continue on the Data Sharing Consent and Sleep Study Information dialog, the system shall validate both Input field 1 and 2 are populated with valid values (Refer to DE.01.2325 and DE.01.2326)
If yes, 
Associate the captured Data Sharing Consent and Sleep Study Information with the prescription
Close the ‘Data Sharing Consent and Sleep Study Information’ dialog 
Continue with next check in data entry processing (Refer to DE.01.472)
If no, display an error message 
Upon continuing from the error message, 
Close the error message 
Place the cursor focus on the first empty field.",No
FARx.DE.01.2330,End Alternate Flow,N/a
Alternate Flow 22,Display ‘New Prescription’ screen for Rx Bundling,
Sr. No.,Action,Offline
FARx.DE.01.2331,"System shall display New Prescription screen with following information:
Display the hard copy image in a panel on the ‘RIGHT’ side of this screen 

Display data entry fields on the ‘LEFT’ side of
 this screen (Refer to DE.01.04)

Note: The hard copy image displayed on the screen could be a manually scanned hard copy, system generated hardcopy, electronic fax etc.",No
FARx.DE.01.2332,"If the hard copy image is not available, the system shall display the following message in the image placeholder:
“No Rx hard copy image scanned”",No
FARx.DE.01.2333,"When image is available, the system shall display “Zoom Functions” block on right side of the navigation bar. Refer to FARx.ZM.01 Zoom Functions",No
FARx.DE.01.2334,"The system shall automatically populate the following fields from the last new Rx data entered that was in the bundling workflow, providing the user the ability to change data in these fields.
DAW (default to zero)
Rx Origin Code
SIG
Prescriber
Rx Date written 
Rx Expires On",No
FARx.DE.01.2335,System shall set focus on the drug field.,No
FARx.DE.01.2336,"Upon selecting the drug, the system shall check NDC of the selected drug is on the DME Device and Supplies list (Refer to FAAM.DME.02)
If yes, system shall continue with drug selection checks in DE.01.06
If no, display ‘Product Confirmation’ prompt (Refer to DE.01.2337)",No
FARx.DE.01.2337,"The system shall display ‘Product Confirmation’ prompt over the ‘Select Drug’ dialog with following details:
Text: 
“The selected NDC is not associated with the previously initiated product bundle. Do you want to continue with your selection and exit the current bundle?”
Navigation Options: 
Yes – Refer to DE.01.2338
No – Refer to DE.01.2339",No
FARx.DE.01.2338,"Upon selecting Yes from ‘Product Confirmation’ prompt, behave as follows:
Close any open bundle, if it started within this bundling workflow, without adding this Rx to the bundle.
Close the ‘Product Confirmation’ prompt, ‘Select Drug’ Dialog and New Prescription screen displayed for Bundling Rx
Display a net new ‘New Prescription’ screen, as if user has initiated data entry of a new Rx from patientprofile– (continue to main flow - DE.01.234)",No
FARx.DE.01.2339,"Upon selecting No from ‘Product Confirmation’ prompt, behave as follows:
Close the ‘Product Confirmation’ prompt and ‘Select Drug’ Dialog 
Take the cursor focus to the ‘Drug’ field with previously selected drug selected and highlighted.",No
FARx.DE.01.2340,End Alternate Flow,
Post Condition,System displays ‘New Prescription’ Screen for Rx Bundling,
Alternate Flow 23,Display ‘Resupply Product Identified’ prompt,
Sr. No.,Action,Offline
FARx.DE.01.2341,"The system shall display ‘Resupply Product Identified’ prompt when the following conditions are true:
Rx being data entered is a bundling Rx (Refer to Alternate Flow 22) 
Drug NDC on the bundling Rx is configured for ‘On Hold prompting’ on the DME Device and Supplies list (Refer to FAAM.DME.02)",No
FARx.DE.01.2342,"The ‘Resupply Product Identified’ prompt shall be displayed with following details:
Instructions
“This product was recently dispensed as part of a product bundle and may be too soon to fill. To avoid a potential rejected claim from the insurance, this prescription can be placed on hold to be filled at a later time.”
Navigation Options
Fill Now (F) – Refer to DE.01.2343
Continue to place on Hold (H) – Refer to DE.01.2344",No
FARx.DE.01.2343,"Upon selecting ‘Fill Now’ option on ‘Resupply Product Identified’ prompt, the system shall:
Close the prompt 
Continue with the next check in data entry processing (Refer to DE.01.472)",No
FARx.DE.01.2344,"Upon selecting ‘Continue to place On Hold’ option on ‘Resupply Product Identified’ prompt, the system shall:
Close the prompt
Perform auto credentialing (If Master Switch for the ‘Automatically Apply Credentials’ is enabled, refer to FAAM.AP.01b,  Regulatory  App Option # 1672) or prompt the user to enter or scan their credentials to place Rx On Hold, and shall validate user’s credentials (Refer to FAAM.RD.01)
Upon validating credentials, the systm shall
Place ’he prescription 'On hold'
Perform Rx Bundling (Refer to FARx.BUN.01) to determine if the Rx is eligible for adding more prescriptions to the bundle.",No
FARx.DE.01.2345,End Alternate Flow,
Alternate Flow 24,Auto Populate Data Entry for Immunizations (Non Clinic Rx),
Sr. No.,Action,Offline
FARx.DE.01.2411,"The system shall evaluate if all the following are true:
“Enable Store Walk-In Workflow for COVID Immunizations” is enabled (refer to corp option # 2052, FAAM.AP.01b)
“Enable (Jul) Immunization Workflow Enhancements” (refer to corp option # 2079, FAAM.AP.01b) = Yes
Manual data entry was initiated for an In Store Rx
The selected drug NDC is for an immunization type = COVID
The user selects one of the following:
“No” from the Is written Rx prompt (refer to DE.01.1352)
“Yes” from the Is written Rx prompt (refer to DE.01.1352) AND then “No” from the Dispense Only prompt (refer to DE.01.2168)
When the conditions have been met, the system shall perform as  follows:
Auto populate the Promise Date field defaulted to system date
Promise Date field shall be non-editable.
Follow validations on Promise Dare field per FARx.ET.01 when the Promise Time field is entered/updated.
When any of the conditions are not met, continue to DE.01.2152.",No
FARx.DE.01.2150,"If the App option “Enable Enhanced Immunization/Device Workflow” (Refer to FAAM.AP.01b, Corporate Root # 1869) is set to Yes, and   
User selects to fill an immunization gap from patient’s immunization profile. Continue to DE.01.2151.
Use select”“Contine to Data Entry"" on te ""New ”x - Immunization Request"" QT item. 
When QT item was NOT created from a POS GAP acceptance, continue to DE.01.2152. (applies to both multi and single dose Rx)
When QT item WAS created from a POS GAP acceptance, continue to DE.01.2417 (applies to both multi and single dose Rx)",No
FARx.DE.01.2151,"The system shall display the Data Entry screen with the fields auto populated as per below when user selects to fill an immunization gap from Patient’s Immunization profile.
System shall auto select NDC based on the Immunization type. (Refer FARx.IMM.13)
If NDC is not found, then focus will remain on the drug field for the user to select the drug and system shall follow existing process of manual drug selection.
If the user selects a drug which does not match the Immunization Type associated with the prescription, the system shall display an error message informing user of the same.
Continuing from the message places focus back on the drug field
Once the drug is selected, the system shall evaluate if IMZ QAD message is to be prompted – refer to FARx.IMM.29
If NDC is found or if the user manually selects to change the drug, the system shall evaluate if IMZ QAD message is to be prompted – refer to FARx.IMM.29
System shall auto populate and validate the remaining fields on the screen for the immunization based on the selected NDC. (Refer DE.01.1347)
If the system evaluates that the prescription is a waiter, the system displays an indicator of waiter per FARx.WI.01",No
FARx.DE.01.2152,"The system shall display the Data Entry screen with the fields auto populated as per below when use selects“Contine to Da–a Entry"" on te ""New ”x - Immunization Request"" QT item (not created for a POS GAP acceptance).
If the NDC is already auto selected, system shall:
evaluate if IMZ QAD message is to be prompted – refer to FARx.IMM.29
auto populate and validate the fields on the screen for the immunization based on the selected NDC. (Refer DE.01.1347) 
If the NDC is already auto selected and the user changes the drug, the system shall evaluate if IMZ QAD message is to be prompted – refer to FARx.IMM.29
If the NDC is not auto selected, system shall:
Populate the Drug with the Immunization Type. 
Allow the user to manually select the Drug.
evaluate if IMZ QAD message is to be prompted – refer to FARx.IMM.29
If the system evaluates that the prescription is a waiter, the system displays an indicator of waiter per FARx.WI.01",No
FARx.DE.01.2909,"The system shall evaluateif all ‘the following are true:
'Enable In-Store workflow IMZEnhncement’s’ option is set to 'Yes' (Refer to FAAM.AP.01b Corporate Root option #2154).
‘Enable Enhanced Immunization/Device Workflow’ (Refer to FAAM.AP.01b, #1869) is set to ‘Yes’.
An immunization prescription request has either/both of the following:
A Digital appointment ID
A GAP ID
The immunization prescriptions is one of the following:
COVID 
Non-COVID
The immunization prescriptions is In-Store.
When the conditions mentioned above are met and the user selects to change the NDC that is already auto selected to another drug or the user selects drug when NDC  is not auto selected (Refer to FARx.DE.01.2152), then the system shall validate NDC selected matches with any NDC configured in Corp Admin (Refer to FAAM.IMM.01 Alt. Flow 2).
If no match – The system shall display a message informing the user.
OK – On selection, the focus goes back to drug.
If match – The system shall use the NDC selected.",No
FARx.DE.01.2417,"The system shall display the Data Entry screen with the fields auto populate as per below when use selects""Contine to Data Entry"" on te ""New ”x - Immunization Request"" QT item (was created for a POS GAP acceptance).
Attributes are auto populated based on the data received in the POS GAP acceptance Rx (refer to FARx.IMM.13)
Drug:
Focus remains on the Drug field for the user to select the drug
Drug is pre-populated with the Immunization Type
If the user selects a drug which does not match the Immunization Type associated with the prescription, the system shall display an error message informing user of the same.
Continuing from the message places focus back on the drug field
The Immunizer Type literal and value pair  - refer to DE.01.2153
Suppressd dialogs – refer to DE.01.2155 - 2158
Immunization Information screens are NOT displayed per DE.01.2160
Based on the Dose # of the prescription, the system shall perform as follows
If Dose # received from POS = 1 OR 2
Suppress the Dose # prompt (refer to DE.01.2205)
Systematically associate the dose # to the Rx and continue with Data Entry
If Dose # = 1, send a request to digital to get all available dates and corresponding time slots for scheduling (refer to FAIN.RTL.114)
If Dose # = 2, display a prompt to capture the 1st dose information (Refer to DE.01.2408)
If Dose # received from POS = 3 OR 4, display the Question prompt to capture information from the patient (refer to DE.01.2406)
If the system evaluates that the prescription is a waiter, the system displays an indicator of waiter per FARx.WI.01",
FARx.DE.01.2359,"For IMZ Type as COVID:
When the “Enable Phase 3 (January) Immunization COVID Enhancements” master switch (refer to FAAM.AP.01b #2051) is Enabled, all fields pre-populated shall be editable except the following:
Promise Date",No
FARx.DE.01.2153,"Immunization Type
When one of the following conditions is met, Immunization type associated to the initiating item is displayed on the right side of the page. (Literal / Value pair)
User selects to fill an immunization gap from Patient’s Immunization Profile
Use selects“Contine to Data Entry"" on te ""New ”x - Immunization Request"" QT item",No
FARx.DE.01.325,"The Drug name field shall have "" SENIOR DOSE” added after the IMZ type if below conditions are met:
Rx is a Digital registration with NDC 
Dose type is “FLU (INACTIVATED) SENIOR DOSE” for the IMZ type only when the IMZ is for Flu (inactivated)",No
FARx.DE.01.325,"The Drug name field shall have ""STANDARD DOSE” added after the IMZ type if below conditions are met:
Rx is a Digital reistratio with NDC
Dose type is ""Standard"" for the IMZ type only when the IMZ is for Flu (inactivated)",No
FARx.DE.01.2154,"Third Party information
If the Data Enry screen is opened fr “New ”x - Immunization Request"" QT item, then system shall display Third Party details as below.
The Third Party information from the incoming transaction from Digital (Guest Flow) is displayed on the right side of the screen.
Up to two third parties can be displayed when available.
Third Party table #1 is always displayed.
If only one Third Party details are received from Digital platform, they are displayed in Third Party table #1 
If no third party details are received from Digital, a text is displayed on Third Party table #1 indicating patient has no third party.
Third Party table #2 is displayed only when more than one third party details are received from Digital.
Below details is displayed for each Third Party received from Digital:
Third Party Name
Are you the Primary Card Holder
Policy Card Holder Number
Group ID
BIN
PCN
Display Order:
If more than one third party details are received, display the third party in the order received from Digital",No
FARx.DE.01.2200,"If the App option “Enable R42 Immunization Workflow Enhancements” (Refer to FAAM.AP.01b, Corporate Root # 1922) is set to Yes, then system shall display an indication that the patient has provided third party information that needs to be reviewed on the screen when at least one Third Party information is received from Digital.",No
FARx.DE.01.2155,"The below prompts are suppressed on the load of Data Entry screen.
Patent Alerts (Refer DE.01.1223)
Patient Pending Request (Refer DE.01.02)
Patient of Greater need (Refer DE.01.620) 
Patient Forced Notes (Refer FARx.PA.03)
Audible Label Prompt (Refer E.01.20“0)",No
FARxDE.01.256,"""Is this a written Rx"" dialog is suppressed and  as N.",No
FARx.DE.01.2157,"""Did the prescriber indicate that he prescription is dispense only"" dialog is suppressed and dispositioned as No. 
Admiration Type of the immunization Rx is set as “Walk In”.",No
FARx.DE.01.2158,"System shall not display below dialogs when auto-populating the fields.
Preferred product validation and prompt are suppressed. 
Min age validation and prompt are suppressed.
Dispensed quantity validation and prompt. (DE.01.22)",No
FARx.DE.01.2159,"System displays the below navigation options. The remaining nav options of the existing New Rx screen are not displayed. (Refer DE.01.43 for behavior of the navigation options except for Exit)
Change# 
Fill Note
Additional Info
Patient Notes
Exit: When Exit is selected, system shall display a message to confirm if the user wants to exit with options Yes and No. 
On selecting Yes, system shall close the message as well as the New Rx screen and displays screen of origin. Any information added on the screen will not be saved.
On selecting No, the message is closed and New Rx screen is displayed.
Continue: Refer DE.01.472
When Rx is associated with a POS GAP acceptance (refer to DE.01.2417), additionally once Data Entry is credentialed:
Create a new electronic image for the Immunization Rx and associate it to the Rx.
Refer FARx.DE.01.1508 for existing process for Data Entry.
Immunization Gap disposition is created and sent to downstream applications for the immunization drug as per existing process.
Refer FARx.DE.01 Alternate Flow 18.
Do not print electronic hard copy generated for the Rx.
Note: Electronic hard copy is printed once the Rx is set to Scan Ready.
When the user is performing manual data entry of a Walk-In In-Store immunization prescription for Non Clinic Rx and “Enable R54 Clinic Workflow IMZ Enhancements” option is set to ‘Yes’ (Refer to FAAM.AP.01b Corp Root Option #2160) and the identified Immunization GAPs have been requested & received via API (Refer to FAIN.ROCM.01b).
When the user selects to Continue (Enter) to complete data entry of the Walk-In In-Store immunization prescription and the system determines the GAP popup is eligible to be displayed (Refer to FARx.IMM.31).
Then, system shall display the identified immunization GAP opportunity(s) to the user (Refer to FARx.IMM.31).",No
FARx.DE.01.3017,"The system shall evaluate if all the following conditions are true:
“Enable R54 Clinic Workflow IMZ Enhancements” option is set to ‘Yes’ (Refer to FAAM.AP.01b Corp Root Option #2160).
The Immunization GAPs pop-up screen is eligible to be displayed to the user (Refer to FARx.IMM.31).
A user is performing either of the following:
Manual data entry of a Walk-In In- Store immunization prescription (Refer to FARx.DE.01.3016).
Check-In immunization prescription (Refer to FARx.IMM.11) from all sources (digital, IVR, etc.…) and a GAP is accepted.
AND,
When the user dispositions the immunization GAPs offered to patient, then the system shall display the existing patient preference pop-up (Digital Link vs Paper) to the user (only displays once).",No
FARx.DE.01.2160,"If the user has naviated to–Data Entry frm “New ”x - Immunization Request"" QT item, then system shall not display Immunization Information screens on completion of Data Entry screen. (Refer DE.01.565)
Note: Immunization information is captured already at Digital / POS.",No
FARx.DE.01.2161,"If the Rx is a Waiter and Rx is being filled for an Immunization gap from Immunization Profile (Refer FARx.IMM.10), then the system shall 
Print the following document when te Administration Type = ""Walk In"". 
Immunization Intake form.(Refer FARx.IMM.05)
Vaccine Information Sheet PDF (Refer FAAM.IMM.01)
Display a message to the user when the immunization documents are printed. 
Upon selecting “Continue” from the message, the user is returned to the screen of origin.
Note: The documents are not printed when the Rx is created for an “New Rx – Immunization Request” QT . If the gaps are accepted at POS, then the documents are printed during Auto Create process. (Refer FARx.IMM.13.19)",No
FARx.DE.01.2162,"The system shall check the value of the Share Immunization Dispositions to Orchestration Layer – Technical Switch (Refer to FAAM.AP.01b Regulatory Root #1762) . 
If the value is Yes, and for Rx that is created when filling Immunization Gap from Immunization Profile (Refer FARx.IMM.10) and from “New Rx – Immunization Request” from QT item for a gap that originated from POS (Refer FARx.QT.10), the system shall update the values below and share the following Immunization Gap values.
Immunization Gap Status = In Process
Immunization Gap Status Date = Current System Date.
Immunization Gap Disposition = Accepted
Immunization Gap Disposition Source = Patient Profile
Employee ID of the user who dispositioned the Gap.
Store Number where gap was dispositioned.
If the Rx is created for the “New Rx – Immunization Request” QT item that originated from Digital, Refer to DE.01.2020 for sharing Immunization Gap values.
If the value is No, the system shall does not take any further action.",No
FARx.DE.01.3016,"When the conditions mentioned below are true:
“Enable R54 Clinic Workflow IMZ Enhancements” option is set to ‘Yes’ (Refer to FAAM.AP.01b Corp Root Option #2160).
Patient selected to accept one or more eligible COVID Immunization GAPs (Refer to FARx.IMM.31) when prompted during either Manual Data Entry of a walk-in In-Store new Immunization Rx or Check In for an In-Store Immunization prescription (Refer to FARx.DE.01.2159).
The user has completed data entry and credentials for the original Immunization request.
THEN,
The system shall take the user to Manual Data Entry Screen with following changes (Refer to Alternate Flow 24) to auto populate data entry fields with below modifications:
Prescriber – System shall use the prescriber from the original immunization completed either from data entry or check-in process.
Promise Date/Time – System shall use promise Date/Time from original Immunization Rx created from data entry or check-in process.
If the Promise Date/Time from original Immunization Rx is pastthen clculate using logic as a 'waiter'.
During Data Entry of the Accepted Gap the system shall:
Not prompt the Immunization information screen for Data Entry and instead shall:
Associate the Immunization Information captured during the original Immunization (Refer to FARx.DE.01.566, FARx.IMM.04) to the GAP Rx with the following differences:
(Note: These attributes may only be present when corresponding switch is on in Corp Admin Refer to FAAM.IMM.01).
Race from Immunization Info
Ethnicity
Next of Kin 
Registry Sharing  
Date VIS Given to Patient
Primar Care Provider fields (Required - Not based on corp admin setting)
System shall NOT associate‘Immunization Information Screen' data captured during original Immunization prescription for the following nd populate as per below:
Route - Default value based on process and NDC selected (Refer to FARx.IMM.04.10).
Dose number
System shall not carry forward the dose number from the original immunization Rx. 
Dose number shall be captured from COVID data entry prompts including when the COVID GAP is for multi-dose (e.g 1st & 2nd dose or 2nd dose & booster).
VIS Version date = Set as value configured for the Immunization type for the selected NDC (refer to FAAM.IMM.01).
NOT display the prompt for patient consent text selection.
Associate the Patient Preferred Text Indicator captured during original Immunization Rx data entry or check in to the GAP Rx (Refer to FARx.DE.01.3017, FARx.DE.01 Alt Flw 2).
If Patient preference is 'Yes' to accept a Digital Link via SMS then:
Use Mobile Phone number captured in the original Rx preferred text prompts.
Trigger a notification to Digital to send an SMS to the patient which includes the link to immunization intake consent form for each GAP Rx and for the original immunization request.. (Refer FAIN.RTL10).
If ’patient preference is 'No' and patient selected printed forms then:
Print the IMZ Intake Form (Refer to FARx.IMM.05).
Print configured VIS pdf  (Refer to FAAM.IMM.01).",No
,,
FARx.DE.01.2163,End Alternate Flow,No
Alternate Flow 25,Display Prompt to Capture Patient’s Text Preference,
Sr. No.,Action,Offline
FARx.DE.01.2201,"If the App options “Enable Enhanced Immunization/Device Workflow” (Refer to FAAM.AP.01b, Corporate Root # 1869) and “Enable R42 Immunization Workflow Enhancements” (Refer to FAAM.AP.01b, Corporate Root # 1922) are both set to Yes, then 
System shall display a new prompt to capture Patient preference for texting Patient Intake Consent form for an Immunization Rx that is a “Waiter” with Administration Type = “Walk In” for all below scenarios.
Data Entry is completed or an mmunization Rx that is a ""Waitr"" and has administration type ""Walk In"". Source of Rx is not in the below list.
Digital
POS
IVR
RpH Review Excetion sc“een i dispositioned as ""Approve As Is"". (Refer FARx.QA.10)
Edit is completed for the Immunization Rx that is a Waiter”and Administration Type ""Walk In"" and all below conditions are met. (Refer FARx.ET.01) 
Prompt has not been displayed for the Rx previously.
Rx status is not Sold or in Waiting Bin.
Check In is selected for a prescription on the Queue Pending Immunization Check In prompt and specified conditions have been met (Refer to FARx.IMM.11)",No
FARx.DE.01.2202,"During Data Entry, system shall display the new prompt for an Immunization Rx with Administration Type = Walk In when any of the below conditions are met.
Vaccine Review Exception dialog is not required to be displayed for the Rx. 
Vaccine Review Exception dialog i displayed and disositioned as ""Approve Fill As is"" by pharmacist. 
The new prompt is displayed immediately after Vaccine Review Exception is dispositioned even when Immunization information Screen is not displayed.
Refer Alternate Flow 19 for Vaccine Review Exception.
Credential processing that exists for Vaccine Review Exception dialog will be performed only once the patient text preference is captured. Refer Alternate Flow 19. 
The prompt is not displayed for below Immunization administratin types–
Dispense Only 
Offsite - Event (Vaccine Clinic Process is offsite event)",No
FARx.DE.01.2202,"The new prompt shall display the below information.
Title: Text Patient Intake Consent Form
Instructions 
If the patient wants to complete the intake consent form digitally, a link will be texted to their mobile number
If the patient does not wish to be texted, intake consent form will print after Data Entry or during immunization check-in 
Fields Refer DE.01.2205, 2206
Would Patient Like to be texted Consent Form?  
Mobile Phone
Help Text: Refer DE.01.2204
Navigation Options: Refer DE.01.2207",No
FARx.DE.01.2204,"On load of the form the below fields are editable with Help Text displayed as per below when focus is on each field.
Would Patient Like to be texted Consent Form?
Y-Yes
N-No 
Mobile Phone 
To text the patient a link to a digital intake consent form, select oof the options below:
Mobile Phone <(###) ###-####>
OR
Enter 10-digit Mobile number.",No
FAR.DE.01.–205,"Patient Consent
Yes - On selecting Yes, the focus moves o Mobil– Phone number field.
No - On selecting No, the focus moves to the navigation bar and Mobile Phone number field will be disabled.",No
FARx.DE.01.2206,"Mobile Phone Number
The field Mobile Phone number shall behave as follows.
The field shalbe disabled hen use’ selects ""N"" for Patient's text preference.
User shall be allowed to select a Mobile Pone number if present in Patient's Profile per help text or enter a new Mobile number.
New mobile number entered shall not be not saved in Patient Profile.
Format: Only 10 digit number shall be allowed t be entered. Example: (XXX) XXX - XXXX.",No
FARx.DE.01.2207,"Navigation Options:
System shall display the below nav options on the prompt.
Change Line (#): Focus moves to the line number entered.
Continue (Enter) : Refer DE.01.2208",No
FARx.DE.01.2208,"On selecting Continue on the prompt the system shall
System shall display error messages for below scenarios.
Mobile Nume is “required if user selects ""Y"" for Patient Text Preference.
A valid Mobile Phone Number is needed to send text message. 
Patient Text preference is not captured.
“Invalid Entry (Y/N)” 
If user slets “continueafter selecting ""No"" for patient's text preference, then 
No SMS is sent to Patient for Immunization Intake Form.
If user slecs “continue after selecting ""Yes"" and entering a Mobile Number then system shall 
Trigger a notification to Digital to send an SMS to the patient which includes the link to immunization intake consent form. (Refer FAIN.RTL.102)
Immunization consent form is not printed when Data Entry is complete as per DE.01.2166 and message is not displayed related to the Printed documents.
Close the message
Continue with next step based on initiation point",No
FARx.DE.01.2209,End Alternate Flow,
Alternate Flow 26,"Supervising Prescriber Regulatory Validations Dialog(s)

On completion of data entry, the system shall run regulatory validations",
Sr. No.,Action,Offline
FARx.DE.01.2301,This flow enters when the user selects prescriber option from new Rx.The user will be able to view the Supervising Prescriber Message with the below message on the Data Entry screen.,No
FARx.DE.01.2302,"The system shall display Validate documentation message as mentioned below
Pop Up Title: Validate Documentation
 Attribute/Information on the message: 
Instructions:
For eRx Scenario: The message will indicate the user to compare the Supervising Prescriber data on the prescription, with the attributes displayed on the message to comply with the state regulations and will also indicate the user to review at MD notes section.
For all other scenarios: The message will indicate the user to compare the Supervising Prescriber data on the prescription, with the attributes displayed on the message to comply with the state regulations.
Supervising Prescriber Information required on the prescription 
For eRx transaction only: Display the Supervising Prescriber attributes provided from prescriber on the eRx transaction, display only those attributes that is required on the prescription 
If a specific Supervising Prescriber attribute is required per configurations, but was not provided on the eRx transaction, the system shall indicate it uniquely on the screen.
Nav Options:
More Information (Refer to DE.01.2303) -  For eRx scenario More Information Nav Option is not displayed
Continue (refer to DE.0.2304)
–or eRx Transaction Only - The message does not cover the eRx data table (in the back) on the data entry screen
  The supervising prescriber message is not displayed more than once on the Data Entry screen, unless the prescriber is changed and it meets the trigger conditions to display the message. In the Capture / Capture & Print scenarios, the message could re-appear again if the Supervising Prescriber is not selected yet.",
FARx.DE.01.2303,"On selecting More information, the system displays Supervising Physician message with the below information.

Attribute/Information:
Supervising Prescriber Information required on the prescription (Controlled Vs. Legend/OTC)
Nav options: 
Continue
For Informational Scenario, refer to DE.01.2302 for next steps 
For Capture or Capture & Print scenario, refer to DE.01.2306 for next steps

For eRx scenario:  More Information Nav Option is not displayed",
FARx.DE.01.2304,"On selecting Continue option from the New Supervising Prescriber Message (For Informational Scenario), the system
Closes the message.
Allow the user to complete the next Data Entry field process (existing)",
FARx.DE.01.2305,"The system shall display supervising prescriber informational message as mentioned below
Title: Supervising Prescriber
Message Text:
A Supervising Prescriber must be documented on the Rx for the prescriber type selected. Prescriber outreach may be required to obtain this information.
Review the MD Note section if missing in the grid below.
Grid Titles:
Name 
Address
Phone Number
DEA
NPI
State License
Navigation Options 
                   Continue (Enter) –refer to DE.01.2304",No
FARx.DE.01.2306,"The system shall display supervising prescriber results with following details as mentioned below
Title: Supervising Prescriber Results
Message Text:
FeRx Transaction Only:
a) Display the Supervising Prescriber attributes provided from prescriber on the eRx transaction.(refer to FARx.PM.01.49)
Previous Supervising Prescriber details for the selected prescriber
Navigation options:
Select Line (existing navigation option refer to FARx.PM.01, alternate flow 4)
Search Prescriber (Display below attributes that the user can search by), this option shall allow the user to search and select the prescriber per existing functionality, with enhancements mentioned.
Last Name
First Name
Prescriber state
Phone Number
DEA
NPI
iv)Exit (refer to DE.01.2307)",No
FARx.DE.01.2307,"On selecting Exit option from the Supervising Physician Results/Search Selection Message, the system:
Closes the message
Display back the data entry screen from where the message is displayed.",No
Post Condition,Supervising physician validations are done and user returns to data entry screen,
Alternate Flow 27,Credit Card Information Validation,Credit Card Information Validation
Sr. No.,Action,Offline
FARx.DE.01.2308,"Credit Card Validation:
The system will check whether the typed in value entered  have any valid expression as given in FARx.DE.01.2309.
When system finds any typed in value had a valid expression, then it will show a error message as below: 
Error Message Box 
Message – Credit Card Information is not allowed to be saved in RxConnect. Access the “Card on File” application in SPARK to save this information
Navigation Option – Continue.
After selecting continue from Error Message Box, then system will remove the data from the text box.
Once the user re-enters data, the validation check will be re-executed.
If typed in value will not have any valid expression, then system will behave as existing.
If text field is Mandatory:
The system will keep on prompting to add valid information without any Credit Card Information. 
If text field is Optional:
Then user can skip it and move forward.",No
FARx.DE.01.2309,"Credit Card Valid Expressions:
The formats and special character combinations will be as follows:",No
Alternate Flow 28,DME Resupply Questionnaire Prompt,
Sr. No.,Action,Offline
FARx.DE.01.2853,"When the user selects ‘continue’ from New Rx Data Entry Screen, the system shall evaluate the following;
If value of Patient Initiated Resupply Questionnaire is set as Enabled (Refer to FAAM.AP.01b Regulatory Root #1829).
DME Resupply Questionnaire responses has not been provided for Rx fill.
The system shall prompt new DME Resupply Questionnaire dialog after below validation is performed:
If DME Resupply Questionnaire is required. (refer to FARx.DME.04.01)
If the above conditions are not met, the user shall continue with Rx fill workflow (Refer to FARx.DE.01.45 to 47).",No
FARx.DE.01.2854,"The system shall not redisplay the DME Resupply Questionnaire dialog, if either of the following conditions exists:
If all required DME Resupply Questionnaire dialog questions have been answered for that script fill and the user selects ‘continue’.
If the user has selected ‘Patient Not Present’ from DME Questionnaire dialog when an automated message is sent to the patient.
AND
The Drug name and / or the Third Party remains the same for the original DME Resupply Questionnaire.",No
FARx.DE.01.2855,End of Alternate Flow.,
Alternate Flow 29,Identify Next Immunization Dose in RxConnect Backup flow,Identify Next Immunization Dose in RxConnect Backup flow
Sr. No.,Action,Offline
FARx.DE.01.2887,"System validates if the current administered dose is age dependent (refer to FAAM.IMM.01.411) when the below cnditions are met:
Master Swtch ""EnableR62IMZ Enhancements"" is set to 'Yes"" (Refer to FAAM.AP.01b Crp Option #2250)
The App Opion 'EnableR60IMZ Enhancements' is set to 'Yes' (Refer to FAAM.AP.01b Cop Option #2226)
The App Option, 'Enable Auto Sceduling of Next Dose Appointment' for the IMZ Type is Enabled/Checked (Refer to FAAM.IMM.01.04)
If the above conditions are met, continue to FARx.DE.01.2888
Note: System shall follow the existing process (Refer to FARx.DE.01.2856) if the above conditions are not met.",No
FARx.DE.01.888,"System checks if he patient's age falls wthin a 'Doses Reqd by Age Config'
If yes, then system checks if the NDC for the administered doseis a multi-dose vaccin series ('Total # Doses Reqire' config for NDC i > 1)
If 'ES""  thenchecks the '# of Doses' or the 'Doses Reqd by Age Config' where the Patient age falls within the min/max age range for that IMZ Type and system behaves as follows:  
If current dose # = Max dose value for the NDC (i.e. the administered dose is the last dose of the multi-dose vaccination), then the system does not prompt to schedule the next dose and continue with next step in existing workflow (Refer to FARx.PD.04) 
If current dose # < Max dose value for the NDC, the system performs the following: 
Next dose = current dose + 1 
Check for a Future Appointment for the same IMZ Type that was just administered as the next dose using Min/Max Interval between Doses (refer to FAAM.IMM.01.402) and max  # of doses by Age (refer to FAAM.IMM.01.34)  associated with theAge Range containing the patient's age  (FARx.DE.01.2859) 
Continue per existng process to display Availble 'Appointment Dates and Times' for user selection
If the IMZ Type Dose administere is not Age Dependent or patint's age does not fall wthin a 'Doses Reqd by Age Config', continue per existing workflow (refer to FARx.DE.01.2856)",No
FARx.DE.01.2856,"The system checks the following to determine if the NDC for the administered doseis a multi-dose vaccin series ('Total # Doses Required' config for NDC is > 1):
If current dose # = Max dose value for the NDC (i.e. the administered dose is the last dose of the multi-dose vaccination) (refer to FARx.DE.01.2857)
If current dose < Max dose value for the NDC (i.e. the administered dose is the last dose of the multi-dose vaccination) (refer to FARx.DE.01.2858)",No
FARx.DE.01.2857,The system does not prompt to schedule the next dose and continue with next step in existing workflow (Refer to FARx.PD.04),No
FARx.DE.01.2858,"The system performs the following: 
Set Next dose = current dose + 1
Check for Future Appointment for the same IMZ Type that was just administered as the next dose (refer to FARx.DE.01.2859)
NOTES:
*There are several ways to initiate RxC Backup flow for Immunization Administration
User select Non-Verified Rx from QV and selected to complete the administration in RxC Backup flow
User select Verified Rx from QV changes the Yes to No question whether to complete the administration in Ironman to use RxC Backup flow
User may select to complete the administration in Ironman but then did not complete it in allotted time in Ironman and was then chooses to use RxC Backup flow
User may perform check-in and of a past due/missed/suspended appointment and choose to complete the administration process using the RxC Backup flow (note: administration of the IMZ may have already occurred and administration is just to complete the process, IMZ can be administered that day or rescheduled for future date.)",No
FARx.DE.01.2859,"The system checks whether any Future appointments are already scheduled for that IMZ type (The system determined that the NDC is a multi-dose vaccine series eligible for Automated Next Dose scheduling – refer to FARx.DE.01.2856):
If no future appointments are present, refer to FARx.DE.01.2860
If only one future appointments exists, refer to FARx.DE.01.2861
If more than one future appointments exists, refer to FARx.DE.01.2862",No
FARx.DE.01.2860,"If no future appointments are already scheduled in RxConnect,
System displays a message indicating that they will now be directed to schedule the next dose of a multi-dose series.
pn continue (Navigation option 'C'), the system displays the Appointment Date dialog for the user to schedule the next dose (refer to FARx.DE.01.2864).",No
FARx.DE.01.2864,"Upon selecting to Continue from the System message about the user being directed to schedule the next dose of a multi-dose series, System shall perform the below:
A request is sent to Digital for Appointment dates and times (refer to FAIN.RTL.114) with the range of Appointment dates requested based on: 
System will apply Immunization from the current IMZ Rx being administered to determine range of appointment dates 
NDC of Immunization for Minimum days between doses configuration (refer to FARx.DE.01.2856)
Dose # calculated for Next Dose scheduling (refer to FARx.DE.01.2856)
Set Start Date = Fill Date of current IMZ + Min Days between Doses config (refer to FARx.DE.01.2857) for the NDC and Dose # (the next dose # which was determined in Vaccine Administration) (Refer to FARx.DE.01.2859)
Set End Date = Add 21 days (hard coded value) to the Start Date to identify the maximum range of available Appointment dates to be returned to RxC.(Refer to FAAM.IMM.01) 
For example, if Min days between doses = 14, then add 21 days (hard coded) to request 21 days of possible Appointment days beginning 14 days after he Fill date 
Display Available 'Appointment Dates and Times for user to select the schedule date/time (Refer to FARx.DE.01.2868, FARx.DE.01.2869, FARx.DE.01.2870)
Dialogs will display on top of Accuracy Scan Screen for drug just administered.
After the Schedule Date/Time has been selected the system determines whether to display additional prompts 
If a Cell hone is not populated in Patient's profile OR a Cell Phone is populated but patient is not TCPA Consented then, 
System displays prompts for patient acceptance to receive text notifications about the IMZ appointment (Refer to FARx.DE.01.2871, FARx.DE.01.2872)
At the end of the above prompts (then #2 & #3) the system will prompt for credentials (Or auto-credential if configuration is enabled)
If patient profile cell phone update was requested apply these credentials to the patient profile update.  
If any future appointments are cancelled or rescheduled during NDS eligibility checks then apply these credentials to the cancel/reschedules (Refer to FARx.DE.01.2859)
Perform procss to sysematically create new 'Next Dose'Scheduled IZ Rx using Source = ""InStore-NDS"" (Refer to FARx.DE.01.2873)",No
FARx.DE.01.2873,"When user has completed Next Dose Scheduling data entry in RxC Backup Flow (Next Dose scheduling is allowed for IMZ Type), the system will:
Submit  the Automated Next Dose scheduled IMZ Rx to be created systematically following existing processes  (Refer to FARx.IMM.13) except differences noted here:
Evaluate the source of the registration (Refer to FARx.MM.13.80)  
New Source value of ""InStore-NDS"" will be utilized to identiy all systematic prcessing for 'Automated Next Dose' scheduled IMZ Rx
Perform Auto-population of prescription per existing (Refer to FARx.IMM.13.03) with follwing differeces when source is "" InStore-NDS"":
(#1) Drug (Refer to FARx.IMM.13.60)
Set NDC = the same NDC from the current vaccine administration which triggers the Next Dose scheduling (Refer to FARx.IMM.2856, FARx.IMM.2859) 
(#15) Promise Date/Time
Set promise Date/Time based on Appointent Date nd Time chosen during 'Next Dose' Scheduling process (Refer to FARx.IMM.2864)
(#18) Facility ID 
Use Facility (Store) where current Immunization Rx is being administered to patient (Refer to FARx.IMM.2864)
(#21) Dose Number  (Refer to FARx.IMM.13.63)  
Set as Dose # received from Automated Next Dose scheduling process  (Refer to FARx.IMM.2856, FARx.IMM.2864)
(#25) RPCC Indicator 
Leave as blank 
Associate the following to the prescription fill (Refer to FARx.IMM.13.17) when source is ‘InStore-NDS’ 
Source of initiation of the prescription fill reuest
Set as ew Source value of "" InStore-NDS""
Set VIS Version date = Set as value configured for the Immunization type for the selected NDC (as per existing)
Set the Administration Type as ‘Walk In’ 
Associate additional IMZ data to the prescription when source is ‘InStore-NDS’  (Refer to FARx.IMM.13.17)
Asociate ‘Immunization Information' data captured during the current vaccine administration which triggers the Next Dose scheduling (Refer to FARx.DE.01.566, FARx.IMM.04)
Will NOT asociate ‘Immunization Information' data captured during the current vaccine administration which triggers the Next Dose scheduling for the followig and populate per below:
Route - Default value based on existing process and NDC selected (Refe to FARx.IMM.04.10)
Dose number - Set Next Dose # received from Automated Next Dosescheduling process (as per THEN - 1.b.iv above)
Send notification to Digital of new appointment (Refer to FAIN.RTL.116) per existing but with below changes:
If user manually entered cell phone on Text notification/Assign primary phone prompts use the manually entered cell phone (Refer to FARx.IMM.2871 ARx.IMM.2872) AND Set TCPA as 'Y'
Otherwise Patient profile cel phone number will be utilized - Only included if Patient TCPA = Y and Cell number is on file on Patient Profile (per existing)",
FARx.DE.01.2861,"If only one future appointments exists (refer to FARx.DE.01.2859), the system checks the dose number on the appointment to see if it matches the dose number the patient needs to schedule: 
If dose numbers match, then the system checks whether the scheduled appointment is outside of the minimal interval: 
If the future appointment date exceeds the minimum interval (i.e. the future appointment date is greater than the Fill Date date (day 0) + Min Days between doses value for the NDC), then check NDC of future appointment:
If NDC matches the NDC of just administered IMZ Rx, no action is required.
If NDC does not match NDC of the just administered IMZ Rx, then update the NDC on future appointment with th just administered DC
Exit the 'Automated Next dose' eligibility and return to the next step (per existing flow)
If the future appointment date is less than the minimum interval (i.e. the future appointment date is less than the Fill Date date (day 0) + Min Days between doses value), then the future appointment is rescheduled by:
System deletes/cancels the exsting Rx andappointment as per 'Rescheduling' process and sends notifications to Digital of cancel per existing processes (Note: Digital determines what notifications are sent to patient) (Refer to FARx.DE.01.2862, FARx.IMM.20, FARx.DEL.01.1150-1154, 1170-1172)
System displays a message indicating that they will now be directed to schedule the next dose of a multi-dose series.
Upon continue, the system displays the Appointment Date dialog for the user to schedule the next dose per Next Dose Functionality.
If dose numbers do not match (i.e. the dose number of a future appointment does not match the dose trying to be scheduled) then the future appointment is rescheduled by:
System deletes/cancels the existing Rx appointment and send notifications of cancel per existing processes (Refer to FARx.DEL.01.1150-1154, 1170-1172)
System displays a message indicating that they will now be directed to schedule the next dose of a multi-dose series.
Upon continue, the system displays the Appointment Date dialog for the user to schedule the next dose per Next Dose Functionality(Refer to FARx.DEL.DE.01.2864).",No
FARx.DE.01.2862,"If more than one future appointment exists (refer to FARx.DE.01.2859), the system checks the dose number on each appointment to see if it matches the dose number the patient needs to schedule:
If the dose number matches on only one the appointments then the system checks whether the scheduled appointment is outside of the minimal interval: 
If the future appointment date exceeds the minimum interval (i.e. the future appointment date is greater than the Fill Date date (day 0) + Min Days between doses value for the NDC), then check NDC of future appointment:
If NDC matches the NDC of just administered IMZ Rx, no action is performed
If NDC does not match NDC of the just administered IMZ Rx, then the NDC on future appointment with the will be updated with the just administered NDC
System deletes/cancels the remaining Rx appointments and send notifications of cancel per existing processes (Refer to FARx.DEL.0.1150-115, 1170-1172)
Exit the 'Next dose' eligibility and return to the next step (per existing flow)
If the future appointment date is less than the minimum interval (i.e. the future appointment date is less than the Fill Date (day 0) + Min Days between doses value), then the future appointment is rescheduled by:
System deletes/cancels the exsting Rx andappointment as per 'Rescheduling' process and sends notifications to Digital of cancel per existing processes (Note: Digital determines what notifications are sent to patient)  (Refer to FARx.DE.01.2862, FARx.IMM.20, FARx.DEL.01.1150-1154, 1170-1172)
System displays a message indicating that they will now be directed to schedule the next dose of a multi-dose series.
Upon continue, the system displays the Appointment Date dialog for the user to schedule the next dose per Next Dose Functionality.
If the dose number does not match any of the appointments OR the dose numbers matches on more than one appointment then the system  
System deletes/cancels the existing Rx appointments and send notifications of cancel per existing processes (Refer to FARx.DEL.01.1150-1154, 1170-1172)
System displays a message indicating that they will now be directed to schedule the next dose of a multi-dose series.
Upon continue, the system displays the Appointment Date dialog for the user to schedule the next dose per Next Dose Functionality.
NOTES:
Fill Date is used for checking if Future appointment is within Min Days between doses,  If administration is not completed same day as immunization given, pharmacist has ability to either 1) keep Fill Date as is or 2) Change to current date.   If changed to current (when dose was previously administered) this may result in min Days between dose check and next dose scheduling logic would be inaccurate.  This would be edge case scenario to be corrected manually
There are several ways to initiate RxC Backup flow for Immunization Administration
User select Non-Verified Rx from QV and selected to complete the administration in RxC Backup flow
User select Verified Rx from QV changes the Yes to No question whether to complete the administration in Ironman to use RxC Backup flow
User may select to complete the administration in Ironman but then did not complete it in allotted time in Ironman and was then chooses to use RxC Backup flow
User may perform check-in and of a past due/missed/suspended appointment and choose to complete the administration process using the RxC Backup flow (note: administration of the IMZ may have already occurred and administration is just to complete the process, IMZ can be administered that day or rescheduled for future date.",No
FARx.DE.01.2863,End of Alternate Flow.,
Alternate Flow 30,Enhance Manual Data entry of future scheduled IMZ Rx & GAPS,Enhance Manual Data entry of future scheduled IMZ Rx & GAPS
Sr. No.,Action,Offline
FARx.DE.01.2879,"When the user selects to Schdle IMZ from New Rx Data Entry '' NAV option
If the App Opton, 'EnableR60IMZ Enhancements' is set to 'Yes' (Refer to FAAM.AP.01b corp option # 2226) and
Rx is for a multi-dose vaccine series 
The system performs the following:

For a Non-COVID, Non-Clinic workflow, refer to FARx.DE.01.2865
For a COVID, Non-Clinic workflow, refer to FARx.DE.01.2866",No
FARx.DE.01.2880,"Non-COVID, Non-Clinic Workflow
Send request to Digital for Appointment dates and times (FAIN.RTL.114) with the range of Appointment dates requested is based on: 

Start Date = Current Date  
End Date = Add 21 days (hard coded value) to the Start Date  (Replaces prior logic of Max Days +7, Refer to FARx.DE.01.3020

System will dsplayAvailable 'AvailableDates' and 'Available Time Slots' for the user to select a schedule date/time (Refer to FARx.DE.01.2868, FARx.DE.01.2869, FARx.DE.01.2870) 
Once user has selected a Schedule Date Time system will perform the following checks

If either Cell Phone is not populated in Patient profile OR Cell Phone is populated but patient is not TCPA Consented

System displays prompts for patient acceptance to receive SMS notifications about the IMZ appointment (Refer to FARx.DE.01.2871, FARx.DE.01.2872)
When user completes data entry and selects Continue(enter) to create the New IMZ Rx, then the system performs the following (Refer to FARx.DE.01) :

When system prompts for Immunization Information screen data entry:

System will calculate the Dose number using existing IMZ history records (refer to FARx.IMM.04.250)
Create New Scheduled IMZ Rx in suspended status per existing (refer to FARx.DE.01) 
Send notification to Digital of new appointment (refer to FAIN.RTL.116) per existing but with below changes:

If user manually entered cell phone on Text notification/Assign primary phone prompts use the manually entered cell phone (refer to FARx.DE.01.2871, Ax.DE.01.2872) AND Set TCPA as 'Y'
Otherwise use Ptient profile cell phone number - Only included if Patient TCPA = Y and Cell number is on file on Patient Profile (per existing)
Upon Completing IMZ Rx, perform process to create any accepted GAPs using the IMZ information from the just created IMZ Rx (Per existing, Refer to FARx.DE.01 (Covid) or FARx.IMM.13 (Non-Covid))   

If GAP is for a future scheduled appointment then complete processing to create the Rx in workflow as suspended (per existing FARx.IMM.13)
If GAP Appointment/Promise Date/Time is for current date, create New Rx and continue on to induct the Rx into the workflow (per existing FARx.IMM.18)

Note: 

When each non-Covid, Non-NDS IMZ or IMZ GAP Rx is inducted into workflow on date of appointment, system will apply new Dose # Calculation logic and may override initial dose number set at Rx creation (Refer to FARx.IMM.18, FARx.IMM.04.251)",No
FARx.DE.01.2881,"COVID, Non-Clinic Workflow
When user selects to Schdle IMZ from New Rx Data Entry 'S' NAV option 
Send request to Digital for Appointment dates and times (FAIN.RTL.114) with the range of Appointment dates requested is based on: 

Start Date = Calculated per existing 
End Date = Add 21 days (hard coded value) to the Start Date  (Replaces prior logic of Max Days +7, Refer to FARx.DE.01.019 & .3024)

DsplayAvailable 'AvailableDates' and 'Available Time Slots' for user to select the schedule date/time (Refer to FARx.DE.01.2868, FARx.DE.01.2869) 
Once user has selected a Schedule Date Time system will perform the following checks

If either Cell Phone is not populated in Patient profile OR Cell Phone is populated but patient is not TCPA Consented

System displays prompts for patient acceptance to receive SMS notifications about the IMZ appointment (Refer to FARx.DE.01.2871, FARx.DE.01.2872)
When user selects continue(enter) system creates New Scheduled IMZ Rx in suspended status per existing
Send notification to Digital of new appointment (Refer to FAIN.RTL.116) per existing but with below changes:

If user manually entered cell phone on Text notification/Assign primary phone prompts use the manually entered cell phone (Refer to FARx.DE.01.2871, Ax.DE.01.2872) AND Set TCPA as 'Y'
Otherwise use Ptient profile cell phone number - Only included if Patient TCPA = Y and Cell number is on file on Patient Profile (per existing)
If User selected to start COVID vaccination series (i.e. Dose 1 and Dose 2) then:
When performing Schedule Dose 2, process per existing (Refer to FARx.DE.01.3019) but with the following changes when sending a request to Digital to get available dates and time slots for appointments (Refer to FAIN.RTL.114)
Start Date = [Dose 1 schedule date + Days between doses -Min configuration for the NDC (per existing)]
End Date = Add 21 days (hard coded value) to the Start Date  (This replaces prior logic of Max Days +7, Refer to FARx.DE.01.3019)
Upon Completing IMZ Rx, perform process to create any accepted GAPs using the IMZ information from the just created Covid Dose IMZ Rx (Per existing, Refer to FARx.DE.01 (Covid) or FARx.IMM.13 (Covid))   

If GAP is for a future scheduled appointment then complete processing to create the Rx in workflow as suspended (per existing FARx.IMM.13)
If GAP Appointment/Promise Date/Time is for current date, create New Rx and continue on to induct the Rx into the workflow (per existing FARx.IMM.18)",No
FARx.DE.01.2876,"When user selects a date that is too soon in the interval to schedule the Next Dose for an IMZ 
The system displays a Message informing the user that the patient is not elgible for te nextdose until  'Future Date' 
The 'Future Date' will be calculated by Fill Date of current IMZ + Min Days between Doses config (Refer to FAAM.IMM.01.400) for the NDC and Dose # (the next dose # which was determined in Vaccin dministration)
The NAV option 'C' will redirect the user to the Date field of the Schedule Next Dose dialog to choose another date (Refer to FARx.DE.01.2868)",NO
FARx.DE.01.2855,End of Alternate Flow.,
Alternate Flow 31,View New Text Patint Appointment Reminders Dialog - Manual Data Entry,View New Text Patint Appointment Reminders Dialog - Manual Data Entry
Sr. No.,Action,Offline
FARx.DE.01.2882,"After completion of Appointment Date/Time selection (Refer to FARx.DE.01.2881, FARx.DE.01.2880, FARx.DE.01.284), the system prompts the new 'Txt Patient Appointment Reminders' dialog and displays thefollowing functionality:
Title: 'Txt Patient Appointment Reminders'
nstructional Text Box 
Field #1 - Question 
The system asks the patient if they would like to receive text messages about upcoming appointment
The system displays Help Text with Y-Yes/N-No options 
The system allows the user to select a Yes/No value
The system allows the user to change/update the value after selection
The user must make a selection before movng on to the next step
Field #2 - Mbie Phone 
If the user selects 'No' as an answer to the previous question, the field is greyed-out (not-editable) and the focus is moved totheNav bar
If the user selects 'Yes' as answer to the previous question, the field becomes editable and then:
The system displays a Dynamic Help Text based on whether mobile phone number is available on patient profile or not with instructions to captr one of the following:
Select '1' to choose Mobile Phone Number (only displays if mobile phone is present on the Patient profile)
Enter a 10-digit Mobile Number (Valid numeric phone number)
Upon selection of Mobile phone option, the Phone number is populated and the focus is moved to the Nav bar
The user must make a selection or enter a phone number before moving on to the next step
Naigation Options
Change Line (#) - places cursor on line to allow Userto change selection of Field#1 - Question
Continue/Complete - (see #2. Continue/Complete Scenarios below)
Continue/Complete Scenarios:
 If Field #1 = N OR  Field #1 = Y and the manually entered phone number is the same as the phone number on the patient profile
The system closes the dialog and the returns to the next step in the Data Entry flow 
If Field #1 = Y and the manually entered phone number is different than the phone number on the patient profile (including if there is no phone number on the profie) then the system displaysthe 'Assign Primary Phone Number' dialog (Refer to FARx.DE.01.2872)",No
FARx.DE.01.2883,End of Alternate Flow.,
Alternate Flow 32,Schedule and Create IMZ GAP Rx from PCC,Schedule and Create IMZ GAP Rx from PCC
Sr. No.,Action,Offline
FARx.DE.01.2884,"When RxC receives the GAP Scheduling request and the following critria are met:
If the App Opton, 'EnableR60IMZ Enhancements' is set to 'Yes' (Refer to FAAM.AP.01b Corp option # 2226) and
PCC sends IMZ GAP Scheduling Request (for COVID/Non-COVID within Non-Clinic workflow) to RxC with one or more GAPs

The system performs the following:
The system checks to determine if any IMZ GAPs are COVID:
If any of the received IMZ GAPs are determined as COVID, the system will auto-populate the New Rx Data Entry screen with the COVID IMZ GAP
For Example:  If there are a total 3 IMZ GAPs:  1 COVID and 2 non-COVID, the system will auto-populate the New Rx Data Entry screen with the COVID GAP with priority before the non-COVID GAPs
The system auto-populates the IMZ prescription data attributes (in the background) on the New Rx Data Entry screen with the data received from the selected IMZ GAP:  
Drug – Refer to FARx.IMM.13 Alt. Flow 2
DAW
Set it to “0 – NO PRODUCT SELECTION INDICATED”
Rx Origin Code
Set it to “5 = Transfer/Pharmacy Dispensing”
SIG
Set it to “PHARMACY ADMINISTERED”
Prescribed Quantity
If NDC has been identified (per FARx.IMM.13 Alternate Flow 2) set to the configured numeric Package Size value of the identified NDC (Refer to FAAM.IMM.01)
For all other scenarios, set it to “1”
Refill Quantity
Set it to “0”
Refills Prescribed
Set it to “0”
Dispensed Quantity
If NDC has been identified (per FARx.IMM.13 Alternate Flow 2) set to the configured numeric Package Size value of the identified NDC (Refer to FAAM.IMM.01)
For all other scenarios, set it to “1”
Days Supply
Set it to “1”
Prescriber
Use existing logic for auto-population
Third Party
The system shall populate with any third party information from the Patient Profile (refer to FARx.DE.01.31)
Rx Date Written
Current Date (date the Rx is being created)
Rx Expires On
The system shall populate based on FARx.DE.01.68
Number in Order
Set it to “1”
Promise Date/Time shall be set per IMM.13.04
Written Product
Same as Drug field
Dispensed Product
Same as Drug field
Set Facility ID
Same store the PCC IMZ GAP Request initiated from
If any Data Entry field validation failure, the system will put the focus on the New Rx Data Entry field per existing behavior
Upon selecting Continue, the system performs existing validation checks
If no failures, system will process next step #4 below (will open schedule dialog) 
If schedule date dialog could not be displayed due to an exception (for ex:- same day appointments or user selected exit), promise date and time shall be utilized to create an Rx and proceed with the schedule date workflow.
Send request to Digital for Appointment dates and times per existing (FAIN.RTL.114) with the range of Appointment dates requested is based on: 
Start Date = Fill Date of current IMZ Rx
End Date = Add 21 days (hard coded value) to he Start Date
Display Availble 'Appointment Dates and Times' for user to select the desired date/time (Refer to FARx.DE.01.2868, FARx.DE.01.2869, FARx.DE.01.2870)
Screen will display on top of New Prescription screen (with data fields populated as per current IMZ Rx being administered)
After the Schedule Date/Time has been selected, the system determines whether to display additional prompts: 
If a Cell hone is not populated in Patient's profile OR a Cell Phone is populated but patient is not TCPA Consented then:
System displays prompts for patient acceptance to receive SMS notifications about the IMZ appointment (Refer to FARx.DE.01.2871, FARx.DE.01.2872)
Otherwise, go to #7 below.
Display all existing applicable messages/prompts:
COVID Dose Question (for COVID)
Text Patient Intake Consent Form
Immunizaion Information (for Non-COVID) - refer to FARx.IMM.04
At the end of the above prompts (THEN #5, #6, & #7 above), the system prompts for credentials (Or auto-credential if configuration is enabled)
If patient profile cell phone update was requested, apply these credentials to the patient profile update.  
Create the IMZ GAP Rx with selected appointment date/time and place in the workflow in suspended status
If the appointment date/tim is the current date (i.e. Today's Date), then the IMZ GAP Rx is inducted into the workflow per existing (refer to FARx.IMM.18)
The sytemsets/captures the source as 'PCC'
Send notification to Digital of new appointment (Refer to FAIN.RTL.116) per existing but with below changes:
If user manually entered cell phone on Text notification/Assign primary phone prompts use the manually entered cell phone (Refer to FARx.DE.01.2871, Ax.DE.01.2872) AND Set TCPA as 'Y'
Otherwise, use Ptient profile cell phone number - Only included if Patient TCPA = Y and Cell number is on file on Patient Profile (per existing)
For any additional IMZ GAPs received, the system (systematically) creates the GAP Rx with the same appointment date/time and places in the workflow in suspended status (refer to FARx.DE.01.2885)
If the appointment date/tim is the current date (i.e. Today's Date), then the IMZ GAP Rx is inducted into the workflow (refer to FARx.IMM.18)
Toggle Back to PCC
Scenario:  If user selects xit from this Flow at anypoint - Returs User to PCC and 'Not Scheduled' disposition is sent back to PCC (i.e. GAP still open)
After all IMZ GAP Rxs are created, thesystem seds the disposition of 'Scheduled' for each IMZ GAP back to PCC",No
FARx.DE.01.2885,"For any additional IMZ GAPs received, the system (systematically) creates the GAP Rx with the same appointment date/time as the initial IMZ GAP Rx and places them in the workflow in suspended status:
The system updates the Drug NDC (refer to FARx.IMM.13)
The system sets the Dose # to 1
The system associates the additional IMZ data (from IMZ Information Screen > refer to FARx.DE.01.565, FRx.IMM.04)
Associate the Patient's preference for the SMS Text consent form (refer to FARx.DE.01 Alt. Flow 25)
Send notification to Digital of new appointment (Refer to FAIN.RTL.116) per existing but with below changes:
If user manually entered cell phone on Text notification/Assign primary phone prompts use the manually entered cell phone (Refer to FARx.DE.01.2871, Ax.DE.01.2872) AND Set TCPA as 'Y'
Otherwise will only use Ptient profile cell phone number - Only included if Patient TCPA = Y and Cell number is on file on Patient Profile (per existing)
The sytemsets/captures the source as 'PCC'
If the appointment date/tim is the current date (i.e. Today's Date), then the IMZ GAP Rx is inducted into the workflow (rfer to FARx.IMM.18)
NOTE:  If it's a multi-dose IMZ GAP Rx (refer to FARx.IMM.04.251 for more information about the Dose # calculation)",
FARx.DE.01.2886,End of Alternate Flow.,
Alternate Flow 33,View Immunization QT Item -> Data Entry,View Immunization QT Item -> Data Entry
Sr. No.,Action,Offline
FARx.DE.01.3580,"When the following conditions are true:
Applicable to digital source ONLY.
Applicable to all IMZ Types.
IMZ QT work item has been created due to product can not be selected (Refer to FARx.IMM.03 Alternate Flow 10).
User otinues rom QT line item type- ""New Rx - Immunization Request"" and system displays Data entry screen.

Then the system will:
The system shall identify all the NDCs from [Immunization Maintenance -> NDC maintenance tab) (Refer FAAM.IMM.01) with Assign answers that match with the assign answer associated with the request received from digital.
Compare manually entered drug/NDC with above identified NDCs.
If matching NDC found, the system shall proceed with manually entered NDC.
If NDC does not match, the system shall display following dialog box as defined in UI mockup.
Title: Product Confirmation.
Informative message indicating selected NDC does not match with product chosen by patient.
Navigation option:
Scan/Enter Credentials to Continue.
Upon selection prompts for credentials (Auto credentialing shall not be applicable).
Once valid credential is captured, continue with new NDC selected.
Change to Preferred:
Upon selection, close the dialog box.
Return focus to drug field and display previously pre-populated NDC / product name.

NOTE:
Corp admin setup [Immunization Maintenance ->NDC Maintenance tab (Refer to FAAM.IMM.01)].",No
